steam_appid,name,bucket,reason,release_date,owners,steam_reviews,hltb_page_without_times,top_tags
346750,Merchant,endless,dominant online/idle tags,2018-10-08,6,572,False,"Free to Play, RPG, Simulation, Pixel Graphics, Casual"
303720,#KILLALLZOMBIES,endless,dominant online/idle tags,2016-08-10,4,309,True,"Action, Indie, Twin Stick Shooter, Co-op, Shooter"
2258480,Gunforged,endless,dominant online/idle tags,2025-02-17,4,56,False,"Action, Action Roguelike, Roguelike, Shooter, Arena Shooter"
2372170,NIDUS,endless,dominant online/idle tags,2024-02-19,2,209,False,"Psychedelic, Bullet Hell, Arcade, Twin Stick Shooter, Score Attack"
1218940,ETERNAL BLOOD,endless,dominant online/idle tags,2021-02-18,2,105,False,"Arena Shooter, First-Person, Action, Perma Death, Arcade"
1678150,World of Shooting,endless,dominant online/idle tags,2024-02-19,1,790,True,"FPS, Sports, Sandbox, Military, Sniper"
317110,Uncharted Waters Online: Age of Revolution,endless,dominant online/idle tags,,1,611,True,"Free to Play, RPG, Massively Multiplayer, Adventure, Anime"
513440,Path of War,endless,decisive-tags,2016-09-12,1,191,True,"Free to Play, Strategy, Massively Multiplayer, Indie, Multiplayer"
665120,Jetman Go,endless,dominant online/idle tags,2017-09-29,1,175,True,"Action, Casual, Indie, FPS, Multiplayer"
2673310,Gacha Fever,endless,dominant online/idle tags,2024-07-02,1,136,False,"Arena Shooter, Rogue-lite, Top-Down Shooter, Cute, Survival"
2093800,METAL SUITS: Counter-attack,endless,dominant online/idle tags,2025-02-12,1,122,True,"2D Platformer, Action, Side Scroller, Platformer, Hero Shooter"
1471700,Minicology,endless,dominant online/idle tags,2024-04-25,1,65,False,"Simulation, Space Sim, Aliens, Open World Survival Craft, Sandbox"
3480790,Reverie in the Moonlight,endless,dominant online/idle tags,2025-11-09,1,57,False,"Roguelike, Action, Arena Shooter, Roguelite, Cute"
512540,ARK: Scorched Earth - Expansion Pack,endless,dominant online/idle tags,2016-09-01,0,4597,False,"Survival, Adventure, Open World, Dinosaurs, Massively Multiplayer"
4433900,DRAGON BALL: Sparking! ZERO - Super Limit-Breaking NEO,endless,dominant online/idle tags,2026-07-29,0,320,False,"Anime, Action, Multiplayer, Fighting, 3D Fighter"
3594460,WARNO - LANDJUT,endless,dominant online/idle tags,2026-04-16,0,138,False,"Wargame, Military, Real Time Tactics, Strategy, RTS"
1964260,Void Prison,endless,dominant online/idle tags,2022-05-19,0,99,True,"Arcade, Bullet Hell, Twin Stick Shooter, Shooter, Action"
437100,My Night Job,endless,dominant online/idle tags,2016-04-21,0,97,True,"Survival Horror, Pixel Graphics, 1980s, Action, Indie"
3951490,Crowns of History,endless,dominant online/idle tags,2026-03-16,0,93,False,"Roguelike, Strategy, Base Building, RTS, Tower Defense"
1638100,​Cubeetle - Game of creation,endless,dominant online/idle tags,2021-06-12,0,29,False,"Action, Adventure, Software, Action-Adventure, Shooter"
2740040,New ZhaoYun,endless,dominant online/idle tags,2024-01-15,0,22,False,"Casual, Adventure, Action, Simulation, Strategy"
3628070,XFlight: FPV Drone Simulator,endless,dominant online/idle tags,2025-05-12,0,8,False,"Sports, Simulation, Racing, Utilities, Platformer"
1796470,Haste,new,released 17 months ago,2025-04-01,67,13887,False,"Fast-Paced, Action, 3D Platformer, Female Protagonist, Parkour"
1857950,VEIN,new,released 11 months ago,2025-10-24,18,11035,True,"Survival, Open World, Zombies, Base Building, Multiplayer"
431600,Automobilista,new,early access,2016-08-24,16,2432,False,"Racing, Simulation, Automobile Sim, Sports, Multiplayer"
1413020,Superfly,new,early access,2022-06-17,9,596,False,"Action, VR, Open World, Combat, Physics"
787040,Perfect Heist,new,early access,2018-08-17,9,500,False,"Multiplayer, Action, Heist, Indie, Strategy"
282560,RollerCoaster Tycoon World™,new,early access,2016-11-16,8,5791,False,"Simulation, Building, Management, Strategy, Sandbox"
936720,Wrench,new,early access,2018-12-19,7,1626,False,"Building, Automobile Sim, Realistic, Simulation, Immersive Sim"
3039910,Demon Hunt,new,released 14 months ago,2025-07-30,5,454,False,"Bullet Heaven, Action Roguelike, Bullet Hell, Roguelite, Casual"
1221480,Big Hops Together,new,released 8 months ago,2026-01-12,5,442,False,"Casual, Parkour, Cute, Adventure, Platformer"
2208570,Dark Hours,new,released 11 months ago,2025-10-23,4,2477,True,"Horror, Online Co-Op, Multiplayer, Heist, Co-op"
4128400,eBaseball™: PRO SPIRIT,new,released 6 months ago,2026-03-04,4,1462,True,"Action, Sports, Baseball, eSports, PvP"
280440,M.A.V.,new,early access,,4,191,False,"Early Access, Action, Indie, Mechs, Multiplayer"
417730,Shakedown Racing,new,early access,,4,39,True,"Early Access, Racing, Indie, Simulation, Sports"
590830,s&box,new,released 5 months ago,2026-04-27,3,5034,True,"Sandbox, Game Development, Building, Casual, Action"
674090,Sky Haven Tycoon - Airport Simulator,new,early access,2022-11-20,3,1296,True,"Simulation, Strategy, Management, Flight, Building"
2866670,NBA THE RUN,new,released 3 months ago,2026-06-08,3,881,True,"Sports, Basketball, Multiplayer, Stylized, Team-Based"
2845630,Ocean Keeper: Dome Survival,new,released 16 months ago,2025-05-02,3,647,False,"Procedural Generation, Action, Mining, 2D, Atmospheric"
1216230,Project Heartbeat,new,early access,2020-03-26,3,413,True,"Indie, Early Access, Rhythm, Music, Moddable"
244410,Supreme Ruler 1936,new,early access,2014-05-09,3,309,True,"Strategy, Indie, Simulation, Grand Strategy, World War II"
4335460,BOXROOM,new,released 3 months ago,2026-06-10,3,272,True,"Simulation, Software, Life Sim, Building, Decorating"
2667950,Gloomy Eyes,new,released 12 months ago,2025-09-12,3,269,False,
404640,Game Tycoon 2,new,early access,2016-04-08,3,248,False,"Simulation, Strategy, Indie, Management, Game Development"
259450,Drifter,new,early access,2014-03-04,3,207,False,"Simulation, Indie, Space, Sandbox, Action"
3151380,Small Spaces,new,released 16 months ago,2025-05-27,3,177,True,"Building, Design & Illustration, Relaxing, Sandbox, Cozy"
510930,Thirst VR,new,early access,2016-08-10,3,124,False,"Indie, Action, Early Access, VR, On-Rails Shooter"
300760,Epsilon,new,early access,2015-10-01,3,114,False,"Action, Strategy, Early Access, Indie, Tactical"
4322960,Trail & Error,new,released 3 months ago,2026-06-15,3,105,False,"Action, Multiplayer, Online Co-Op, Co-op, Adventure"
3094210,Nullstar: Solus,new,released 5 months ago,2026-04-16,3,74,True,
1776170,Barton Lynch Pro Surfing,new,early access,2023-11-16,3,65,False,"Sports, Action, Simulation, Physics, Character Customization"
354910,Indie Assault,new,early access,,3,10,False,"Early Access, Action"
347220,The Cosmos is MINE!,new,early access,,3,7,True,"Early Access, Strategy, Indie, RTS, Sci-fi"
3624140,Wanderburg,new,released 0 months ago,2026-09-08,2,1472,True,"Early Access, Medieval, Action Roguelike, Bullet Heaven, Driving"
366440,Savage Resurrection,new,early access,2016-08-18,2,1431,True,"Action, Strategy, Multiplayer, RPG, FPS"
2171630,Return from Core,new,released 14 months ago,2025-07-17,2,1086,True,"Automation, Survival, Base Building, Dating Sim, Sandbox"
2609610,CONVRGENCE,new,early access,2024-04-22,2,938,True,"VR, Atmospheric, Post-apocalyptic, Shooter, Extraction Shooter"
3195440,Welcome to Elderfield,new,released 0 months ago,2026-09-10,2,509,True,"Horror, RPG, Farming Sim, Adventure, Pixel Graphics"
382000,Mindshow,new,early access,,2,411,True,"Free to Play, Early Access, VR, Animation & Modeling, Casual"
1078490,Seed Hunter 猎源,new,early access,2020-05-21,2,375,True,"Action Roguelike, Roguelite, Action-Adventure, Hack and Slash, Action"
2453840,Dark Quest 4,new,released 10 months ago,2025-11-05,2,175,False,
386650,Dungeons and Robots,new,early access,2024-01-23,2,168,True,"Action, RPG, Indie, Shooter, Robots"
339240,10 Years After,new,early access,2015-01-30,2,129,True,"Early Access, Adventure, Action, Indie, Survival"
2902570,Rebellion: Rise of the Damned,new,released 17 months ago,2025-04-18,2,76,True,"Sexual Content, Nudity, Gore, Violent, Adventure"
3211750,Neongarten,new,released 17 months ago,2025-04-22,2,76,True,"Strategy, Simulation, City Builder, Cyberpunk, Rogue-lite"
426210,Tyran,new,early access,2021-07-12,2,64,False,"RPG, Action, Indie, Strategy, Tactical"
3678710,Halfway House,new,released 3 months ago,2026-06-04,2,54,False,
3294440,Memoirium,new,released 1 months ago,2026-08-12,2,47,True,"Souls-like, Pixel Graphics, Singleplayer, Action, Third Person"
1133870,Space Engineers 2,new,early access,2025-01-27,1,5499,True,"Simulation, Sandbox, Action, Strategy, Action-Adventure"
2918500,Cozy Island,new,released 12 months ago,2025-09-21,1,2429,False,"Multiplayer, Casual, Life Sim, Farming Sim, Adventure"
1058770,我来自江湖 From Jianghu,new,early access,2020-07-24,1,2396,True,"Building, Simulation, RPG, Adventure, Indie"
2870920,Restaurats,new,released 10 months ago,2025-11-07,1,2175,True,"Co-op, Multiplayer, Cooking, Online Co-Op, Simulation"
1107320,OUTBRK,new,early access,2024-06-28,1,2001,True,"Simulation, Realistic, Multiplayer, Nature, Open World"
454350,Days of War: Definitive Edition,new,early access,2020-01-30,1,1935,True,"Action, War, World War II, Indie, Shooter"
1116050,Starminer,new,released 4 months ago,2026-05-27,1,1869,True,"Early Access, Sandbox, Space Sim, Economy, Space"
3942480,The NOexistenceN of Morphean Paradox : The Forest of Silver Shallots,new,released 8 months ago,2026-01-18,1,1673,True,"JRPG, Visual Novel, Turn-Based Combat, Story Rich, Multiple Endings"
2917040,Garten of Banban 8: Anti Devil,new,released 13 months ago,2025-08-28,1,1548,False,"Horror, Singleplayer, First-Person, Puzzle, Cartoony"
2695430,A.I.L.A,new,released 10 months ago,2025-11-25,1,1399,False,
1943730,Wicked Island,new,released 13 months ago,2025-08-21,1,1231,True,"Early Access, Sexual Content, Nudity, Open World, Character Customization"
613730,Need For Drink,new,early access,2017-11-03,1,1040,True,"Casual, Action, Simulation, Adventure, Multiplayer"
1758950,Banzai Escape 2: Subterranean,new,released 1 months ago,2026-08-13,1,1036,True,"Anime, Third-Person Shooter, Looter Shooter, Female Protagonist, Military"
636970,Tales Of Glory,new,early access,2020-05-30,1,1011,True,"Action, VR, Simulation, Gore, Violent"
1035760,Glimmer in Mirror,new,early access,2023-01-09,1,892,True,"Early Access, Anime, Female Protagonist, Side Scroller, Exploration"
1889810,Bobo Bay,new,released 5 months ago,2026-04-29,1,857,True,"Creature Collector, Cute, Relaxing, Management, Sandbox"
2186700,Contain,new,early access,2024-01-16,1,851,True,"FPS, PvE, Shooter, Action, Character Customization"
4104120,Undercover,new,released 5 months ago,2026-04-27,1,827,False,
1305080,GearBlocks,new,early access,2023-11-09,1,796,True,"Building, Physics, Sandbox, Simulation, Moddable"
3060250,Tropical Monster Girls,new,released 14 months ago,2025-07-25,1,784,True,"Sexual Content, Nudity, Open World, Hentai, Survival"
1876880,Primitive Society Simulator,new,early access,2024-02-26,1,758,True,"City Builder, Sandbox, Agriculture, Early Access, Building"
2389170,Huaxia: Warring States,new,released 5 months ago,2026-04-28,1,757,True,"Early Access, Character Customization, Management, Action RPG, Strategy RPG"
3774440,TOHOTOPIA,new,released 4 months ago,2026-05-14,1,753,True,"Early Access, 4X, Turn-Based Strategy, Anime, Strategy"
3604430,Digger: Galactic Treasures,new,released 14 months ago,2025-07-18,1,724,True,
2581410,Stygian: Outer Gods,new,released 17 months ago,2025-04-14,1,692,True,"Early Access, Choices Matter, Survival Horror, Lovecraftian, Story Rich"
3241760,Mirai's Midnight Stream,new,released 15 months ago,2025-06-19,1,678,True,"Sexual Content, Hentai, Nudity, Dating Sim, Casual"
3880190,Coconut Simulator 2,new,released 10 months ago,2025-11-15,1,672,True,"Action, Simulation, Psychological Horror, Casual, Adventure"
887490,Burden of Command™,new,released 17 months ago,2025-04-08,1,655,True,"Tactical RPG, Strategy RPG, Historical, World War II, War"
3325500,Worldwide Rush,new,released 13 months ago,2025-08-20,1,577,True,"Simulation, Transportation, Economy, Casual, Sandbox"
3956320,Inotia 4,new,released 9 months ago,2025-12-07,1,576,True,"RPG, Singleplayer, 2D, Pixel Graphics, Fantasy"
2412960,Breathedge 2,new,released 0 months ago,2026-08-31,1,559,True,"Survival, Singleplayer, Open World Survival Craft, First-Person, Action"
3616260,"MAZEBOUND: Hunt, Gather, Run!",new,released 4 months ago,2026-05-12,1,528,False,"Survival, Multiplayer, Co-op, Singleplayer, Horror"
974480,Echoes of Mystralia,new,released 1 months ago,2026-08-10,1,506,True,"Action Roguelike, Hack and Slash, Roguelite, Dungeon Crawler, Difficult"
3734630,Immoral-Bathhouse,new,released 6 months ago,2026-03-18,1,502,True,"Sexual Content, Shop Keeper, Base Building, Resource Management, RPG"
2530470,Garden of Witches,new,released 16 months ago,2025-05-23,1,498,True,"Action Roguelike, Roguelite, Roguelike, Action, Hack and Slash"
570980,Tale of Fallen Dragons,new,early access,2017-02-06,1,484,True,"Action Roguelike, Indie, Action, Early Access, Adventure"
2665460,Windward Horizon,new,released 16 months ago,2025-05-22,1,447,True,"Co-op, Naval Combat, Open World, Exploration, RPG"
476700,Island 359™,new,early access,2018-02-26,1,442,True,"Action, Adventure, Indie, Dinosaurs, VR"
3226060,DreamEcho,new,released 1 months ago,2026-08-10,1,438,True,"Action Roguelike, Roguelite, Adventure, Roguelike, Strategy RPG"
1601330,Survival Machine,new,released 16 months ago,2025-05-07,1,436,True,"Strategy, Tower Defense, Base Building, Online Co-Op, Zombies"
804850,Pax Nova,new,early access,2020-04-28,1,432,True,"Strategy, 4X, Turn-Based Strategy, Sci-fi, Grand Strategy"
377060,On a Roll,new,early access,2017-08-30,1,415,True,"Sports, Simulation, Early Access, Indie, Action"
573490,Interstellar Transport Company,new,early access,2019-05-24,1,397,True,"Space, Simulation, Management, Trading, Strategy"
3762790,Terraformental,new,released 8 months ago,2026-01-28,1,366,True,"Text-Based, Time Management, Exploration, Nonlinear, Strategy"
3176850,Second Stellar,new,released 9 months ago,2025-12-10,1,359,True,"Indie, Action Roguelike, Pixel Graphics, PvE, 2D"
3027600,"Love, Elections, and Chocolate",new,released 18 months ago,2025-03-28,1,347,True,"Visual Novel, Romance, Story Rich, Choices Matter, Emotional"
2000800,B-17 Flying Fortress : The Mighty 8th Redux,new,early access,2024-01-25,1,339,True,"Action, Simulation, Strategy, Action-Adventure, Flight"
3131680,Stardust Skate,new,released 18 months ago,2025-03-21,1,338,True,"Skateboarding, Runner, Arcade, Anime, 1990's"
3172310,Sex Desert: Mad Lust,new,released 18 months ago,2025-03-29,1,331,True,"Sexual Content, Nudity, Hentai, Casual, Action"
263920,Zombie Grinder,new,early access,2015-10-16,1,295,True,"Action, Indie, Adventure, Early Access, RPG"
436530,Bullshot,new,early access,2016-11-22,1,282,True,"Indie, Action, Platformer, Retro, Singleplayer"
1793440,Shale Hill Secrets,new,released 16 months ago,2025-05-08,1,275,True,"Sexual Content, Nudity, Visual Novel, 3D, Dating Sim"
3570060,The Ember Guardian,new,released 5 months ago,2026-04-16,1,272,True,"Tower Defense, Minimalist, Building, Twin Stick Shooter, City Builder"
3441990,Withering Realms,new,released 0 months ago,2026-09-04,1,271,True,"RPG, Action, Horror, Souls-like, Action RPG"
1934300,Armored Brigade II,new,released 17 months ago,2025-04-08,1,248,True,"Simulation, Strategy, RTS, Wargame, Grand Strategy"
369080,Age of Survival,new,early access,2025-01-04,1,245,True,"Survival, Simulation, Open World, Multiplayer, Crafting"
1273220,Sphere - Flying Cities,new,early access,2022-10-13,1,242,True,"Strategy, Survival, City Builder, Colony Sim, Singleplayer"
2484170,Carnal Contract,new,released 13 months ago,2025-08-27,1,242,True,"Sexual Content, Nudity, Visual Novel, Hentai, Realistic"
325790,Fallen: A2P Protocol,new,early access,2015-08-14,1,225,True,"RPG, Strategy, Turn-Based, Indie, Post-apocalyptic"
434530,Flobe,new,early access,2016-02-22,1,225,True,"Strategy, Casual, Early Access, Indie, Puzzle"
1014730,Cyndy,new,early access,2019-05-16,1,220,True,"Nudity, Sexual Content, Simulation, Early Access"
1280080,Faeland,new,early access,2023-12-05,1,217,True,"Adventure, RPG, Indie, Pixel Graphics, Action RPG"
2474770,Momento,new,released 3 months ago,2026-06-05,1,209,True,"Choices Matter, Cozy, Relaxing, Cute, Casual"
4746070,Eldara,new,released 3 months ago,2026-06-14,1,208,False,"RPG, Adventure, Action RPG, Incremental, Idler"
931950,Labyrinth: The War on Terror,new,early access,2022-10-21,1,188,True,"Strategy, Simulation, Board Game, Wargame, War"
819630,Basketball Classics,new,early access,2019-12-18,1,187,True,"Casual, Indie, Sports, Basketball, Retro"
721700,Holomento,new,early access,2022-04-27,1,182,True,"Early Access, Action Roguelike, Third-Person Shooter, Action, Indie"
3426260,Sex & Coffee ☕️🤎,new,released 13 months ago,2025-08-09,1,180,True,"Sexual Content, Nudity, Casual, Fantasy, Modern"
2369580,Mad King Redemption,new,released 4 months ago,2026-05-14,1,173,True,"Early Access, Action Roguelike, Side Scroller, Roguelite, Beat 'em up"
2435870,Blood Rush,new,released 15 months ago,2025-06-18,1,172,True,"Early Access, Action Roguelike, Action, Boomer Shooter, Roguelite"
605920,VOLTED,new,early access,2018-07-10,1,161,True,"Action, Indie, Racing, Simulation, Team-Based"
3295360,Stuck Together,new,released 10 months ago,2025-11-17,1,160,False,"Co-op, Adventure, Difficult, Platformer, Funny"
3621050,Doomspire,new,released 12 months ago,2025-09-19,1,160,True,"Adventure, Casual, RPG, Card Game, Roguelike"
704470,VR Furballs - Demolition,new,early access,2018-11-09,1,157,True,"VR, Physics, Puzzle, Destruction, Family Friendly"
637050,Spire of Sorcery,new,early access,2021-10-21,1,155,True,"Exploration, Turn-Based Strategy, Rogue-lite, Hex Grid, Open World"
4597380,Angel Essence,new,released 2 months ago,2026-07-20,1,155,True,"Exploration, 3D Platformer, Collectathon, Platformer, Female Protagonist"
3657180,Skigill,new,released 4 months ago,2026-05-15,1,153,True,"Action, Action Roguelike, Roguelike, 2D, Pixel Graphics"
581220,News Tycoon,new,early access,2017-03-24,1,148,True,"Strategy, Early Access, Management, Economy, Casual"
2906070,Blood Reaver,new,released 5 months ago,2026-04-14,1,146,False,"FPS, Action Roguelike, PvE, Shooter, First-Person"
2251220,High Times,new,released 2 months ago,2026-07-22,1,144,True,"Dialogue Heavy, Dating Sim, Visual Novel, Casual, Cooking"
3585230,Pro Basketball Manager 2026,new,released 10 months ago,2025-11-17,1,137,True,"Sports, Simulation, Strategy, Basketball, Management"
3606610,Into Black,new,released 13 months ago,2025-08-27,1,133,True,
4257850,Mirai's Midnight Training,new,released 5 months ago,2026-04-15,1,131,True,"Sexual Content, Casual, Dating Sim, 2D, Hentai"
448060,X-17,new,early access,2021-04-05,1,130,True,"Action, Indie, Early Access, Psychological Horror, Memes"
531530,Polygod,new,early access,2018-08-17,1,125,True,"Strategy, Indie, Action, FPS, Procedural Generation"
400760,ZenBlade,new,early access,,1,116,True,"Early Access, Simulation, Action, Sports, VR"
3141630,Montabi,new,released 1 months ago,2026-08-05,1,115,True,"Strategy, Deckbuilding, Creature Collector, Card Battler, Turn-Based Combat"
716380,The Chemist,new,early access,2017-11-03,1,110,True,"Indie, Casual, Simulation, Early Access"
305510,Servo,new,early access,2015-05-28,1,107,False,"Strategy, Early Access, Action, Multiplayer, Indie"
4358310,Coin Tavern,new,released 2 months ago,2026-07-22,1,105,False,"Management, Roguelike Deckbuilder, Deckbuilding, Strategy, Roguelite"
990900,Neon Noodles,new,early access,2023-08-03,1,102,True,"Automation, Cooking, Cyberpunk, Robots, Programming"
3038580,Art Shop Simulator,new,early access,2025-03-13,1,102,True,"Early Access, Simulation, Management, Economy, Life Sim"
2475790,War Of Being,new,early access,2023-08-11,1,100,True,"Early Access, Adventure, Exploration, Immersive Sim, VR"
726800,The Rare Nine,new,early access,2017-10-31,1,98,True,"Indie, Action, Early Access, Beat 'em up, Violent"
689620,Alpha Mike Foxtrot VR - AMF VR,new,early access,2018-05-07,1,91,False,"Action, Indie, Simulation, Violent, VR"
2980170,Vortica,new,released 4 months ago,2026-05-24,1,91,False,"Action Roguelike, Bullet Hell, Pixel Graphics, Sci-fi, Loot"
2708880,Ghost Keeper,new,released 2 months ago,2026-07-16,1,90,True,"Supernatural, Strategy, Demons, Dark Comedy, Puzzle"
3422700,Cribbish,new,released 16 months ago,2025-05-10,1,79,True,"Rogue-like, Deckbuilding, Card Game, Casual, Strategy"
503680,The Seeker,new,early access,2016-09-02,1,77,True,"Early Access, Action, Indie, Puzzle, Stealth"
3412270,Encounter: The Lost Cards,new,released 8 months ago,2026-01-26,1,76,True,"Turn-Based Tactics, Roguelike, Resource Management, Deckbuilding, Crafting"
2140700,SO BELOW,new,early access,2022-10-25,1,72,True,"Early Access, Action, Puzzle, Action-Adventure, Creature Collector"
3413150,Makai Agito,new,released 18 months ago,2025-03-27,1,72,True,"RPG, Anime, JRPG, Dungeon Crawler, Character Customization"
458410,Cabals: Magic & Battle Cards,new,early access,2018-02-06,1,69,True,"Free to Play, Strategy, Early Access, Card Game"
1722800,Colossus - Eternal Blight,new,released 2 months ago,2026-07-20,1,69,True,"Early Access, Action RPG, Action, RPG, Adventure"
2477710,Nimbit Frontier,new,released 1 months ago,2026-08-16,1,69,True,"Life Sim, Creature Collector, Action Roguelike, Farming Sim, Dating Sim"
837640,TapSonic World Champion VR,new,early access,2018-06-14,1,64,True,"Early Access, Action, Casual, Rhythm, Music"
2488430,Nuclear Gladiators 3000,new,released 11 months ago,2025-10-30,1,64,True,"Action Roguelike, Action, Bullet Hell, Pixel Graphics, Roguelite"
4370990,FEED IT,new,released 1 months ago,2026-08-16,1,58,True,"Psychological Horror, First-Person, Choices Matter, Atmospheric, Surreal"
373470,A Wizard's Lizard: Soul Thief,new,early access,2016-04-05,1,53,True,"Action Roguelike, Indie, Action, Early Access, Roguelite"
4066390,City States: Medieval,new,released 2 months ago,2026-07-24,1,53,True,"Strategy, RTS, Grand Strategy, City Builder, Action RTS"
454770,Mystic Melee,new,early access,2017-09-19,1,51,True,"Indie, Action, Adventure, Early Access, Platformer"
1817030,Swordcery,new,released 1 months ago,2026-08-10,1,51,True,"Action Roguelike, Roguelite, Action RPG, Action-Adventure, Hack and Slash"
2964400,Grid Ranger,new,released 18 months ago,2025-03-25,1,50,True,"Shoot 'Em Up, Bullet Hell, On-Rails Shooter, Racing, Shooter"
4401160,Fireboy & Watergirl and Friends,new,released 4 months ago,2026-05-06,1,50,True,"Action, Adventure, Platformer, Puzzle, 2D Platformer"
3296260,Cafe DReAMLAND,new,released 17 months ago,2025-04-30,1,43,True,"Adventure, 2D, Story Rich, Lovecraftian, Cute"
378530,Nature's Zombie Apocalypse,new,early access,2015-07-23,1,41,True,"Casual, Action, Indie, Zombies, Local Co-Op"
804460,LAST WAR 2044,new,released 6 months ago,2026-03-18,1,39,True,"Action, Strategy, Early Access, War, Horror"
1892750,Regulators,new,released 16 months ago,2025-05-21,1,38,True,"Action, Action-Adventure, Combat, Top-Down, Action Roguelike"
510060,Punch Bomb,new,early access,2016-12-13,1,36,True,"Indie, Action, Early Access, VR"
1125830,Hyperspaced,new,released 14 months ago,2025-07-22,1,36,True,"Early Access, Controller, 3D, Combat, Co-op"
4013510,Monster Alchemy,new,released 0 months ago,2026-09-10,1,36,True,"Creature Collector, Exploration, Party-Based RPG, JRPG, RPG"
760860,TRANSCEND,new,early access,2017-12-01,1,35,True,"Action, Adventure, RPG, Indie, Casual"
3488640,Magical Blush,new,released 0 months ago,2026-09-10,1,34,True,"Top-Down, Magic, Metroidvania, Female Protagonist, Pixel Graphics"
2761350,Golf Gambit,new,released 17 months ago,2025-04-17,1,30,True,"Casual, Action, Sports, Colorful, Stylized"
664460,Ultimate Summer,new,early access,2021-01-15,1,29,True,"Early Access, Tower Defense, Shooter, Arena Shooter, Survival"
1235710,Oddventure,new,released 17 months ago,2025-04-03,1,25,True,"Indie, Adventure, Pixel Graphics, RPG, Funny"
3817040,Simogo Legacy Collection,new,released 9 months ago,2025-12-01,1,25,True,"Puzzle, Adventure, 2D, Rhythm, Narrative"
284910,Purgatory: War of the Damned,new,early access,2015-02-11,1,24,True,"RPG, Action, Early Access, Multiplayer, FPS"
701280,Askutron Quiz Show,new,early access,2017-11-12,1,24,True,"Casual, Early Access, Trivia, Controller, 4 Player Local"
518190,Sky Jac,new,early access,2016-10-24,1,17,True,"Indie, Action, Adventure, Early Access, VR"
321390,Zone 22,new,early access,2015-07-31,1,15,True,"Indie, Action, Simulation, Early Access, RPG"
697600,Auto-Staccato,new,early access,2018-01-01,1,8,True,"Early Access, Rhythm, Music-Based Procedural Generation, Music, Runner"
389200,NANOS,new,early access,,1,7,True,"Early Access, Action, Indie"
3875310,Stardash,new,released 11 months ago,2025-10-08,1,4,True,"Action, Old School, Retro, 1980s, Action-Adventure"
3875330,Meganoid:Chronicles,new,released 12 months ago,2025-09-25,1,2,True,"Action, Precision Platformer, Pixel Graphics, Platformer, 1980s"
3875350,INC.,new,released 12 months ago,2025-09-25,1,2,True,"Stylized, Action, 1980s, Pixel Graphics, Arcade"
3875320,Neoteria,new,released 12 months ago,2025-09-25,1,1,True,"Action, Old School, Retro, Shoot 'Em Up, Pixel Graphics"
3010850,Gears of War: E-Day,new,released -1 months ago,2026-10-05,1,0,True,"Action, Adventure, Shooter, Gore, Co-op"
3493540,Transport Fever 3,new,released 0 months ago,2026-09-29,1,0,True,"Simulation, Transportation, Management, City Builder, Casual"
4078430,STAR WARS: Galactic Racer™,new,released -1 months ago,2026-10-06,1,0,True,"Racing, Adventure, Multiplayer, Cinematic, Competitive"
1336350,Elite Dangerous: Odyssey,new,early access,2021-05-19,0,7855,False,"Early Access, Simulation, Massively Multiplayer, Adventure, Action"
2927200,Mount & Blade II: Bannerlord - War Sails,new,released 10 months ago,2025-11-26,0,4694,False,"Strategy, RPG, Action, Simulation, Indie"
2781620,Risk of Rain 2: Alloyed Collective,new,released 10 months ago,2025-11-18,0,3419,False,"Third-Person Shooter, Action Roguelike, Multiplayer, Co-op, Action"
3022790,RimWorld - Odyssey,new,released 14 months ago,2025-07-11,0,3116,False,"Colony Sim, Base Building, Survival, Strategy, Simulation"
2968040,DayZ Frostline,new,early access,2024-10-15,0,2756,False,"Survival, Multiplayer, Zombies, Open World, Action"
3796620,Dead by Daylight: Five Nights at Freddy’s,new,released 15 months ago,2025-06-17,0,2524,False,"Horror, Multiplayer, Survival Horror, Online Co-Op, Co-op"
4013290,"Warhammer 40,000: Darktide - Hive Scum Class",new,released 9 months ago,2025-12-02,0,2083,False,"Horror, Team-Based, Combat, Co-op, PvE"
3315530,Crusader Kings III: All Under Heaven,new,released 11 months ago,2025-10-28,0,1960,False,"Strategy, Medieval, Simulation, Grand Strategy, RPG"
3448670,Dead by Daylight - Tokyo Ghoul,new,released 17 months ago,2025-04-02,0,1904,False,"Gore, Action, Violent, Horror"
282470,Don't Starve: Reign of Giants,new,early access,2014-04-02,0,1504,False,"Survival, Indie, Adventure, Simulation, Crafting"
3144890,Age of Empires IV: Knights of Cross and Rose,new,released 17 months ago,2025-04-08,0,1382,False,"Strategy, RTS, Base Building, Multiplayer, War"
3710910,"Warhammer 40,000: Darktide - Arbites Class",new,released 15 months ago,2025-06-23,0,1379,False,"Horror, Team-Based, Combat, Class-Based, Hack and Slash"
4355570,"Warhammer 40,000: Darktide - Skitarii Class",new,released 3 months ago,2026-06-23,0,1249,False,"Co-op, PvE, Violent, FPS, Gore"
2780810,Euro Truck Simulator 2 - Nordic Horizons,new,released 10 months ago,2025-11-27,0,1234,False,"Simulation, Indie, Driving, Open World, Multiplayer"
4791830,Dead by Daylight: Jason,new,released 3 months ago,2026-06-16,0,1228,False,"Horror, Multiplayer, Survival Horror, Gore, Online Co-Op"
4399460,Total War: WARHAMMER III - Bhashiva – Character Pack,new,released 4 months ago,2026-05-21,0,1160,False,"Strategy, Turn-Based Strategy, Grand Strategy, RTS, Fantasy"
3080080,Age of Empires II: DE - The Three Kingdoms,new,released 16 months ago,2025-05-06,0,1015,False,"Strategy, RTS, Historical"
3067190,Age of Empires IV: Dynasties of the East,new,released 10 months ago,2025-11-04,0,1002,True,"Strategy, Historical, RTS"
4439750,Forza Horizon 6 Treasure Map,new,released 4 months ago,2026-05-15,0,996,False,"Racing, Sports, Simulation"
3133920,Castle Crashers - Painters Boss Paradise,new,released 13 months ago,2025-08-06,0,969,False,"Action, Indie, Adventure, Casual, RPG"
3417840,Stellaris: BioGenesis,new,released 16 months ago,2025-05-05,0,963,False,"Space, Strategy, Grand Strategy, Sci-fi, 4X"
3699010,Europa Universalis V: Fate of the Phoenix,new,released 4 months ago,2026-05-06,0,950,False,"Grand Strategy, Resource Management, 4X, Strategy, Trading"
3315520,Crusader Kings III: Coronations,new,released 12 months ago,2025-09-09,0,916,False,"Strategy, Medieval, Simulation, Grand Strategy, RPG"
4260510,Kingdom Rush 5: Alliance TD - Dragon Wars Campaign,new,released 6 months ago,2026-03-05,0,902,True,"Strategy, Tower Defense, 2D, Indie, Dragons"
3622820,"Warhammer 40,000: Rogue Trader - Lex Imperialis",new,released 15 months ago,2025-06-24,0,869,False,"Character Customization, Cinematic, Story Rich, Dark Fantasy, Turn-Based Strategy"
3884020,Dead by Daylight: The Walking Dead,new,released 14 months ago,2025-07-29,0,843,False,"Horror, Multiplayer, Survival Horror, Online Co-Op, Co-op"
4318580,Dead by Daylight: Stranger Things Chapter 2,new,released 8 months ago,2026-01-27,0,804,False,"Horror, Multiplayer, Survival Horror, Online Co-Op, Co-op"
3757310,Focus Pack - Hearts of Iron IV: Peace For Our Time,new,released 5 months ago,2026-04-22,0,762,False,"Strategy, World War II, Grand Strategy, War, Historical"
3691330,Call to Arms - Gates of Hell: Finest Hour,new,released 9 months ago,2025-12-02,0,754,False,"World War II, Strategy, Historical, Real Time Tactics, RTS"
3238470,Days Gone - Broken Road DLC,new,released 17 months ago,2025-04-25,0,724,False,"Open World, Zombies, Survival, Singleplayer, Post-apocalyptic"
3315510,Crusader Kings III: Khans of the Steppe,new,released 17 months ago,2025-04-28,0,697,False,"Strategy, Medieval, Simulation, Grand Strategy, RPG"
3793540,Age of Empires II: DE - Chronicles: Alexander the Great,new,released 11 months ago,2025-10-14,0,683,False,"Strategy, RTS, Historical"
3362550,Claws of Awaji - Assassin's Creed Shadows,new,released 12 months ago,2025-09-16,0,635,False,"RPG, Action, Adventure, Action-Adventure, Open World"
4148930,F1 25: 2026 Season Pack,new,released 3 months ago,2026-06-03,0,569,False,"Racing, Sports, Simulation, Multiplayer, VR"
3746540,Age of Empires IV: Yue Fei's Legacy,new,released 4 months ago,2026-05-07,0,530,True,Strategy
4019590,Dead by Daylight - Sinister Grace,new,released 12 months ago,2025-09-23,0,522,False,"Horror, Multiplayer, Survival Horror, Online Co-Op, Co-op"
4132150,Tainted Grail: The Fall of Avalon - Sanctuary of Sarras DLC,new,released 9 months ago,2025-12-15,0,522,False,"RPG, Gore, Indie, Action, Violent"
3216040,さいはて駅 -黄昏電鐵(追加シナリオ)-,new,released 17 months ago,2025-04-18,0,506,False,"Adventure, Horror, Psychological Horror, Visual Novel, Hand-drawn"
3219700,Age of Empires II: DE – The Last Chieftains,new,released 7 months ago,2026-02-17,0,505,True,"Strategy, RTS, City Builder, Multiplayer, Base Building"
3884830,Astroneer: Megatech,new,released 10 months ago,2025-11-20,0,505,False,"Adventure, Indie, Space, Automation, Base Building"
2427743,Cities: Skylines II - Bridges & Ports,new,released 11 months ago,2025-10-29,0,475,False,"Simulation, City Builder, Building, Singleplayer, Sandbox"
3985670,UBOAT - Type IX: Distant Coasts,new,released 5 months ago,2026-04-17,0,474,False,"Simulation, World War II, Submarine, Naval Combat, Military"
4078590,The Planet Crafter - Toxicity,new,released 10 months ago,2025-11-17,0,469,False,"Open World Survival Craft, Base Building, Survival, Online Co-Op, Co-op"
3641780,Abiotic Factor - Supporter's Pack,new,released 14 months ago,2025-07-22,0,455,False,"RPG, Action, Violent, Adventure, Simulation"
4241420,Stellaris: Nomads,new,released 3 months ago,2026-06-15,0,447,False,"Strategy, Simulation, Artificial Intelligence"
3063250,Gunfire Reborn - Realm of Frost and Inkwash,new,early access,2024-09-12,0,439,False,"Roguelite, FPS, Online Co-Op, Co-op, Roguelike"
2700610,Assetto Corsa Competizione - 24H Nürburgring Pack,new,early access,2024-04-01,0,419,False,"Racing, Simulation, Automobile Sim, Sports, Multiplayer"
563360,Market Tycoon,new,early access,2017-05-11,0,413,True,"Simulation, Indie, Casual, Strategy, Early Access"
3799610,MechWarrior 5: Mercenaries - Shadow of Kerensky,new,released 12 months ago,2025-09-03,0,412,False,"Mechs, Simulation, Action, FPS, Co-op"
3650450,Terminator: Dark Fate - Defiance: Uprising,new,released 14 months ago,2025-07-29,0,369,False,"Strategy, Real Time Tactics, RTS, Wargame, 3D"
4077430,DJMAX RESPECT V - V LIBERTY IV PACK,new,released 9 months ago,2025-12-18,0,361,False,"Action, Casual, Sports"
2791510,Frostpunk 2: Fractured Utopias,new,released 9 months ago,2025-12-08,0,352,False,"Strategy, City Builder, Survival, Resource Management, Post-apocalyptic"
3274440,"Warhammer 40,000: Space Marine 2 - Blood Angels Cosmetic Pack",new,released 15 months ago,2025-06-26,0,334,False,"Gore, Action, RPG, Violent, Adventure"
3417850,Stellaris: Shadows of the Shroud,new,released 12 months ago,2025-09-22,0,334,False,"Space, Strategy, Grand Strategy, Sci-fi, 4X"
3118100,Kingdom Come: Deliverance II The Lion’s Crest,new,released 18 months ago,2025-03-28,0,324,False,"RPG, Action, Adventure, Open World, Realistic"
3899740,Wartales - Contract: The Fief,new,released 12 months ago,2025-09-25,0,323,False,"RPG, Open World, Turn-Based Strategy, Party-Based RPG, Medieval"
3871360,"Warhammer 40,000: Space Marine 2 - Salamanders Cosmetic Pack",new,released 10 months ago,2025-11-25,0,319,False,"Action, RPG, Gore, Violent, Adventure"
3993450,Monster Train 2: Destiny of the Railforged,new,released 7 months ago,2026-02-02,0,319,False,"Roguelike Deckbuilder, Strategy, Card Game, Roguelike, Deckbuilding"
3572140,Battle for Brooklyn DLC - Tom Clancy's The Division 2,new,released 16 months ago,2025-05-27,0,310,False,"RPG, Action, Adventure"
3453970,Farming Simulator 25: Highlands Fishing Expansion,new,released 10 months ago,2025-11-04,0,308,False,"Simulation, Farming Sim, Realistic, 3D, First-Person"
4508320,Plague Inc: Aliens & Anti-Vaxxers,new,released 5 months ago,2026-04-07,0,303,False,"Strategy, Simulation, Outbreak Sim, Indie, Singleplayer"
411480,BATTLECREW™ Space Pirates,new,early access,2017-07-10,0,297,True,"Free to Play, Indie, Multiplayer, Action, Competitive"
4057370,World War Z x The Walking Dead,new,released 8 months ago,2026-01-29,0,297,False,"Action, Gore, Violent, Zombies, Shooter"
887370,Element Space,new,early access,2019-02-14,0,296,True,"Strategy, RPG, Action, Turn-Based Combat, Indie"
3778100,X4: Envoy Pack,new,released 12 months ago,2025-09-10,0,287,False,"Simulation, Space Sim, Sandbox, Economy, Space"
3012580,American Truck Simulator - Louisiana,new,released 9 months ago,2025-12-04,0,285,False,"Simulation, Indie"
4796640,UNBEATABLE - The Jamie Paige Content Companion,new,released 2 months ago,2026-07-27,0,283,False,"Rhythm, Female Protagonist, Music, Story Rich, Anime"
3210380,Spirit City: Lofi Sessions - Cozy Kitchen DLC,new,released 18 months ago,2025-03-26,0,281,False,"Simulation, Indie, Casual, Cozy"
4128140,MechWarrior 5: Clans - Wolves of Tukayyid,new,released 9 months ago,2025-12-04,0,269,True,"Action, Simulation"
2427741,Cities: Skylines II - Creator Pack: Modern Architecture,new,early access,2024-12-02,0,268,False,"Simulation, City Builder, Building, Singleplayer, Sandbox"
2427742,Cities: Skylines II - Creator Pack: Urban Promenades,new,early access,2024-12-02,0,268,False,"Simulation, City Builder, Building, Singleplayer, Sandbox"
4523380,Company of Heroes 3: Dare & Destroy,new,released 4 months ago,2026-05-14,0,267,False,"Strategy, Singleplayer, Wargame, RTS, Multiplayer"
2730870,American Truck Simulator - Missouri,new,released 17 months ago,2025-04-03,0,262,False,"Simulation, Indie"
3570290,theHunter: Call of the Wild - Alberta Hunting Preserve,new,released 15 months ago,2025-06-17,0,262,False,"Sports, Adventure, Simulation, Hunting"
3802420,Borderlands4 - Bounty Pack 2: Legend of the Stone Demon,new,released 7 months ago,2026-02-26,0,259,False,"Adventure, FPS, Looter Shooter, PvE, Co-op"
3698790,Dead by Daylight - Steady Pulse,new,released 16 months ago,2025-05-06,0,254,False,"Action, Violent, Gore, LGBTQ+, Horror"
4395500,Deep Rock Galactic: Survivor - Heavy Duty Expansion,new,released 5 months ago,2026-04-30,0,253,False,"Action, Dwarves"
4095900,Company of Heroes 3: Endure & Defy,new,released 10 months ago,2025-11-27,0,251,False,"Strategy, Singleplayer, Wargame, RTS, Multiplayer"
3025440,American Truck Simulator - Iowa,new,released 14 months ago,2025-07-10,0,247,False,"Simulation, Indie, Driving"
3920680,Gunfire Reborn - Echoes From Primal Grove,new,released 11 months ago,2025-10-23,0,247,False,"Action, RPG, Indie, Adventure, FPS"
4131670,Jurassic World Evolution 3: Rebirth Expansion,new,released 3 months ago,2026-06-16,0,244,False,"Simulation, Dinosaurs, Strategy, Sandbox, City Builder"
2792180,"Warhammer 40,000: Space Marine 2 - Space Wolves Chapter Pack",new,released 17 months ago,2025-04-15,0,243,False,"Action, RPG, Gore, Violent, Adventure"
3679630,PAYDAY 3: Party Powder Heist,new,released 16 months ago,2025-05-26,0,243,False,"Heist, Co-op, Action, Crime, Multiplayer"
3871330,"Warhammer 40,000: Space Marine 2 - Black Templars Champion Pack",new,released 12 months ago,2025-09-04,0,242,False,"Action, Gore, Violent, Adventure, RPG"
3524260,Digimon Story Time Stranger - Additional Digimon & Episode Pack 1: Alternate Dimension,new,released 9 months ago,2025-12-08,0,238,False,"RPG, JRPG, Creature Collector, Party-Based RPG, Anime"
4543600,PAYDAY 2: Espionage Weapon Pack,new,released 5 months ago,2026-04-30,0,234,False,"Co-op, Action, FPS, Heist, Multiplayer"
3181500,Age of Wonders 4: Giant Kings,new,released 17 months ago,2025-04-01,0,233,False,"Dwarves, Strategy, 4X, Character Customization, Choices Matter"
3283220,Stellaris: Infernals Species Pack,new,released 10 months ago,2025-11-25,0,227,False,"Space, Strategy, Grand Strategy, Sci-fi, 4X"
3681910,BlazBlue Entropy Effect - Bullet Character Pack,new,released 15 months ago,2025-06-26,0,224,False,"Action Roguelike, Action, Action-Adventure, 2D, Platformer"
3815280,Spirit City: Lofi Sessions - All Aboard!,new,released 13 months ago,2025-08-25,0,220,False,"Indie, Casual, Simulation"
3871350,"Warhammer 40,000: Space Marine 2 - Blood Angels Champion Pack",new,released 10 months ago,2025-11-25,0,216,False,"Action, RPG, Gore, Violent, Adventure"
3486960,American Truck Simulator - Illinois,new,released 4 months ago,2026-05-14,0,205,False,"Indie, Simulation"
1110890,MY WOLF - Desktop Wild Pet,new,early access,2022-06-11,0,203,True,"Funny, Utilities, Simulation, Adventure, Early Access"
3725110,Against the Storm - Nightwatchers,new,released 14 months ago,2025-07-31,0,203,False,"Strategy, Simulation, City Builder, Base Building, Colony Sim"
2657100,Teardown: The Greenwash Gambit,new,released 15 months ago,2025-06-24,0,199,False,"Strategy, Simulation, Indie, Action"
3858460,PAYDAY 3: Delivery Charge Heist,new,released 12 months ago,2025-09-10,0,197,False,"Heist, Co-op, Action, Crime, Multiplayer"
4046960,Car Dealer Simulator - Up 2 You DLC,new,released 3 months ago,2026-06-04,0,194,False,"Simulation, Driving, Casual, Automobile Sim, Trading"
4744690,DJMAX RESPECT V - V LIBERTY V PACK,new,released 3 months ago,2026-06-26,0,192,False,"Rhythm, Music, Casual, Action, Anime"
1010822,Barony: Deserters & Disciples DLC Pack 3,new,released 8 months ago,2026-01-29,0,190,False,"Multiplayer, Dungeon Crawler, Action Roguelike, Roguelike, Local Multiplayer"
3655420,Oxygen Not Included: The Prehistoric Planet Pack,new,released 15 months ago,2025-06-12,0,189,False,"Indie, Simulation"
4371500,MechWarrior 5: Mercenaries - Chaos Reign,new,released 4 months ago,2026-05-26,0,189,False,"Mechs, Simulation, Action, FPS, Shooter"
4331610,Dome Keeper: The Lost Keepers,new,released 5 months ago,2026-04-13,0,185,False,"Indie, Action, Adventure, Simulation"
2207230,Black Dragon Mage,new,early access,2024-12-04,0,184,True,"Early Access, Bullet Hell, Action RPG, Action Roguelike, Arena Shooter"
3001240,GGST Additional Character 17 - Lucy,new,released 13 months ago,2025-08-21,0,177,False,"Action, Cyberpunk, Psychological Horror"
3559560,Wartales - The Beast Hunt,new,released 17 months ago,2025-04-29,0,175,False,"RPG, Open World, Turn-Based Strategy, Party-Based RPG, Medieval"
4553760,TEVI: Fauna Arcana,new,released 3 months ago,2026-06-25,0,175,False,"Indie, Action, Casual, Adventure"
3591040,Darkest Dungeon II: Infernal Supporter Pack,new,released 17 months ago,2025-04-14,0,174,False,"RPG, Indie, Strategy"
3607950,Ravenswatch - Merlin,new,released 8 months ago,2026-01-19,0,172,False,"Roguelike, Co-op, Action, Action Roguelike, Online Co-Op"
3976890,Age of Wonders 4: Thrones of Blood,new,released 10 months ago,2025-11-11,0,165,False,"Strategy, 4X, Character Customization, Fantasy, RPG"
949000,Marble Combat,new,early access,2019-02-20,0,164,True,"Free to Play, Action, Casual, Indie, Early Access"
3274430,"Warhammer 40,000: Space Marine 2 - Imperial Fists Champion Pack",new,released 17 months ago,2025-04-15,0,160,False,"Action, RPG, Gore, Violent, Adventure"
3919420,Halls of Torment - The Boglands,new,released 11 months ago,2025-10-28,0,159,False,"RPG, Indie, Action, Violent"
3858750,Anno 117: Pax Romana – Prophecies of Ash,new,released 5 months ago,2026-04-30,0,157,False,"Strategy, Simulation, City Builder, Sandbox, RTS"
3859930,PRAGMATA: Shelter Variety Pack,new,released 5 months ago,2026-04-17,0,157,False,"Action, Cute, Sci-fi, Adventure, Funny"
572620,Pierhead Arcade 2,new,early access,2021-08-05,0,152,True,"Simulation, Indie, Casual, VR, Arcade"
3193720,Chrono Ark - High Roller,new,early access,2024-10-31,0,152,False,"RPG, Strategy, Indie, Adventure, Roguelike Deckbuilder"
3979520,Disney Dreamlight Valley: Wishblossom Ranch,new,released 10 months ago,2025-11-19,0,152,True,"Action, RPG, Casual, Adventure, Simulation"
4341120,CloverPit: Unholy Fusion,new,released 5 months ago,2026-04-09,0,152,False,"Gambling, Roguelite, Strategy, Roguelike, Psychological Horror"
3652820,ROMANCE OF THE THREE KINGDOMS 8 REMAKE: Destiny and Strategy Expansion Pack,new,released 8 months ago,2026-01-29,0,151,False,"Turn-Based Tactics, Wargame, Military, Immersive Sim, Strategy"
3777650,SnowRunner - Mercedes-Benz Trucks Dual Pack 1,new,released 6 months ago,2026-03-19,0,150,False,"Adventure, Simulation"
1456860,Euro Truck Simulator 2 - Farm Machinery,new,released 14 months ago,2025-07-14,0,149,False,"Simulation, Indie"
670490,Rise of Man,new,early access,2017-09-15,0,147,True,"Indie, Strategy, Simulation, Early Access"
3639470,Besiege: The Broken Beyond,new,released 3 months ago,2026-06-22,0,147,True,"Simulation, Sandbox, Physics, Destruction, Medieval"
2792190,"Warhammer 40,000: Space Marine 2 - White Scars Chapter Pack",new,released 15 months ago,2025-06-26,0,143,False,"Action, RPG, Adventure, Gore, Violent"
3777610,SnowRunner - Season 17: Repair & Rescue,new,released 8 months ago,2026-01-27,0,143,False,"Adventure, Simulation"
4096360,Bloons TD 6: Frontier Legends,new,released 9 months ago,2025-12-03,0,142,False,"Tower Defense, Strategy, Multiplayer, Singleplayer, Online Co-Op"
3118110,Kingdom Come: Deliverance II Gallant Huntsman’s Kit,new,released 17 months ago,2025-04-15,0,141,False,"RPG, Action, Adventure, Open World, Realistic"
4349830,Captain of Industry - Trains expansion,new,released 6 months ago,2026-03-09,0,138,False,"Simulation, Base Building, Automation, Resource Management, Strategy"
3181540,Age of Wonders 4: Archon Prophecy,new,released 13 months ago,2025-08-12,0,137,False,"Strategy, 4X, Character Customization, Choices Matter, RPG"
4097630,HITMAN 3 - The Eminem vs. Slim Shady Pack,new,released 9 months ago,2025-12-01,0,136,False,"Stealth, Assassins, Action, Singleplayer, VR"
4159240,Euro Truck Simulator 2 - Forest Machinery,new,released 10 months ago,2025-11-27,0,136,False,"Simulation, Indie"
4266400,The Forever Winter - Holiday Hangover,new,released 9 months ago,2025-12-23,0,135,False,"Gore, Action, Violent"
3544250,The Bus - Hamburg City,new,released 14 months ago,2025-07-31,0,133,False,"Simulation, Multiplayer, Singleplayer"
3868930,STRAFTAT : Supporter Edition,new,released 14 months ago,2025-07-15,0,131,False,"Action, Shooter, FPS, Multiplayer, PvP"
3001230,GGST Additional Character 16 - Unika,new,released 16 months ago,2025-05-27,0,128,False,"Action, Psychological Horror, Cute, Anime, LGBTQ+"
3902620,Planet Coaster 2: Sorcery Pack,new,released 12 months ago,2025-09-16,0,128,False,"Simulation, Strategy, Sandbox, Building, City Builder"
2088630,Airport Ground Handling Simulator VR,new,early access,2022-08-25,0,127,False,"VR, Immersive Sim, Realistic, Software, Education"
4713340,Terra Invicta - Dark Skies,new,released 2 months ago,2026-07-27,0,127,False,"Strategy, Simulation, Grand Strategy, 4X, Historical"
3195270,Sins of a Solar Empire II - Paths to Power,new,released 18 months ago,2025-03-27,0,124,False,"Strategy, Space, 4X, RTS, Sci-fi"
3711140,HITMAN 3 - The Banker Pack,new,released 15 months ago,2025-06-06,0,124,False,"Stealth, Assassins, Action, Singleplayer, VR"
3775990,TEKKEN 8 - Armor King,new,released 11 months ago,2025-10-16,0,124,False,"Fighting, 3D Fighter, Action, Multiplayer, Local Multiplayer"
3402420,Empires of the Undergrowth - Exploding Ants,new,released 18 months ago,2025-03-24,0,121,False,"Strategy, Simulation, Sandbox, City Builder, Building"
3623250,SnowRunner - Dragon Wagons Dual Pack,new,released 10 months ago,2025-11-06,0,120,False,"Simulation, Adventure"
4328240,HITMAN 3 - Patient Zero Requiem Pack,new,released 7 months ago,2026-02-25,0,120,False,"Adventure, Gore, Action, Violent"
3854280,Virtuosa - Hero - FOR HONOR,new,released 14 months ago,2025-07-24,0,119,False,"Gore, Action, Violent"
3564540,TEKKEN 8 - Fahkumram,new,released 14 months ago,2025-07-07,0,118,False,"Fighting, Action, 3D Fighter, Multiplayer, Local Multiplayer"
3577600,"Warhammer 40,000: Battlesector - Deeds of the Fallen",new,released 16 months ago,2025-05-22,0,118,False,"Strategy, Turn-Based Tactics, Turn-Based Strategy, 3D, Sci-fi"
2070880,Creative Console,new,early access,2023-01-10,0,113,True,"Platformer, Character Customization, Sandbox, Level Editor, Action RPG"
3890520,Hello Kitty Island Adventure - Wheatflour Wonderland,new,released 12 months ago,2025-09-18,0,113,False,"Cozy, Adventure, Open World, Simulation, Casual"
2709480,SnowRunner - Season 16: High Voltage,new,released 12 months ago,2025-09-04,0,111,False,"Simulation, Adventure"
3976900,Age of Wonders 4: Rise from Ruin,new,released 6 months ago,2026-03-09,0,106,False,"Strategy, 4X, Character Customization, Fantasy, RPG"
4179010,DRAGON BALL FighterZ - DAIMA Pack,new,released 5 months ago,2026-04-21,0,106,False,Action
3447720,theHunter: Call of the Wild™ - Rapid Hunt Rifle Pack,new,released 18 months ago,2025-03-25,0,104,False,"Sports, Adventure, Simulation"
3118120,Kingdom Come: Deliverance II Shields of Seasons Passing,new,released 17 months ago,2025-04-15,0,103,False,"RPG, Action, Adventure, Open World, Realistic"
3524270,Digimon Story Time Stranger - Additional Digimon & Episode Pack 2: GAKU−RAN,new,released 8 months ago,2026-01-21,0,103,False,"RPG, JRPG, Creature Collector, Party-Based RPG, Anime"
3195280,Sins of a Solar Empire II - Reinforcements,new,released 12 months ago,2025-09-25,0,102,False,"Strategy, Space, 4X, RTS, Sci-fi"
3410460,Street Fighter™ 6 - Year 3 Character Pass,new,released 14 months ago,2025-07-15,0,102,False,"Action, Adventure"
4031130,Cities: Skylines - Race Day,new,released 6 months ago,2026-03-10,0,101,False,"City Builder, Simulation, Building, Management, Strategy"
3001250,GGST Additional Character 18 - Jam Kuradoberi,new,released 5 months ago,2026-04-09,0,100,False,"Action, Cooking, Psychological Horror"
3565190,Sonic Racing: CrossWorlds - Minecraft Pack,new,released 11 months ago,2025-10-09,0,100,False,"Racing, Combat Racing, Family Friendly, Multiplayer, Singleplayer"
4131660,Jurassic World Evolution 3: Wetlands,new,released 9 months ago,2025-12-09,0,97,False,"Simulation, Strategy, Dinosaurs, Sandbox, Sequel"
2994200,Ritter & Rotwein,new,released 2 months ago,2026-07-20,0,96,True,"Physics, Medieval, Difficult, Adventure, Combat"
463800,FreeHolder,new,early access,2016-07-05,0,95,True,"Strategy, Early Access, Indie, RPG, Simulation"
3623240,SnowRunner - Freightliner & Western Star Dual Pack,new,released 15 months ago,2025-06-12,0,95,False,"Simulation, Adventure"
4413140,GGST Additional Character 19 - Robo-Ky,new,released 2 months ago,2026-07-02,0,89,False,"Fighting, 2D Fighter, Great Soundtrack, Anime, PvP"
4490120,Wartales - Contract: Fires in the Capital,new,released 5 months ago,2026-04-23,0,89,False,"RPG, Open World, Turn-Based Strategy, Party-Based RPG, Medieval"
3453960,Farming Simulator 25 - Mercedes-Benz Trucks Pack,new,released 12 months ago,2025-09-09,0,88,False,"Simulation, Farming Sim, Realistic, 3D, Multiplayer"
3871340,"Warhammer 40,000: Space Marine 2 - Imperial Fists Cosmetic Pack",new,released 12 months ago,2025-09-04,0,88,False,"Action, RPG, Gore, Violent, Adventure"
4440380,Forza Horizon 6 VIP Membership,new,released 4 months ago,2026-05-19,0,88,False,"Racing, Sports, Simulation"
409560,Run Rabbit Run,new,early access,2016-03-31,0,87,True,"Platformer, Difficult, Action, Adventure, Comic Book"
3774330,Medieval Dynasty - Echoes of Nature,new,released 15 months ago,2025-06-26,0,87,False,"Crafting, Building, Multiplayer, Co-op, Medieval"
2700600,Assetto Corsa Competizione - GT2 Pack,new,early access,2024-01-24,0,86,False,"Racing, Simulation, Automobile Sim, Sports, Multiplayer"
2978630,WARNO - SOUTHAG,new,released 11 months ago,2025-10-07,0,86,False,"Action, Indie, Strategy, Simulation"
3875470,Across the Obelisk: Necropolis Of The Damned,new,released 9 months ago,2025-12-02,0,85,False,"RPG, Strategy, Adventure, Indie"
4001560,TEKKEN 8 - Miary Zo,new,released 9 months ago,2025-12-01,0,85,False,"Fighting, Action, 3D Fighter, Multiplayer, Local Multiplayer"
415080,Cyber Team Manager,new,early access,2016-01-18,0,82,True,"Casual, Indie, Sports, Simulation, Early Access"
3453950,Farming Simulator 25 - Plains & Prairies Pack,new,released 15 months ago,2025-06-03,0,82,False,"Simulation, Farming Sim, Realistic, 3D, First-Person"
4129100,TEKKEN 8 - Kunimitsu,new,released 3 months ago,2026-06-01,0,82,False,"Fighting, 3D Fighter, Action, Multiplayer, Local Multiplayer"
4805300,Heroes of Hammerwatch II - Celestial Ruins,new,released 2 months ago,2026-07-28,0,82,False,"RPG, Action, Action RPG, Action Roguelike, Dungeon Crawler"
3777620,SnowRunner - Season 18: Patch & Power,new,released 3 months ago,2026-06-25,0,79,False,"Adventure, Simulation"
3541390,Star Wars Outlaws: A Pirate's Fortune DLC,new,released 16 months ago,2025-05-15,0,78,False,"Action, Adventure, Singleplayer, Open World, Third Person"
3043470,Date Everything! - Lavish DLC,new,released 15 months ago,2025-06-17,0,77,False,"Simulation, Dating Sim, Choose Your Own Adventure, Cute, Comedy"
681060,Shooty Squad,new,early access,2017-08-17,0,76,True,"Action, Casual, Early Access, FPS"
3417000,TEKKEN 8 - Anna Williams,new,released 18 months ago,2025-03-31,0,76,False,Action
3752400,Menace from the Deep - The Rift of Sanity,new,released 15 months ago,2025-06-20,0,76,False,"Indie, Strategy, Adventure, Simulation"
3976910,Age of Wonders 4: Secrets of the Archmages,new,released 3 months ago,2026-06-16,0,74,False,"Strategy, 4X, Character Customization, Fantasy, RPG"
3899930,DCS: C-130J,new,released 10 months ago,2025-11-27,0,73,False,"Simulation, Free to Play"
4436470,MARVEL Cosmic Invasion - Cyclops & The Thing,new,released 4 months ago,2026-05-18,0,73,False,"Beat 'em up, Arcade, Pixel Graphics, Superhero, Co-op"
3199780,The Sims 4 Enchanted by Nature Expansion Pack,new,released 14 months ago,2025-07-10,0,72,False,"Simulation, Strategy, Fantasy, Cute, Cartoony"
3897660,Deadzone: Rogue - Operative Pack,new,released 13 months ago,2025-08-11,0,70,False,"Roguelike, PvE, FPS, Online Co-Op, Roguelite"
3638570,Solo Leveling:ARISE OVERDRIVE - Deluxe Edition,new,released 10 months ago,2025-11-24,0,69,False,"Action, RPG, Anime, Multiplayer, Action RPG"
4191390,The Last Spell - Tales of Torment,new,released 7 months ago,2026-02-05,0,68,False,"RPG, Indie, Strategy, Action"
4376930,Disney Dreamlight Valley: Honeyglow Woods,new,released 2 months ago,2026-07-08,0,68,False,"Simulation, RPG, Action, Casual, Adventure"
2926560,Distant Worlds 2: Return of the Shakturi,new,early access,2024-10-24,0,67,False,"Strategy, Simulation, 4X, Grand Strategy, Sci-fi"
4055790,House Party - Nocturnal Temptations Expansion Pack,new,released 7 months ago,2026-01-30,0,67,False,"Nudity, Simulation, Sandbox, Choices Matter, Story Rich"
372380,Warriors & Castles,new,early access,2015-06-30,0,66,True,"Indie, Action, Early Access, Multiplayer, Medieval"
3550840,Ship Graveyard Simulator 2 - Steam Ships DLC,new,released 18 months ago,2025-03-31,0,66,True,"Simulation, Destruction, Multiplayer, Online Co-Op, Indie"
3916540,BBY DON'T HURT ME,new,released 9 months ago,2025-12-24,0,66,True,"Utilities, Romance, Dating Sim, Software, LGBTQ+"
3933550,Commandos: Origins - Shadows over Crete,new,released 10 months ago,2025-11-18,0,66,False,"Strategy, Real Time Tactics, Action-Adventure, RTS, Wargame"
465050,Grey Phobia,new,early access,2016-08-22,0,64,True,"Early Access, Action, Indie, Singleplayer, Post-apocalyptic"
3915680,Trailmakers - Frozen Tracks,new,released 10 months ago,2025-11-20,0,64,False,"Indie, Action, Adventure, Simulation, Racing"
3164870,DCS: MiG-29A Fulcrum,new,released 12 months ago,2025-09-17,0,63,False,"Simulation, Free to Play"
4412680,Street Fighter 6 - Year 4 Character Pass,new,released 3 months ago,2026-06-05,0,63,False,"2D Fighter, Fighting, Action, Character Customization, Arcade"
787250,Clash of Castle,new,early access,2018-02-07,0,61,True,"Strategy, Action, Casual, Indie, Early Access"
3311490,"Set of 6 Scenarios for ""NOBUNAGA'S AMBITION: Awakening""",new,released 15 months ago,2025-06-05,0,59,False,"Wargame, Real Time Tactics, Grand Strategy, RTS, Immersive Sim"
3402630,Empires of the Undergrowth - Supporter Pack,new,released 18 months ago,2025-03-24,0,59,False,"Strategy, Simulation, City Builder, Base Building, Colony Sim"
3595530,Dune: Imperium - Immortality,new,released 15 months ago,2025-06-10,0,59,False,"Strategy, Board Game, Deckbuilding, Simulation, Sci-fi"
4421510,"Football, Tactics & Glory: World Championship",new,released 4 months ago,2026-05-21,0,59,False,"Turn-Based Combat, Football (Soccer), Simulation, Strategy, Management"
3410470,Street Fighter™ 6 - Year 3 Ultimate Pass,new,released 14 months ago,2025-07-15,0,58,False,"Action, Adventure"
535170,Climbtime,new,early access,2017-05-03,0,57,True,"Casual, Indie, Free to Play, VR, Parkour"
715410,Signs Of Darkness,new,early access,2017-12-14,0,57,True,"Adventure, RPG, Indie, Action, Early Access"
4055140,Hello Kitty Island Adventure - City Town,new,released 5 months ago,2026-04-16,0,57,False,"Cozy, Adventure, Open World, Simulation, Cute"
3023570,The Last Spell - Elves of Amberwald,new,released 17 months ago,2025-04-22,0,56,False,"RPG, Indie, Strategy, Action"
4369830,Jotunnslayer: Hordes of Hel - Conan,new,released 5 months ago,2026-04-09,0,56,False,"Action Roguelike, Roguelite, Bullet Hell, Action RPG, Hack and Slash"
4598200,Dune: Imperium - Uprising,new,released 3 months ago,2026-06-09,0,56,False,"Strategy, Simulation, Board Game"
693830,Containment Corps,new,early access,2017-09-20,0,55,True,"Action, Adventure, Indie, Free to Play, FPS"
4439260,Forza Horizon 6 Welcome Pack,new,released 4 months ago,2026-05-19,0,55,False,"Racing, Open World, Simulation, Driving, Automobile Sim"
2679810,Car For Sale Simulator 2023 - Super Sports DLC,new,released 11 months ago,2025-10-23,0,54,False,"Simulation, Driving, Trading, Immersive Sim, Automobile Sim"
3473650,Nice Day for Fishing - Legendary DLC,new,released 16 months ago,2025-05-29,0,54,False,"Adventure, RPG, Fishing, Action RPG, Action-Adventure"
485430,NAL Is Alive,new,early access,2016-12-17,0,53,True,"Indie, Gore, Violent, Early Access, Arcade"
556530,Faerie Solitaire Dire,new,early access,2020-09-07,0,53,True,"Early Access, Card Battler, Solitaire, Collectathon, Casual"
3547790,My Wife,new,released 17 months ago,2025-04-10,0,53,False,"Cute, Anime, Emotional, Casual, Female Protagonist"
683690,Supermarket Tycoon,new,early access,2017-08-29,0,52,True,"Strategy, Simulation, Indie, Early Access"
4185020,Tank Mechanic Simulator - Cromwell Mk.IV DLC,new,released 6 months ago,2026-03-06,0,51,False,"Indie, Action, Casual, Adventure, Simulation"
3879880,Train Sim World 6: Schnellfahrstrecke Nürnberg - Ingolstadt Route Add-On,new,released 1 months ago,2026-08-13,0,50,False,Simulation
4129630,Old World - Empires of the Indus,new,released 6 months ago,2026-03-30,0,50,False,"Strategy, Simulation, Grand Strategy, 4X, Historical"
639220,Throttle Powah VR,new,early access,2017-05-30,0,49,True,"Action, Sports, Indie, Racing, Early Access"
3377850,Bloons TD 6: Rogue Legends,new,released 11 months ago,2025-10-15,0,49,False,"Tower Defense, Strategy, Multiplayer, Singleplayer, Online Co-Op"
4412690,Street Fighter 6 - Year 4 Ultimate Pass,new,released 3 months ago,2026-06-05,0,49,False,"2D Fighter, Fighting, Action, Character Customization, Arcade"
4341060,Songs of Conquest - Yulan,new,released 3 months ago,2026-06-04,0,48,False,"Local Multiplayer, Turn-Based Tactics, Tactical, 4X, Turn-Based Strategy"
2791000,Icarus: Homestead Content Pack,new,released 7 months ago,2026-02-20,0,47,False,"Simulation, Action, Adventure"
3524290,Digimon Story Time Stranger - Additional Digimon & Episode Pack 3: Anti-ParadoX,new,released 6 months ago,2026-03-11,0,47,False,"RPG, JRPG, Creature Collector, Party-Based RPG, Anime"
4172650,Commandos: Origins - No Man Left Behind,new,released 5 months ago,2026-04-28,0,47,False,"Strategy, Real Time Tactics, Action-Adventure, RTS, Wargame"
777040,Criminal Bundle,new,early access,2018-02-13,0,45,True,"Action, Indie, Multiplayer, FPS, Early Access"
3548690,The Sims 4 Royalty & Legacy Grand Bundle,new,released 7 months ago,2026-02-12,0,45,False,"Simulation, Strategy, Singleplayer, Cute, Fantasy"
4439280,Forza Horizon 6 Time Attack Car Pack,new,released 4 months ago,2026-05-19,0,43,False,"Racing, Simulation, Sports"
4621250,HITMAN WOA - The Wizard Pack,new,released 3 months ago,2026-06-05,0,43,False,"Stealth, Assassins, Action, VR, Singleplayer"
431830,Drift Into Eternity,new,early access,2016-12-13,0,42,True,"Indie, Action, Adventure, Survival, Sci-fi"
546210,Unforgiven VR,new,early access,2017-02-23,0,42,True,"Indie, Action, Early Access, Western, VR"
3872930,American Truck Simulator - KRONE Agriculture Equipment,new,released 11 months ago,2025-10-06,0,42,False,"Indie, Simulation"
3895690,Automobilista 2 - Nürburgring 2025,new,released 14 months ago,2025-07-30,0,42,False,"Indie, Action, Racing, Sports, Simulation"
4030770,WARNO - Nemesis #4 - Capital Defence,new,released 10 months ago,2025-11-13,0,42,False,"Indie, Action, Strategy, Simulation"
4794830,Crime Simulator - Ashen Creek DLC,new,released 1 months ago,2026-08-11,0,42,False,"Multiplayer, Simulation, Crime, Online Co-Op, Heist"
3874260,Anno 117: Pax Romana - Blooming Cities Pack,new,released 3 months ago,2026-06-18,0,41,False,"Strategy, Simulation"
4348790,Farming Simulator 25: Vredo Pack,new,released 6 months ago,2026-03-24,0,41,False,Simulation
3577690,"Warhammer 40,000: Battlesector - Ultramarines",new,released 4 months ago,2026-05-21,0,40,False,"Strategy, Turn-Based Tactics, Turn-Based Strategy, Violent, 3D"
4070950,FATAL FURY CotW Season pass 2,new,released 8 months ago,2026-01-22,0,40,False,Action
4518280,Pioneers of Pagonia - Meadowsong,new,released 4 months ago,2026-05-27,0,40,False,"Strategy, Simulation"
467890,Garage Drummer VR,new,early access,2016-06-21,0,39,True,"Audio Production, Early Access, VR, Music, Simulation"
3362880,Wingspan: Asia Expansion,new,released 15 months ago,2025-06-16,0,39,False,"Building, Strategy, Board Game, Card Game, Relaxing"
3826010,Ship Graveyard Simulator 2 - Fishing Boats DLC,new,released 14 months ago,2025-07-24,0,39,True,"Simulation, Indie, Casual, Action, Adventure"
4439290,Forza Horizon 6 Italian Passion Car Pack,new,released 2 months ago,2026-07-14,0,39,False,"Sports, Simulation, Racing"
3543920,Gas Station Simulator - RV Camp DLC,new,released 11 months ago,2025-10-07,0,38,False,"Simulation, Economy, Building, Singleplayer, Casual"
3346620,Root: The Marauder Expansion,new,early access,2025-01-14,0,37,False,"Strategy, Board Game, Tabletop, War, Wargame"
583530,Aquila Bird Flight Simulator,new,early access,2020-12-27,0,36,True,"Simulation, Casual, Flight, VR, Life Sim"
769940,Fantasy Defense,new,early access,2018-03-29,0,36,True,"Strategy, Indie, Tower Defense, Fantasy, Casual"
3288480,Gunsmith Simulator - Flint & Powder,new,early access,2025-01-09,0,36,False,"Simulation, Action, Singleplayer, Realistic, Military"
984250,Red Tractor Tycoon,new,early access,2019-02-19,0,35,True,"Farming Sim, Simulation, Automobile Sim, Early Access, Agriculture"
3874230,Anno 117: Pax Romana - Marvellous Mosaic Pack,new,released 7 months ago,2026-02-19,0,35,False,"Strategy, Simulation"
4348660,American Truck Simulator - Bobcat Cargo Pack,new,released 7 months ago,2026-02-26,0,35,False,"Indie, Simulation"
4542910,HITMAN WOA - World Champions Pack,new,released 3 months ago,2026-06-05,0,35,False,"Stealth, Assassins, Action, VR, Singleplayer"
3473820,Planet Zoo: Americas Animal Pack,new,released 17 months ago,2025-04-15,0,34,False,"Management, Simulation, Building, Sandbox, Nature"
4152390,Teenage Mutant Ninja Turtles: Splintered Fate - Alopex Character DLC,new,released 7 months ago,2026-02-24,0,34,False,"Co-op, Action Roguelike, Adventure, Multiplayer, PvE"
3784190,Teenage Mutant Ninja Turtles: Splintered Fate - Metalhead,new,released 11 months ago,2025-09-30,0,33,False,"Adventure, Co-op, Action Roguelike, Multiplayer, PvE"
3903700,Call to Arms: Panzer Elite - Deluxe Edition,new,released 12 months ago,2025-09-19,0,33,False,"Action, Simulation"
4035920,"Train Sim World 6: Thames Valley: Windsor, Henley & Marlow Branch Lines Add-On",new,released 2 months ago,2026-07-21,0,33,False,"Simulation, Trains, Transportation, Immersive Sim, Automobile Sim"
3102370,Fixer Undercover,new,released 2 months ago,2026-07-15,0,32,False,"Puzzle, Escape Room, Adventure, Utilities, Funny"
3577620,"Warhammer 40,000: Battlesector - Black Legion",new,released 7 months ago,2026-02-24,0,32,False,"Strategy, Turn-Based Tactics, Turn-Based Strategy, 3D, Violent"
3864310,Mr. Prepper - Uranium Project DLC,new,released 12 months ago,2025-09-26,0,32,False,"RPG, Indie, Action, Casual, Adventure"
3868750,TerraScape Ancient Egypt,new,released 6 months ago,2026-03-09,0,32,False,"Turn-Based Strategy, Puzzle, Board Game, Medieval, Deckbuilding"
509260,Northern Regime,new,early access,2017-02-17,0,31,True,"Adventure, Action, Casual, Indie, Early Access"
754020,Galactic Harvester,new,early access,2018-03-23,0,30,True,"Indie, Casual, Simulation, Early Access"
2621910,Sands of Salzaar - Land of the Eclipse,new,early access,2023-12-07,0,30,False,"RPG, Strategy, Indie, Adventure, Open World"
792970,Wheelz2,new,early access,2018-05-19,0,29,True,"Indie, Racing, Early Access"
3774910,Hell Clock: Cursed War,new,released 2 months ago,2026-07-09,0,29,False,"Dark, Indie, Action Roguelike, Dungeon Crawler, Alternate History"
659220,PROJECT MAZE,new,early access,2018-05-28,0,28,True,"Early Access, Puzzle, Exploration, First-Person, Third Person"
3398380,Age of Mythology: Retold - New Gods Pack: Demeter,new,released 5 months ago,2026-04-21,0,28,False,Strategy
3586990,Planet Zoo: Asia Animal Pack,new,released 15 months ago,2025-06-25,0,28,False,"Management, Simulation, Building, Sandbox, Nature"
4511560,Dorfromantik - Medieval Biome Pack,new,released 3 months ago,2026-06-02,0,28,False,"Indie, Simulation, Casual, Strategy"
3524350,Digimon Story Time Stranger - Costume Public Safety Suit & Special Supplies Set,new,released 11 months ago,2025-10-02,0,27,False,"RPG, JRPG, Creature Collector, Party-Based RPG, Collectathon"
4523180,Company of Heroes 3: Hammer & Shield Battlegroup DLC,new,released 5 months ago,2026-04-14,0,27,False,"Gore, Action, Violent, Strategy"
4140430,WW2 Rebuilder: Remagen and Caen DLC,new,released 8 months ago,2026-01-09,0,26,False,"Casual, Strategy, Simulation, RPG, Indie"
509070,Super VR Trainer,new,early access,2017-03-13,0,25,True,"Indie, Action, VR, Casual, Sports"
693790,Crypt Hunter,new,early access,2017-09-14,0,25,True,"Early Access, VR"
3660210,Car Mechanic Simulator 2021 - Police DLC,new,released 14 months ago,2025-07-28,0,25,False,"Racing, Simulation"
3919200,Parkitect - Dinos & Dynasties,new,released 12 months ago,2025-09-17,0,25,False,"Simulation, Indie, Casual, Strategy, Co-op"
4370220,Goat Simulator 3 – Buck to the Future Pack,new,released 5 months ago,2026-04-01,0,25,False,"Physics, Sandbox, Simulation, Exploration, Open World"
4499280,Astral Ascent - Arven the Wolf Blade,new,released 4 months ago,2026-05-14,0,23,False,"Indie, Action Roguelike, Roguelite, Hack and Slash, Atmospheric"
2800250,"Sniper Elite: Resistance - Mud and Thunder Mission, Weapons and Skin Pack",new,released 15 months ago,2025-06-17,0,22,False,"Action, Adventure, Third-Person Shooter, Singleplayer, Violent"
3913690,Pinball FX - Williams Pinball Volume 9,new,released 13 months ago,2025-08-14,0,22,False,"Simulation, Free to Play"
4540950,Everything is Crab - Supporter Pack,new,released 4 months ago,2026-05-08,0,22,False,"Action Roguelike, Roguelite, Character Customization, Replay Value, Action"
544220,Damage: Sadistic Butchering of Humanity,new,early access,2016-12-11,0,21,True,"Gore, Nudity, Indie, Sexual Content, Action"
681550,Maze Run VR,new,early access,2017-09-02,0,21,True,"Indie, Action, Adventure, Simulation, Early Access"
2670310,ATC4: Airport NARITA [RJAA],new,released 16 months ago,2025-05-20,0,21,False,"Simulation, Strategy, Real Time Tactics, Flight, RTS"
3853680,Abyssus - Brinehunter Pack,new,released 13 months ago,2025-08-12,0,21,False,"FPS, Co-op, Roguelite, Online Co-Op, PvE"
4062430,THE FINALS - The Apothecarion Set,new,released 11 months ago,2025-10-23,0,21,False,"Action, Free to Play"
4193350,Panzer Corps 2: Allied Operations - Italy: Vol.1,new,released 4 months ago,2026-05-14,0,21,False,"Strategy, World War II, Turn-Based Strategy, Military, Turn-Based"
700590,Ghostly Horizon,new,early access,2018-04-03,0,20,True,"Action, Early Access, Indie, Adventure"
2013850,Borderlands4: Gilded Glory Pack,new,released 12 months ago,2025-09-11,0,20,False,"Adventure, FPS, Looter Shooter, Co-op, PvE"
3556440,The Texas Chain Saw Massacre - Denim Outfit Pack,new,released 18 months ago,2025-03-20,0,20,False,"Horror, Multiplayer, Survival Horror, Team-Based, Action"
3917380,The Crew Motorfest | Year 3 Pass,new,released 10 months ago,2025-11-05,0,20,False,Racing
4143120,Terraforming Mars - Colonies,new,released 8 months ago,2026-01-22,0,20,False,Strategy
4519150,Sudden Strike 5 - France: Road to Liberation,new,released 2 months ago,2026-07-30,0,20,False,"Strategy, RTS, World War II, Action RTS, Action"
695810,HORDE ATTACK,new,early access,2017-09-15,0,19,True,"Casual, Strategy, Indie, Action, Early Access"
3499740,Gunsmith Simulator - Fabryka Broni DLC,new,released 16 months ago,2025-05-23,0,19,False,"Simulation, Singleplayer, Realistic, Military, Early Access"
4084640,"Warhammer 40,000: Gladius - Rampage Pack",new,released 9 months ago,2025-12-09,0,19,False,"Strategy, 4X, Turn-Based Strategy, Turn-Based, Multiplayer"
542820,DemonicGuestVR,new,early access,2016-10-17,0,18,True,"Casual, Early Access, VR, Horror, Experience"
717760,"Catch the Thief, If you can!",new,early access,2018-01-18,0,18,True,"Action, Adventure, Indie, Early Access, Singleplayer"
3548850,The Sims 4 Adventure Awaits Expansion Pack,new,released 11 months ago,2025-10-02,0,18,False,"Simulation, Strategy, Fantasy, Romance, Sandbox"
3749300,Pinball FX - Tomb Raider Pinball,new,released 15 months ago,2025-06-19,0,18,False,"Simulation, Free to Play"
3930040,World War Z: Raging Phoenix Skin Pack,new,released 12 months ago,2025-09-25,0,18,False,"Gore, Action, Violent"
4540370,Rail Route - Expect Delays,new,released 2 months ago,2026-07-24,0,18,False,"Building, Management, Sandbox, Economy, Logic"
513050,Outrageous Grounds: The Maze,new,early access,2017-01-27,0,17,True,"Action, VR, Early Access, Adventure, Indie"
728950,Barrels Up,new,early access,2017-11-22,0,17,True,"Action, Casual, VR, Early Access, Indie"
2216240,Business War: ERP Sandbox Simulation,new,released 17 months ago,2025-04-24,0,17,False,"Turn-Based Tactics, Education, Science, Management, Economy"
431360,The Legend: A University Story,new,early access,2016-07-27,0,16,True,"Indie, Action, Adventure, Early Access, Horror"
717020,Drosoph Hotel,new,early access,2017-10-23,0,16,True,"Indie, Adventure, Simulation, Strategy, Early Access"
2999730,Screw Drivers - Supporter Pack,new,early access,2024-06-20,0,16,False,"Action, Racing, Simulation, Indie, Automobile Sim"
535270,Constricting Cubes,new,early access,2016-11-07,0,15,True,"Strategy, Indie, Action, Casual, VR"
612600,Drone Fighters,new,early access,2017-04-21,0,15,True,"Action, Early Access, Indie, Sports, Simulation"
625000,Knightfall,new,early access,2017-09-04,0,15,True,"RPG, Action, Adventure, Early Access, Dungeon Crawler"
2844540,JR EAST Train Simulator: Takasaki Line (Ueno to Takasaki) E233-3000 series,new,early access,2024-02-27,0,15,False,"Simulation, Trains, Driving, Transportation, 2D Platformer"
2893870,Police Simulator: Patrol Officers: Unmarked Police Vehicle Pack,new,early access,2024-08-13,0,15,False,"Simulation, Crime, Open World, Multiplayer, Realistic"
3269260,Mafia: The Old Country - Padrino Pack,new,released 13 months ago,2025-08-07,0,15,False,"Immersive, Third-Person Shooter, Shooter, Action-Adventure, Action"
4197300,World War Z: Lunar New Year Skin Pack,new,released 7 months ago,2026-02-10,0,15,False,"Zombies, Multiplayer, Online Co-Op, Action, Co-op"
4348800,Farming Simulator 25: SKY Agriculture Pack,new,released 3 months ago,2026-06-30,0,15,False,Simulation
436510,Worlds of Chaos: Invasion,new,early access,2016-02-10,0,14,True,"RPG, Indie, Early Access, Strategy, Action"
513960,Galactic Fighters,new,early access,2017-03-15,0,14,True,"Action, Indie, Space, Bullet Hell, Early Access"
3508950,Panzer Corps 2: Frontlines - Westwall,new,released 13 months ago,2025-08-19,0,14,False,"Strategy, World War II, Turn-Based Strategy, Military, Turn-Based"
3864840,City Transport Simulator - Bus DLC: MAN New Lion's City,new,released 11 months ago,2025-10-07,0,14,False,Simulation
455990,Smash Pixel Racing,new,early access,2016-06-20,0,13,True,"Racing, Action, Early Access, Indie"
2386840,数据结构之森,new,early access,2023-05-19,0,13,False,"Simulation, Puzzle, Cartoony, Education, Dynamic Narration"
3087440,Sid Meier's Civilization VII: Right to Rule Collection - Wonder Pack,new,released 3 months ago,2026-06-18,0,13,False,"Strategy, Simulation"
3170370,Rule the Waves 3: Expanded Battles,new,released 6 months ago,2026-03-19,0,13,False,"Simulation, Strategy"
3400430,Car For Sale Simulator 2023 - PickUp & SUV,new,released 9 months ago,2025-12-10,0,13,False,"Indie, Simulation, 3D, FPS, Casual"
3853790,Abyssus - Brineguard Pack,new,released 11 months ago,2025-10-06,0,13,False,"FPS, Co-op, Roguelite, Online Co-Op, PvE"
3930030,World War Z: Vibrant Halloween Skin Pack,new,released 12 months ago,2025-09-25,0,13,False,Action
4181590,WWE 2K26 Ringside Pass Premium Season 1,new,released 6 months ago,2026-03-05,0,13,False,"Simulation, Sports, 3D Fighter, Wrestling, Sandbox"
4407410,Monsters are Coming! Power Corrupts,new,released 5 months ago,2026-04-22,0,13,False,"Action, Roguelite, Tower Defense, Top-Down, Bullet Hell"
602550,Space Conquest,new,early access,2017-07-17,0,12,True,"Indie, Casual, Early Access, Action, VR"
3087260,Sid Meier's Civilization VII: Himiko (High Shaman) Persona,new,released 16 months ago,2025-05-19,0,12,False,"Strategy, Turn-Based Strategy, 4X, Grand Strategy, Simulation"
3592100,City Transport Simulator: Tram,new,released 15 months ago,2025-06-02,0,12,False,Simulation
3955770,Trombone Champ: UNDERTALE + DELTARUNE Song Pack,new,released 9 months ago,2025-12-18,0,12,False,"Rhythm, Comedy, Funny, Music, Casual"
4511550,Pinball FX - Williams Pinball Volume 10,new,released 5 months ago,2026-04-30,0,12,False,"Simulation, Free to Play"
565910,Trainscape,new,early access,2017-06-28,0,11,True,"Indie, Simulation, Early Access, VR, Trains"
3087220,Sid Meier's Civilization VII: Xerxes (The Achaemenid) Persona,new,released 16 months ago,2025-05-19,0,11,False,"Strategy, Turn-Based Strategy, Grand Strategy, 4X, Simulation"
4213840,Gunsmith Simulator - Heavy Metal DLC,new,released 4 months ago,2026-05-28,0,11,False,"Simulation, Singleplayer, Realistic, Military, Early Access"
585310,Beyond the City VR,new,early access,2017-02-09,0,10,True,"Strategy, Indie, Action, Casual, Early Access"
622610,Cult: Fear Inside,new,early access,2017-09-28,0,10,True,"Early Access, Gore, Action, Indie, Violent"
4399560,CTS 2026 - Bus DLC: Citybus C2,new,released 5 months ago,2026-04-14,0,10,False,Simulation
397830,Zxill: A Legend of Time,new,early access,2015-09-04,0,9,True,"Indie, Adventure, Early Access, RPG, Retro"
3087270,Sid Meier's Civilization VII: Ashoka (World Conqueror) Persona,new,released 16 months ago,2025-05-19,0,9,False,"Strategy, Simulation, Turn-Based Strategy, 4X, Grand Strategy"
3269270,Mafia: The Old Country - Gatto Nero Pack,new,released 13 months ago,2025-08-07,0,9,False,"Immersive, Action, Third-Person Shooter, Shooter, Action-Adventure"
3901640,GBVSR - Additional Character Set (Meg),new,released 11 months ago,2025-10-15,0,9,False,"Action, LGBTQ+"
4071070,FATAL FURY: CotW - Season Pass 3,new,released 2 months ago,2026-07-23,0,9,False,Action
4340980,Sengoku Dynasty - Sakura Pack,new,released 5 months ago,2026-04-30,0,9,False,"RPG, Adventure, Simulation"
775920,Soul Reaper: Unreap Commander,new,early access,2018-04-24,0,8,True,"RPG, Indie, Strategy, Early Access"
827560,Arena of the Gods,new,early access,2018-03-22,0,8,True,"Indie, Action, RPG, Early Access, Difficult"
3200010,The Sims 4 Kitchen Clutter Kit,new,released 16 months ago,2025-05-01,0,8,False,"Simulation, Casual, Adventure, Cute, Fantasy"
3265830,Golf With Your Friends - Soaring Eagles Cosplay Pack,new,released 16 months ago,2025-05-29,0,8,False,"Indie, Casual, Sports"
2932800,Galactic Civilizations IV - Tales of the Terran Alliance,new,released 9 months ago,2025-12-04,0,7,False,"Simulation, Space, Grand Strategy, Strategy, 4X"
3087240,Sid Meier's Civilization VII: Friedrich (Baroque) Persona,new,released 16 months ago,2025-05-19,0,7,False,"Strategy, Turn-Based Strategy, Grand Strategy, 4X, Simulation"
3087290,Sid Meier's Civilization VII: Ada Lovelace Pack,new,released 16 months ago,2025-05-19,0,7,False,"Strategy, Turn-Based Strategy, 4X, Grand Strategy, Simulation"
3087300,Sid Meier's Civilization VII: Great Britain Pack,new,released 16 months ago,2025-05-19,0,7,False,"Strategy, Turn-Based Strategy, 4X, Grand Strategy, Simulation"
3087350,Sid Meier's Civilization VII: Crossroads of the World Collection - Wonder Pack,new,released 16 months ago,2025-05-19,0,7,False,"Strategy, Turn-Based Strategy, 4X, Grand Strategy, Simulation"
3087370,Sid Meier's Civilization VII: Genghis Khan Pack,new,released 3 months ago,2026-06-18,0,7,False,"Strategy, Simulation"
4077560,THE FINALS - The Chirurgeon Set,new,released 11 months ago,2025-10-23,0,7,False,"Action, Free to Play"
4093840,THE FINALS - VANGUARD TGM25,new,released 11 months ago,2025-10-16,0,7,False,"Action, Free to Play"
572480,Orbiz,new,early access,2019-09-16,0,6,True,"Action, Indie, Adventure, Casual, Local Co-Op"
794230,Golden8bits,new,early access,2018-05-21,0,6,True,"Indie, Early Access, Adventure"
3555990,MX vs ATV Legends - 2025 Monster Energy Supercross Championship,new,released 17 months ago,2025-04-29,0,6,False,"Racing, Sports"
4661990,Tom Clancy’s The Division 2 – Into the Dark Bundle,new,released 3 months ago,2026-06-16,0,6,False,"Looter Shooter, Open World, Multiplayer, Singleplayer, Third-Person Shooter"
672320,The Last Sorcerer,new,early access,2017-09-12,0,5,True,"Indie, Action, Early Access, Simulation, VR"
3087280,Sid Meier's Civilization VII: Carthage Pack,new,released 16 months ago,2025-05-19,0,5,False,"Strategy, Turn-Based Strategy, Simulation, 4X, Grand Strategy"
4244090,Heavy Cargo - The Truck Simulator: Heavy South,new,released 2 months ago,2026-07-27,0,5,False,"Simulation, Economy, Realistic, Immersive Sim, Automobile Sim"
4380580,The Scorching Herald – Gryphon Legendary Hero Skin – FOR HONOR,new,released 6 months ago,2026-03-12,0,5,False,"Gore, Action, Violent"
4399530,CTS 2026 - Bus DLC: MAN New Lion's City,new,released 5 months ago,2026-04-14,0,5,False,Simulation
4613570,Animal Shelter 2 - Hunting Dogs DLC,new,released 5 months ago,2026-04-29,0,5,False,"Indie, Casual, Adventure, Simulation"
1544240,VR Pianist,new,early access,2021-08-18,0,4,False,"Music, Rhythm, Quick-Time Events, Audio Production, VR"
3008470,Tokachi Detective: The Balloon Case,new,released 17 months ago,2025-04-16,0,4,False,"Adventure, Software, Visual Novel, Detective, 2D"
3087410,Sid Meier's Civilization VII: Assyria Pack,new,released 3 months ago,2026-06-18,0,4,False,"Strategy, Simulation"
3765170,The Sims 4 Garden to Table Kit,new,released 10 months ago,2025-11-13,0,4,False,"Simulation, Casual, Adventure, Cute, Fantasy"
3896910,3on3 FreeStyle – P6 Selection Rookie Pack,new,released 14 months ago,2025-07-30,0,4,False,"Basketball, Team-Based, PvP, Third-Person Shooter, Online Co-Op"
4418510,Naoe the Swift – Shinobi Hero Skin – FOR HONOR,new,released 5 months ago,2026-04-23,0,4,False,"Gore, Action, Violent"
726610,Podium Bash,new,early access,2017-11-02,0,3,True,"Indie, Casual, Early Access, VR"
3087310,Sid Meier's Civilization VII: Simón Bolívar Pack,new,released 16 months ago,2025-05-19,0,3,False,"Strategy, Turn-Based Strategy, 4X, Simulation, Grand Strategy"
3087320,Sid Meier's Civilization VII: Bulgaria Pack,new,released 16 months ago,2025-05-19,0,3,False,"Strategy, Turn-Based Strategy, 4X, Simulation, Grand Strategy"
3087330,Sid Meier's Civilization VII: Nepal Pack,new,released 16 months ago,2025-05-19,0,3,False,"Strategy, Turn-Based Strategy, 4X, Simulation, Grand Strategy"
3087380,Sid Meier's Civilization VII: Dai Viet Pack,new,released 3 months ago,2026-06-18,0,3,False,"Strategy, Simulation"
4155090,Flats Full of Cats: Bugs & Bolts,new,released 1 months ago,2026-08-03,0,3,False,"Hidden Object, Wholesome, Cats, Cozy, Story Rich"
4429510,The Sims 4 Lady Bridgerton's Masquerade Ball Fashion Kit,new,released 4 months ago,2026-05-14,0,3,False,"Simulation, Strategy, Cute, Fantasy, Romance"
4848500,MARVEL Tōkon: Fighting Souls - Year 1 Characters and Stage Pass,new,released 1 months ago,2026-08-06,0,3,False,"Action, Casual, 2D Fighter, Arcade, eSports"
3087400,Sid Meier's Civilization VII: Silla Pack,new,released 3 months ago,2026-06-18,0,2,False,"Simulation, Grand Strategy, Historical, 4X, Strategy"
3087420,Sid Meier's Civilization VII: Qajar Pack,new,released 3 months ago,2026-06-18,0,2,False,"Simulation, Grand Strategy, Strategy, Historical, 4X"
3883640,Jotunnslayer: Hordes of Hel - Heimdal's Bifrost Armor Pack,new,released 12 months ago,2025-09-03,0,2,False,"RPG, Gore, Indie, Action, Violent"
4155080,Flats Full of Cats: Stars & Oysters,new,released 1 months ago,2026-08-03,0,2,False,"Hidden Object, Wholesome, Cats, Cozy, Story Rich"
4155110,Flats Full of Cats: Capes & Curses,new,released 1 months ago,2026-08-03,0,2,False,"Hidden Object, Wholesome, Cats, Cozy, Story Rich"
4429520,The Sims 4 Lady Bridgerton’s Masquerade Ballroom Kit,new,released 4 months ago,2026-05-14,0,2,False,"Simulation, Strategy, Cute, Fantasy, Romance"
2421770,DEMONIAC WORDS,new,early access,2023-05-27,0,1,False,"RPG, 3D, Female Protagonist, Adventure, Singleplayer"
3087390,Sid Meier's Civilization VII: Lakshmibai Pack,new,released 3 months ago,2026-06-18,0,1,False,"Simulation, Grand Strategy, Historical, 4X, Strategy"
3921120,Jotunnslayer: Hordes of Hel - Tyr's Mythical Armor Pack,new,released 12 months ago,2025-09-03,0,1,False,"Indie, Action Roguelike, Action, Roguelite, Bullet Hell"
4418610,Assassin's Creed Ultimate Hero Skin Bundle – FOR HONOR,new,released 5 months ago,2026-04-23,0,1,False,"Gore, Action, Violent"
4556920,Sticky Business: Seaside Tales,new,released 2 months ago,2026-07-21,0,1,True,"Casual, Simulation, Relaxing, Cute, Indie"
713550,Hikaru's Cube,new,early access,2017-09-15,0,0,True,"Indie, Action, Casual, Early Access"
2593290,Dragon's Dogma 2: Dark Arisen Expansion,new,released -1 months ago,2026-10-09,0,0,True,"RPG, Open World, Action RPG, Action, Fantasy"
4404070,Farming Simulator 25: Beans & Alpacas Expansion,new,released -1 months ago,2026-10-27,0,0,False,Simulation
38410,Fallout 2: A Post Nuclear Role Playing Game,too-old,released 2009,2009-08-19,133,15434,False,"RPG, Post-apocalyptic, Classic, Isometric, Open World"
15620,"Warhammer 40,000: Dawn of War II - Anniversary Edition (Classic)",too-old,released 2009,2009-02-18,121,13904,False,"Warhammer 40K, Strategy, RTS, Sci-fi, Multiplayer"
2362420,Mass Effect 2 (2010) Edition,too-old,retired or classic re-release,2023-05-15,110,375,False,"RPG, Action, Third-Person Shooter, Sci-fi, Space"
32400,"STAR WARS™ Dark Forces (Classic, 1995)",too-old,released 2009,2009-09-16,94,2971,False,"FPS, Action, Classic, Sci-fi, Shooter"
2100,Dark Messiah of Might & Magic,too-old,released 2006,2006-10-25,81,11774,False,"RPG, First-Person, Action, Fantasy, Swordplay"
2130,Dark Messiah of Might & Magic,too-old,released 2006,2006-10-25,81,84,False,"RPG, First-Person, Action, Fantasy, Adventure"
1048540,Kao the Kangaroo: Round 2 (2003 re-release),too-old,retired or classic re-release,2019-05-31,64,7859,False,"Adventure, 3D Platformer, Action, Casual, Platformer"
259130,Wasteland 1 - The Original Classic,too-old,retired or classic re-release,2013-11-13,55,479,False,"RPG, Post-apocalyptic, Classic, Turn-Based, Adventure"
42680,Call of Duty®: Modern Warfare® 3 (2011),too-old,retired or classic re-release,2011-11-08,54,39641,False,"Action, FPS, Multiplayer, Shooter, First-Person"
37400,"Time Gentlemen, Please! and Ben There, Dan That! Special Edition Double Pack",too-old,released 2009,2009-08-25,49,689,False,"Point & Click, Adventure, Indie, Comedy, 2D"
37420,"Time Gentlemen, Please! and Ben There, Dan That! Special Edition  Double Pack",too-old,released 2009,2009-08-25,49,59,False,"Point & Click, Adventure, Comedy, Indie, 2D"
65540,Gothic 1,too-old,released 2001,2001-03-15,48,15862,False,"RPG, Open World, Classic, Atmospheric, Singleplayer"
8660,GTR Evolution Expansion Pack for RACE 07,too-old,released 2008,2008-08-31,47,291,False,"Racing, Simulation, Driving, Multiplayer, Singleplayer"
31120,"Wallace & Gromit’s Grand Adventures, Episode 3: Muzzled!",too-old,released 2009,2009-06-14,45,41,False,
31130,"Wallace & Gromit’s Grand Adventures, Episode 4: The Bogey Man",too-old,released 2009,2009-07-29,45,40,False,
224980,Tomb Raider IV: The Last Revelation (1999),too-old,retired or classic re-release,2012-11-28,42,1389,False,"Adventure, Action, Female Protagonist, Action-Adventure, Puzzle"
2340,Quake II Mission Pack: Ground Zero,too-old,released 2007,2007-08-03,26,226,False,"Action, FPS, Shooter, Classic, First-Person"
2330,Quake II Mission Pack: The Reckoning,too-old,released 2007,2007-08-03,26,193,False,"Action, Shooter, FPS, First-Person, Classic"
12500,PuzzleQuest: Challenge of the Warlords,too-old,released 2008,2008-01-29,15,1129,False,"Puzzle, Match 3, Casual, RPG, Fantasy"
3810,BloodRayne (Legacy),too-old,released 2006,2006-09-14,11,603,False,"Action, Vampire, Female Protagonist, Third Person, Singleplayer"
3820,BloodRayne 2 (Legacy),too-old,released 2006,2006-09-14,11,438,False,"Action, Vampire, Female Protagonist, Gore, Hack and Slash"
29640,Aion<sup>®</sup>: Assault on Balaurea™,too-old,released 2009,2009-09-21,3,14,False,
10540,Football Manager 2009,too-old,retired or classic re-release,,3,0,False,
1670,Iron Warriors: T-72 Tank Command,too-old,released 2006,2006-07-26,2,299,True,"Simulation, Strategy, Tanks, Military, Singleplayer"
25500,Cricket Revolution,too-old,released 2009,2009-10-28,2,125,True,"Sports, Indie, Simulation, Cricket"
33550,Time of Shadows,too-old,released 2009,2009-09-11,2,17,True,"Action, RPG"
398170,Evochron Legacy SE,too-old,retired or classic re-release,2016-01-18,1,421,False,"Space Sim, Simulation, Space, Exploration, First-Person"
32730,F-22 Lightning 3,too-old,released 2009,2009-06-18,1,204,True,"Simulation, Flight"
32720,F-16 Multirole Fighter,too-old,released 2009,2009-06-18,1,143,True,"Simulation, Flight, Military"
326590,Cinemaware Anthology: 1986-1991,too-old,retired or classic re-release,2014-11-14,1,131,True,"Strategy, Action, Sports, Simulation, Retro"
12430,SlamIt Pinball Big Score,too-old,released 2009,2009-02-23,1,130,True,"Casual, Pinball"
32710,Armored Fist 3,too-old,released 2009,2009-06-18,1,87,True,"Simulation, Tanks"
940300,Escape Legacy: Ancient Scrolls,too-old,retired or classic re-release,2018-10-15,1,67,True,"Indie, Adventure, Casual, Female Protagonist, Puzzle"
21300,Gravitron 2,too-old,released 2008,2008-09-30,1,32,True,"Arcade, Indie, Retro"
840940,Spirits of Metropolis: Legacy Edition,too-old,retired or classic re-release,2018-05-09,1,4,True,"Indie, Casual, Strategy, Match 3, Retro"
545940,Hunting Unlimited 2009,too-old,retired or classic re-release,2016-11-03,0,54,True,"Simulation, Hunting"
3390940,"JR EAST Train Simulator: Tōkaidō Freight Line (Nebukawa to Tokyo,Shinjuku） E257-2000,5500 Series",too-old,retired or classic re-release,2024-12-17,0,27,False,"Simulation, Trains, Driving, Transportation, Automobile Sim"
646660,Pinball FX3 - Marvel Pinball Original Pack,too-old,retired or classic re-release,2017-09-26,0,14,False,Simulation
2452710,Pinball FX - Honor and Legacy Pack,too-old,retired or classic re-release,2023-06-08,0,14,False,"Simulation, Pinball, 3D, Ninja, Action"
1406570,Sokoban (Boxman) Classic,too-old,retired or classic re-release,2020-09-30,0,9,False,"Casual, Sokoban, Cute, Puzzle, Logic"
2357275,Pinball FX - Marvel Pinball Original Pack,too-old,retired or classic re-release,2023-04-13,0,3,False,"Casual, Simulation, Pinball, 3D, Action"
12230,Grand Theft Auto III,too-obscure,32 Steam reviews,,111,32,False,
65700,Arma 2: British Armed Forces,too-obscure,415 Steam reviews,2010-08-26,35,415,False,"Simulation, Action, Strategy, Tactical, Realistic"
8370,Strong Bad's Cool Game for Attractive People: Episode 4,too-obscure,48 Steam reviews,,31,48,False,"Adventure, Point & Click"
96800,Nexuiz,too-obscure,330 Steam reviews,2012-05-10,19,330,False,"Action, Arena Shooter, FPS, Multiplayer, First-Person"
11420,Clive Barker's Jericho,too-obscure,0 Steam reviews,,16,0,False,
258090,99 Spirits,too-obscure,403 Steam reviews,2013-11-12,14,403,False,"RPG, Anime, Indie, Adventure, JRPG"
2109060,Magenta Horizon - Neverending Harvest,too-obscure,180 Steam reviews,2024-12-06,13,180,False,"Stylized, 2D Platformer, Colorful, Singleplayer, Hack and Slash"
1569550,Dread X Collection 4: The Hunt,too-obscure,429 Steam reviews,2021-04-13,12,429,False,"Action, Horror, Psychological Horror, Shooter, Supernatural"
221340,Infected: The Twin Vaccine - Collector's Edition,too-obscure,187 Steam reviews,,12,187,False,"Adventure, Casual, Hidden Object, Point & Click"
495700,Gabriel Knight: Sins of the Father®,too-obscure,181 Steam reviews,2016-08-29,12,181,False,"Adventure, Point & Click, Classic, Mystery, 1990's"
502750,Quest for Glory 1-5,too-obscure,449 Steam reviews,2016-08-29,11,449,True,"Adventure, 1990's, Point & Click, Classic, 2D"
485330,Star Drifter,too-obscure,220 Steam reviews,2016-06-01,10,220,False,"Indie, Action, Casual, Shoot 'Em Up"
1271140,HUMANKIND - Lucy OpenDev,too-obscure,222 Steam reviews,,9,222,False,"Strategy, Turn-Based Strategy, 4X, 3D, Stylized"
395140,Miracle Fly,too-obscure,92 Steam reviews,2015-10-26,9,92,True,"Action, Indie, Platformer, Anime, Female Protagonist"
261430,AION Free-to-Play,too-obscure,0 Steam reviews,,9,0,False,
1202950,GROUND BRANCH CTE,too-obscure,0 Steam reviews,,9,0,False,
258030,EARTHLOCK: Festival of Magic,too-obscure,411 Steam reviews,,8,411,False,"Adventure, RPG, Turn-Based Combat, Indie, Fantasy"
315550,Taxi,too-obscure,368 Steam reviews,2014-08-22,8,368,False,"Automobile Sim, Driving, Simulation, Indie"
509840,El Ninja,too-obscure,350 Steam reviews,,8,350,False,"Indie, Casual, Pixel Graphics, Ninja, Strategy"
497050,Shape Shifter,too-obscure,177 Steam reviews,2016-07-07,8,177,False,"Indie, Casual"
239410,Catan: Creator's Edition,too-obscure,393 Steam reviews,,7,393,False,"Board Game, Strategy, Turn-Based, Singleplayer"
34220,Football Manager 2011,too-obscure,184 Steam reviews,,7,184,False,
293300,LEVEL 22,too-obscure,93 Steam reviews,,7,93,False,"Indie, Stealth, Comedy"
371880,Collider,too-obscure,65 Steam reviews,2016-03-01,7,65,False,"Local Multiplayer, 4 Player Local, Casual, Indie, 2D"
358920,Star Control I and II,too-obscure,154 Steam reviews,2017-10-19,6,154,True,"Top-Down Shooter, PvP, PvE, Shooter, Action-Adventure"
399100,Spheroid,too-obscure,112 Steam reviews,2015-08-31,6,112,False,"Action, Indie, FPS, Shooter"
315940,Top Hat,too-obscure,63 Steam reviews,2014-07-31,6,63,False,"Indie, Action, Adventure, Platformer, Retro"
346780,Luminosity,too-obscure,62 Steam reviews,2015-04-09,6,62,False,"Casual, Action, Indie, Strategy"
431290,Level 22: Gary’s Misadventures - 2016 Edition,too-obscure,60 Steam reviews,2016-02-11,6,60,False,"Action, Indie, Stealth, Pixel Graphics"
814580,Where Time Stood Still,too-obscure,28 Steam reviews,2018-04-13,6,28,True,"Adventure, Action, Strategy, Simulation, Retro"
34000,Football Manager 2010,too-obscure,0 Steam reviews,,6,0,False,
278590,Heroes of Legionwood,too-obscure,48 Steam reviews,2015-07-24,5,48,True,"RPG, Indie, Casual, RPGMaker"
2266780,Ascendant,too-obscure,40 Steam reviews,2025-01-31,5,40,False,"Arcade, Magic, Dungeon Crawler, Gun Customization, Bullet Hell"
72300,Breach,too-obscure,0 Steam reviews,,5,0,True,
72400,Clones,too-obscure,391 Steam reviews,2010-11-18,4,391,False,"Lemmings, Indie, Adventure, Puzzle, Casual"
555670,Infinitum,too-obscure,304 Steam reviews,2017-01-04,4,304,False,"Action, Indie, Adventure, Simulation, Space"
366960,SECTOR,too-obscure,145 Steam reviews,2015-06-29,4,145,False,"Action, Indie, Horror, Shooter, FPS"
302950,Heileen 1: Sail Away,too-obscure,131 Steam reviews,2014-06-06,4,131,False,"Visual Novel, Adventure, Indie, Casual, Female Protagonist"
1135090,dino game,too-obscure,90 Steam reviews,2020-01-17,4,90,False,"Indie, Adventure, Cute, Physics, Colorful"
401550,Legena: Union Tides,too-obscure,26 Steam reviews,2015-10-08,4,26,True,"Indie, RPG, Retro, Pixel Graphics, 2D"
405180,123 Slaughter Me Street,too-obscure,378 Steam reviews,2015-09-25,3,378,False,"Horror, Indie, Action, Singleplayer, First-Person"
46740,World Basketball Manager 2010,too-obscure,126 Steam reviews,2010-04-21,3,126,True,"Simulation, Sports, Basketball"
557970,Teria,too-obscure,107 Steam reviews,2017-01-17,3,107,False,"Adventure, Indie, Action, Sci-fi, Shooter"
260510,World Basketball Tycoon,too-obscure,105 Steam reviews,2013-11-18,3,105,True,"Simulation, Management, Sports, Basketball"
789090,Rainbow Reactor,too-obscure,103 Steam reviews,2019-05-16,3,103,False,"VR, Action, Match 3, Arcade, Music"
1588340,Demonlore,too-obscure,94 Steam reviews,2022-05-12,3,94,False,"Strategy, Roguelite, Tower Defense, Zombies, Singleplayer"
329630,Command HQ,too-obscure,89 Steam reviews,2014-11-06,3,89,True,"Strategy, Retro, Classic, 1990's, Wargame"
514360,Freedom Fighter,too-obscure,87 Steam reviews,2017-05-26,3,87,False,"Action, Indie, Platformer, RPG, Arcade"
331610,Movie Studio Boss: The Sequel,too-obscure,84 Steam reviews,2014-12-17,3,84,True,"Simulation, Casual, Indie"
48210,The Settlers 7: Paths to a Kingdom: Deluxe Gold Edition,too-obscure,70 Steam reviews,,3,70,True,"Strategy, City Builder"
454030,Link,too-obscure,48 Steam reviews,2016-04-22,3,48,False,"Strategy, RPG, Indie, Roguelike"
358000,The Curse of Nordic Cove,too-obscure,35 Steam reviews,2015-04-23,3,35,True,"Action, Indie, Adventure"
456130,Space Scaven,too-obscure,34 Steam reviews,2016-04-08,3,34,False,"Indie, Action, Space, 2D, Puzzle"
312860,Defense Grid 2: Steam Special Edition Upgrade,too-obscure,28 Steam reviews,2014-09-22,3,28,False,Tower Defense
759650,Christmas Puzzle 3,too-obscure,24 Steam reviews,2017-12-15,3,24,True,"Casual, Indie, Puzzle, Match 3, 2D"
1135200,soko loco,too-obscure,12 Steam reviews,2020-01-17,3,12,False,"Indie, Strategy, Simulation, Trains, Transportation"
1213600,Peppered,too-obscure,5 Steam reviews,2020-01-17,3,5,False,"Indie, Action, Strategy, Snow, RTS"
11170,Blood Bowl: Dark Elves Edition,too-obscure,0 Steam reviews,,3,0,False,
793690,Final Assault,too-obscure,487 Steam reviews,2019-05-16,2,487,False,"Strategy, VR, World War II, RTS"
238170,Afterfall InSanity - Dirty Arena Edition,too-obscure,451 Steam reviews,,2,451,True,
361320,Casino Inc.,too-obscure,405 Steam reviews,2015-04-17,2,405,True,"Simulation, Strategy, Management, Retro, Classic"
322850,Pro Cycling Manager 2015,too-obscure,401 Steam reviews,2015-06-18,2,401,True,"Sports, Simulation, Cycling, Management"
2635350,United Penguin Kingdom,too-obscure,396 Steam reviews,2024-03-09,2,396,False,"Strategy, City Builder, Survival, Management, Resource Management"
681330,Helium Rain,too-obscure,339 Steam reviews,2018-10-11,2,339,True,"Space Sim, Simulation, Space, Strategy, Indie"
914170,Duck Life 7: Battle,too-obscure,339 Steam reviews,2018-08-29,2,339,False,"RPG, Indie, Casual, Adventure, Sports"
1285920,VR Skater,too-obscure,256 Steam reviews,2024-02-22,2,256,True,"Skateboarding, VR, Parkour, Sports, Difficult"
517780,Ogre,too-obscure,251 Steam reviews,2017-10-05,2,251,True,"Hex Grid, Strategy, Tanks, Board Game, Wargame"
1287590,Tour de France 2020,too-obscure,245 Steam reviews,2020-08-27,2,245,True,"Racing, Cycling, Sports, Realistic, Management"
317530,Congo,too-obscure,194 Steam reviews,2016-03-21,2,194,True,"Third-Person Shooter, Top-Down Shooter, PvE, Shooter, Action-Adventure"
1074610,COLLAPSED,too-obscure,180 Steam reviews,2019-08-01,2,180,True,"Action Roguelike, Rogue-lite, Action, Indie, Violent"
446770,Skeet: VR Target Shooting,too-obscure,178 Steam reviews,2016-04-05,2,178,True,"Action, Simulation, VR"
286750,Zoo Empire,too-obscure,161 Steam reviews,2015-09-03,2,161,True,"Simulation, Strategy, Casual, Management"
294730,Marine Park Empire,too-obscure,157 Steam reviews,2015-09-03,2,157,True,"Simulation, Casual, Strategy, Management"
503460,Security Hole,too-obscure,140 Steam reviews,2016-09-28,2,140,True,"Indie, Cyberpunk, Puzzle, Sci-fi, Hacking"
606490,Duck Life 6: Space,too-obscure,138 Steam reviews,2017-05-04,2,138,False,"Casual, Sports, Indie, Racing, Simulation"
625940,Tomato Jones 2,too-obscure,135 Steam reviews,2017-05-12,2,135,True,"Action, Casual, Indie, Adventure, Simulation"
1273080,Raptor Boyfriend: A High School Romance,too-obscure,133 Steam reviews,2021-07-15,2,133,False,"Visual Novel, Dating Sim, Story Rich, 2D, Dinosaurs"
361200,COAST GUARD,too-obscure,131 Steam reviews,2015-10-21,2,131,True,"Adventure, Simulation, Singleplayer, Great Soundtrack, Historical"
289220,BorderZone,too-obscure,123 Steam reviews,2014-04-23,2,123,True,"RPG, Action, Action RPG, Fantasy"
328310,Logistics Company,too-obscure,123 Steam reviews,2014-11-05,2,123,True,Simulation
673060,Floor Plan VR,too-obscure,121 Steam reviews,2017-09-13,2,121,False,"Hidden Object, Puzzle, Point & Click, First-Person, Funny"
665740,Book Of Potentia 2,too-obscure,113 Steam reviews,2017-07-22,2,113,True,"Free to Play, Indie, Rogue-like, Pixel Graphics"
1269520,Let Me Out,too-obscure,107 Steam reviews,2024-08-08,2,107,True,"Action, Horror, Mystery, Creature Collector, Puzzle"
380560,Spandex Force: Champion Rising,too-obscure,105 Steam reviews,2015-06-24,2,105,True,"RPG, Casual, Match 3, Comedy, Superhero"
2549760,Rebellion: The Beginning,too-obscure,105 Steam reviews,2023-11-15,2,105,True,"Sexual Content, Nudity, Gore, Violent, Adventure"
407190,Club Manager 2016,too-obscure,98 Steam reviews,2015-11-19,2,98,True,"Sports, Simulation, Strategy, Football (Soccer), Management"
104100,Inside a Star-filled Sky,too-obscure,97 Steam reviews,2011-05-14,2,97,True,"Indie, Action, Strategy, Procedural Generation, Pixel Graphics"
302440,Roadside Assistance Simulator,too-obscure,91 Steam reviews,2014-09-25,2,91,True,Simulation
1464220,Netherguild,too-obscure,91 Steam reviews,2023-03-27,2,91,True,"Turn-Based Combat, Dungeon Crawler, Roguelite, Strategy, Turn-Based Tactics"
268930,Malevolence: The Sword of Ahkranox,too-obscure,89 Steam reviews,2019-04-08,2,89,True,"RPG, Indie, Adventure, First-Person, Grid-Based Movement"
348650,The Asskickers-Steam Edition,too-obscure,88 Steam reviews,2015-02-06,2,88,True,"Action, Indie, Beat 'em up"
299890,Franchise Hockey Manager 2014,too-obscure,80 Steam reviews,,2,80,True,"Sports, Simulation, Indie"
304850,Worlds,too-obscure,78 Steam reviews,2016-03-01,2,78,True,"Action-Adventure, Stealth, Immersive Sim, Third-Person Shooter, Violent"
48120,The Settlers 7: Paths to a Kingdom,too-obscure,76 Steam reviews,2010-03-23,2,76,True,
2884080,OMG Words,too-obscure,71 Steam reviews,2025-01-02,2,71,False,"Roguelike, Word Game, Roguelite, Deckbuilding, Strategy"
446470,New York Taxi Simulator,too-obscure,68 Steam reviews,2016-03-04,2,68,True,Simulation
837790,Around the World in 80 Days,too-obscure,67 Steam reviews,2018-04-03,2,67,True,"Casual, Adventure, Hidden Object"
333510,Isbarah,too-obscure,62 Steam reviews,2015-02-25,2,62,True,"Action, Indie, Bullet Hell, Platformer, Shoot 'Em Up"
352370,Defect,too-obscure,57 Steam reviews,2016-07-28,2,57,False,"Strategy, Indie, Action, 2D, Sci-fi"
355080,Crazy Steam Bros 2,too-obscure,55 Steam reviews,2015-04-02,2,55,True,"Action, Indie, Casual, Shoot 'Em Up"
523090,Bomb U!,too-obscure,55 Steam reviews,2016-09-17,2,55,True,"Action, Sports, Indie, Casual, VR"
457340,Dimensional,too-obscure,53 Steam reviews,2016-12-14,2,53,False,"Adventure, VR, Indie, Action, Puzzle"
756490,Next Hero,too-obscure,47 Steam reviews,2018-03-16,2,47,False,"Roguelite, Action Roguelike, Dungeon Crawler, Roguelike, Procedural Generation"
273860,Snowcat Simulator,too-obscure,46 Steam reviews,2014-11-26,2,46,True,"Simulation, Snow"
336680,TREBUCHET,too-obscure,44 Steam reviews,2015-07-30,2,44,True,"Tabletop, Indie, Casual, Strategy, Sports"
391440,XenoBloom,too-obscure,44 Steam reviews,2015-09-23,2,44,True,"Simulation, Casual, Farming Sim, Indie, Strategy"
520660,Wrack: Exoverse,too-obscure,43 Steam reviews,2019-09-10,2,43,True,"Action Roguelike, Indie, Action, Adventure, Rogue-lite"
407150,Trap Them - Sniper Edition,too-obscure,42 Steam reviews,2015-10-09,2,42,True,"Action, Indie, Strategy, Adventure, Casual"
289910,Ropeway Simulator 2014,too-obscure,37 Steam reviews,,2,37,True,"Simulation, Strategy, Management"
33660,Ziro,too-obscure,36 Steam reviews,2010-05-28,2,36,True,"Casual, Indie, Puzzle"
329620,Across the Rhine,too-obscure,34 Steam reviews,2014-11-06,2,34,True,"Strategy, World War II, Tanks, Classic"
310460,Corto Maltese - Secrets of Venice,too-obscure,32 Steam reviews,2014-12-04,2,32,True,"Adventure, Point & Click, Comic Book"
565200,Gem Monster,too-obscure,30 Steam reviews,2016-12-17,2,30,False,"Casual, Indie, Adventure, VR"
357030,Excubitor,too-obscure,29 Steam reviews,2016-05-26,2,29,True,"Action, Shoot 'Em Up, Tower Defense, Strategy, Sci-fi"
750780,Christmas Puzzle 2,too-obscure,29 Steam reviews,2017-12-01,2,29,True,"Casual, Match 3, Puzzle"
683210,Apez,too-obscure,27 Steam reviews,2017-10-04,2,27,False,"Action, Indie"
349060,Fruits Inc. Deluxe Pack,too-obscure,25 Steam reviews,2015-02-19,2,25,True,"Indie, Casual"
344100,Never Ending Night,too-obscure,21 Steam reviews,2015-09-30,2,21,False,"Indie, Action, Casual, Adventure, RPG"
557770,Pawn,too-obscure,20 Steam reviews,2016-12-09,2,20,False,"Adventure, Casual, Violent, Nudity, Visual Novel"
383780,Judgement,too-obscure,19 Steam reviews,2015-09-15,2,19,False,"Adventure, RPG, Demons, Zombies, Story Rich"
630070,Tengutana,too-obscure,19 Steam reviews,2017-10-26,2,19,True,"Indie, Action, Casual, Simulation, VR"
511670,Marwin and The Evolution Stone,too-obscure,16 Steam reviews,,2,16,True,"Indie, Casual, Adventure, Action, Science"
1135100,driftwood,too-obscure,15 Steam reviews,2020-01-17,2,15,True,"Indie, Walking Simulator, Short, Nature, Atmospheric"
1206140,Frog struggles,too-obscure,11 Steam reviews,2020-01-17,2,11,True,"Action, Indie, Adventure, Nature, Fighting"
532670,Manor of the Damned!,too-obscure,8 Steam reviews,2016-11-23,2,8,True,"Action, Indie, RPG"
37920,Family Feud,too-obscure,0 Steam reviews,,2,0,False,
263440,The Stomping Land,too-obscure,0 Steam reviews,,2,0,True,
850800,Huawei VR2,too-obscure,0 Steam reviews,,2,0,False,
3092450,inZOI: Character Studio,too-obscure,0 Steam reviews,,2,0,False,
289340,Freight Tycoon Inc.,too-obscure,497 Steam reviews,2014-04-03,1,497,True,"Strategy, Management, Simulation, Economy, Singleplayer"
1797300,Void's Calling ep. 2,too-obscure,490 Steam reviews,2022-10-14,1,490,True,"Sexual Content, Fantasy, RPG, Choices Matter, Story Rich"
2270750,Black Gunner Wukong,too-obscure,483 Steam reviews,2024-02-04,1,483,True,"Shoot 'Em Up, Action Roguelike, Looter Shooter, Third-Person Shooter, Arena Shooter"
1296280,Car Trader Simulator - Welcome to the Business,too-obscure,466 Steam reviews,2020-06-23,1,466,True,"Simulation, Indie, Casual, Strategy, Adventure"
965810,Kara no Shojo,too-obscure,455 Steam reviews,2018-10-22,1,455,True,"Sexual Content, Nudity, Visual Novel, Adventure, Gore"
215120,ROSE Online,too-obscure,444 Steam reviews,2012-10-23,1,444,True,"Free to Play, RPG, Massively Multiplayer, Anime, Multiplayer"
1895300,Shinobi Warfare,too-obscure,424 Steam reviews,2022-06-14,1,424,True,"RPG, Turn-Based Tactics, Ninja, 2D, 2D Fighter"
364940,Pony World 3,too-obscure,357 Steam reviews,2015-04-27,1,357,True,"Horses, Casual, Family Friendly, Indie, Singleplayer"
3002570,Nymphomaniac - Sex Addict,too-obscure,300 Steam reviews,2024-10-02,1,300,True,"Sexual Content, Female Protagonist, 3D, Dating Sim, Romance"
699740,BANNERMEN,too-obscure,298 Steam reviews,2019-02-21,1,298,True,"Strategy, Violent, Gore, RTS, Medieval"
1442450,Monsters Domain,too-obscure,288 Steam reviews,2024-04-05,1,288,True,"Action, RPG, First-Person, Adventure, Crafting"
276340,My Riding Stables: Life with Horses,too-obscure,284 Steam reviews,2014-03-27,1,284,True,"Casual, Simulation, Horses, Sports, Family Friendly"
1256830,Shelter Manager,too-obscure,278 Steam reviews,2021-12-03,1,278,True,"Simulation, Colony Sim, Economy, Post-apocalyptic, Turn-Based Tactics"
518720,Overkill VR: Action Shooter FPS,too-obscure,272 Steam reviews,2017-03-10,1,272,False,"Action, Simulation, Violent, VR, FPS"
323780,Fireworks Simulator,too-obscure,270 Steam reviews,2014-11-26,1,270,True,Simulation
292420,Panzer Elite Action Gold Edition,too-obscure,268 Steam reviews,2014-05-16,1,268,True,"Simulation, Action, Tanks, World War II"
1859290,Crypto Miner Tycoon Simulator,too-obscure,267 Steam reviews,2022-04-21,1,267,True,"Simulation, Management, Economy, Realistic, Mining"
217860,Special Forces: Team X,too-obscure,266 Steam reviews,,1,266,True,"Action, Multiplayer, Third-Person Shooter, Third Person, Shooter"
429530,Falcon 4.0,too-obscure,254 Steam reviews,2016-01-08,1,254,True,"Simulation, Flight, Military, Realistic, 1990's"
1788110,Tower Princess: Knight's Trial,too-obscure,253 Steam reviews,2022-06-23,1,253,True,"Action, Adventure, Action-Adventure, Female Protagonist, 3D Platformer"
441020,Heavenstrike Rivals™,too-obscure,247 Steam reviews,,1,247,True,"Strategy, RPG, Free to Play"
529670,The Bellows,too-obscure,245 Steam reviews,2016-09-13,1,245,True,"Adventure, Action, Simulation, VR, Horror"
770460,The Dummy Experiment,too-obscure,245 Steam reviews,2018-01-19,1,245,True,"Free to Play, Indie, Adventure, Difficult, Multiplayer"
453960,Envy the Dead,too-obscure,244 Steam reviews,2016-09-12,1,244,True,"RPG, Strategy, Simulation, Zombies, Survival"
1404090,Trivia Tricks,too-obscure,241 Steam reviews,2024-10-08,1,241,True,"Comedy, Colorful, Trivia, Multiplayer, Cartoon"
2250550,Tornado: Research and Rescue,too-obscure,231 Steam reviews,2023-05-29,1,231,False,"Simulation, Open World, Driving, Destruction, Action"
411540,Hybrid Wars,too-obscure,228 Steam reviews,2016-09-29,1,228,True,"Action, Mechs, Co-op, Top-Down, Twin Stick Shooter"
295590,Hero Generations,too-obscure,223 Steam reviews,2015-04-10,1,223,False,"Strategy, Indie, Roguelike, RPG, 4X"
770500,Goblin Gearshop,too-obscure,222 Steam reviews,2018-01-17,1,222,True,"Free to Play, Indie, Simulation, Multiplayer, Casual"
341040,Wars Across The World,too-obscure,221 Steam reviews,2017-05-04,1,221,True,"Indie, Strategy, Board Game, Turn-Based, Turn-Based Strategy"
763230,Fruity Smoothie,too-obscure,221 Steam reviews,2017-12-21,1,221,True,"Free to Play, Indie, Casual, Co-op, Local Co-Op"
436490,Firebird - La Peri,too-obscure,213 Steam reviews,2016-08-19,1,213,True,"Adventure, Indie, VR"
631900,Airtone,too-obscure,212 Steam reviews,2017-06-08,1,212,True,"Action, Adventure, VR, Rhythm, Anime"
451010,Kittypocalypse,too-obscure,204 Steam reviews,2016-08-15,1,204,True,"Strategy, VR, Tower Defense, Action, Indie"
502710,The Last Sniper VR,too-obscure,202 Steam reviews,2016-08-03,1,202,True,"Action, Adventure, Simulation, VR, World War II"
632050,The Village,too-obscure,202 Steam reviews,2017-10-12,1,202,True,"Action, Indie, Casual, Strategy, Horror"
1700550,Intruder on the Bridge,too-obscure,201 Steam reviews,2021-12-02,1,201,True,"Nudity, Sexual Content, Indie, Story Rich, Choose Your Own Adventure"
2220870,Fantasy Survivors,too-obscure,201 Steam reviews,2024-05-01,1,201,False,"Action, Casual, Roguelite, Pixel Graphics, Fantasy"
3384190,TrickShot Simulator,too-obscure,201 Steam reviews,2025-01-13,1,201,True,"Casual, Simulation, Immersive Sim, 3D, First-Person"
364630,AirMech Command,too-obscure,199 Steam reviews,2017-03-08,1,199,True,"Action, Strategy, Indie, VR, Mechs"
1194050,Orange Cast: Sci-Fi Space Action Game,too-obscure,193 Steam reviews,2021-01-21,1,193,True,"Third-Person Shooter, Space, Action, Sci-fi, Cinematic"
814300,Pigeons Attack,too-obscure,191 Steam reviews,2019-02-21,1,191,True,"Action, Indie, Casual, Funny, Multiplayer"
396060,The Rose and I,too-obscure,188 Steam reviews,2016-04-05,1,188,True,"Indie, Casual, VR, Movie, Free to Play"
2495050,Merge Adventure: Magic Dragons,too-obscure,185 Steam reviews,,1,185,True,"Casual, Exploration, 2D, Cartoon, Cartoony"
2756470,Game Builder Tycoon,too-obscure,181 Steam reviews,2024-09-30,1,181,True,"Simulation, Game Development, Economy, Management, Capitalism"
768800,Race,too-obscure,173 Steam reviews,2018-01-09,1,173,False,"Racing, Indie, Casual, Simulation, Automobile Sim"
2425920,GanaBlade,too-obscure,170 Steam reviews,2023-08-19,1,170,True,"Bullet Hell, Action, Flight, Pixel Graphics, Nostalgia"
654220,Flash Point: Fire Rescue,too-obscure,166 Steam reviews,2018-03-29,1,166,True,"Casual, Strategy, Board Game, Indie, Co-op"
1639230,MoonFall / Butterfly Lovers,too-obscure,166 Steam reviews,2021-11-20,1,166,True,"RPG, Casual, Simulation, Visual Novel, JRPG"
1239440,Surviving Titan,too-obscure,165 Steam reviews,2020-04-30,1,165,True,"RPG, Adventure, Action, Indie, Survival"
343690,Silicone-2,too-obscure,164 Steam reviews,2015-06-03,1,164,True,"Action, FPS, Shooter, Horror, First-Person"
1848710,Ninja Soul,too-obscure,163 Steam reviews,2022-09-16,1,163,True,"Action Roguelike, Hack and Slash, Action, Roguelite, Platformer"
587970,Dead Drop,too-obscure,160 Steam reviews,2017-04-21,1,160,True,"Action, Strategy, Indie, Casual, Local Multiplayer"
542880,Byte Family,too-obscure,158 Steam reviews,2016-10-26,1,158,True,"Indie, Action, Adventure, Casual"
1638330,Darius Cozmic Collection Arcade,too-obscure,156 Steam reviews,2021-11-17,1,156,True,"Shoot 'Em Up, Multiple Endings, Score Attack, Soundtrack, Pixel Graphics"
2960500,Sparedevil,too-obscure,150 Steam reviews,2024-07-18,1,150,True,"FPS, Action, First-Person, Bowling, 1990's"
436220,A-10 VR,too-obscure,146 Steam reviews,2016-04-05,1,146,True,"Action, Indie, VR"
595420,Franchise Hockey Manager 4,too-obscure,146 Steam reviews,2017-10-06,1,146,True,"Sports, Strategy, Simulation, Indie, Hockey"
1856090,World of Haiku,too-obscure,146 Steam reviews,2022-07-22,1,146,True,"Hacking, RPG, Cyberpunk, Education, Futuristic"
2905790,PROJECT TACHYON,too-obscure,145 Steam reviews,2025-02-13,1,145,True,"Action, Rogue-like, Shoot 'Em Up, Combat, Action Roguelike"
1497230,Cauldrons of War - Stalingrad,too-obscure,141 Steam reviews,2021-09-10,1,141,True,"Strategy, Grand Strategy, World War II, Turn-Based Strategy, Wargame"
330000,Kingdoms CCG,too-obscure,140 Steam reviews,2015-01-22,1,140,True,"Free to Play, Trading Card Game, Strategy, Multiplayer, Fantasy"
953690,Doom & Destiny Worlds,too-obscure,140 Steam reviews,2020-09-18,1,140,True,"Exploration, Party-Based RPG, JRPG, Character Customization, RPG"
863460,Cyber Ops,too-obscure,139 Steam reviews,2020-05-21,1,139,True,"Atmospheric, Real Time Tactics, Cyberpunk, Stealth, Hacking"
503210,Sentry Knight Tactics,too-obscure,137 Steam reviews,2016-10-03,1,137,True,"Adventure, RPG, Strategy, Indie, Action"
1902870,Vertical Kingdom,too-obscure,137 Steam reviews,2024-04-15,1,137,True,"City Builder, Card Game, Rogue-lite, Base-Building, Building"
2346570,Songs of Life,too-obscure,137 Steam reviews,2025-03-03,1,137,True,"Cute, Tabletop, Cartoon, Cartoony, Visual Novel"
2778250,Solace Inc.,too-obscure,135 Steam reviews,2024-02-02,1,135,True,"Action, Adventure, Action Roguelike, Rogue-like, Shooter"
361890,Chronostorm: Siberian Border,too-obscure,134 Steam reviews,2015-11-20,1,134,True,"Strategy, RTS"
1304130,ReRoad,too-obscure,134 Steam reviews,2024-06-26,1,134,True,"Strategy, Tower Defense, Rogue-lite, Casual, Choices Matter"
395930,Farm Frenzy: Heave Ho,too-obscure,133 Steam reviews,2015-08-26,1,133,True,"Casual, Simulation, Strategy, Indie, Female Protagonist"
575600,2017 VR,too-obscure,132 Steam reviews,2017-05-08,1,132,True,"Action, RPG, Indie, Gore, VR"
594370,Crazy Fishing,too-obscure,132 Steam reviews,2017-05-25,1,132,True,"Casual, Action, Indie, Sports, VR"
770200,Squally,too-obscure,128 Steam reviews,2023-07-22,1,128,False,"Action, Strategy, Adventure, RPG, Hacking"
273800,Forestry 2017 - The Simulation,too-obscure,124 Steam reviews,2016-03-25,1,124,True,Simulation
3300620,Bonds Of Ecstasy,too-obscure,123 Steam reviews,2024-11-30,1,123,True,"Sexual Content, Nudity, Hentai, Visual Novel, Point & Click"
2112680,Darkness Revenge,too-obscure,122 Steam reviews,2024-02-08,1,122,True,"Vampires, Sexual Content, Visual Novel, Dating Sim, Choices Matter"
586040,8-Bit Armies: Arena,too-obscure,119 Steam reviews,,1,119,True,"Action, Strategy, Indie, RTS"
1036370,Flying Red Barrel - The Diary of a Little Aviator,too-obscure,114 Steam reviews,2020-06-19,1,114,True,"Action, Anime, Bullet Hell, Shooter, Indie"
616750,1943 Deadly Desert,too-obscure,113 Steam reviews,2018-05-15,1,113,True,"Strategy, Indie, World War II, Turn-Based Strategy, War"
2199060,Core Devourer,too-obscure,113 Steam reviews,2024-01-25,1,113,True,"Action Roguelike, Twin Stick Shooter, Bullet Hell, Rogue-like, Rogue-lite"
296010,NeonXSZ,too-obscure,112 Steam reviews,2016-02-22,1,112,True,"FPS, 6DOF, Sandbox, Open World, Action"
524030,Machine Learning: Episode I,too-obscure,112 Steam reviews,2016-09-10,1,112,True,"Indie, Action, Adventure, VR"
2404510,Lucky Hero,too-obscure,112 Steam reviews,2023-11-16,1,112,True,"Roguelike Deckbuilder, Rogue-lite, Replay Value, Turn-Based Combat, Casual"
2323980,Dungeons & Jewels,too-obscure,109 Steam reviews,2023-04-21,1,109,True,"Rogue-lite, Puzzle, Match 3, Strategy, Casual"
1903970,World Championship Boxing Manager™ 2,too-obscure,108 Steam reviews,2023-01-17,1,108,True,"Boxing, Sports, Management, Simulation, Singleplayer"
1453640,Valthirian Arc: Hero School Story 2,too-obscure,107 Steam reviews,2023-06-22,1,107,True,"RPG, Management, Simulation, Party-Based RPG, Turn-Based Combat"
820460,Hero Academy 2,too-obscure,106 Steam reviews,2018-05-29,1,106,True,"Strategy, Card Game, Turn-Based, Turn-Based Tactics, Tactical"
688770,TETRUX: Online,too-obscure,105 Steam reviews,2019-01-07,1,105,True,"Action, Casual, Indie, Puzzle, Arcade"
2899090,Pushing It! With Sisyphus,too-obscure,105 Steam reviews,2024-09-10,1,105,True,"Difficult, Adventure, Casual, Action, Action-Adventure"
467810,Splody,too-obscure,100 Steam reviews,2017-03-21,1,100,True,"Action, Indie, Casual, Local Multiplayer, 4 Player Local"
2659970,Lucky Mayor,too-obscure,100 Steam reviews,2023-11-28,1,100,True,"Strategy, Roguelite, Card Game, Roguelike, Card Battler"
637410,Disputed Space,too-obscure,99 Steam reviews,2017-12-07,1,99,True,"Action, Indie, Shooter, Space, Arcade"
734020,Legendary DXP,too-obscure,99 Steam reviews,2018-01-23,1,99,True,"Casual, Deckbuilding, Card Game, Board Game"
1520330,TechBeat Heart,too-obscure,99 Steam reviews,2021-09-13,1,99,True,"Shoot 'Em Up, Bullet Hell, Arena Shooter, Procedural Generation, Replay Value"
2351890,BloodDome99,too-obscure,98 Steam reviews,2024-11-15,1,98,True,"Action Roguelike, Bullet Hell, Pixel Graphics, 1980s, Rogue-lite"
575760,Project: R.E.B.O.O.T 2,too-obscure,95 Steam reviews,2017-01-27,1,95,True,"Action, Adventure, Casual, Indie, Platformer"
862300,ROS,too-obscure,95 Steam reviews,2018-06-02,1,95,True,"Indie, Casual, Adventure, Puzzle, 2D"
421880,Plastiland,too-obscure,94 Steam reviews,2015-12-01,1,94,True,"Casual, Indie, Puzzle, Adventure, Singleplayer"
711210,StepX,too-obscure,93 Steam reviews,2017-09-26,1,93,True,"Indie, Casual, Simulation, Music"
508820,Won't You Be My Laser?,too-obscure,92 Steam reviews,2016-09-02,1,92,True,"Indie, Casual"
1837340,Grimgrad,too-obscure,91 Steam reviews,2023-04-05,1,91,True,"City Builder, Strategy, Survival, Simulation, Top-Down"
328900,B-17 Flying Fortress: The Mighty 8th,too-obscure,90 Steam reviews,2014-10-30,1,90,True,"Simulation, Flight, World War II, Singleplayer, Strategy"
494960,Twisted Arrow,too-obscure,90 Steam reviews,2017-03-28,1,90,True,"Action, Adventure, VR, FPS, Action-Adventure"
502410,Airport Fire Department - The Simulation,too-obscure,90 Steam reviews,2016-08-26,1,90,True,"Simulation, Action"
669600,Light in the dark,too-obscure,90 Steam reviews,2018-01-09,1,90,False,Adventure
1996600,Byte Lynx,too-obscure,89 Steam reviews,2022-10-12,1,89,True,"Base-Building, RTS, Strategy, Action RTS, Puzzle"
362830,3D MiniGolf,too-obscure,88 Steam reviews,2015-05-29,1,88,True,"Sports, Casual, Simulation, Golf, Mini Golf"
500360,VRMultigames,too-obscure,87 Steam reviews,2016-07-25,1,87,True,"Action, Indie, VR, Sports, Casual"
452640,Back to Dinosaur Island Part 2,too-obscure,86 Steam reviews,,1,86,True,"Simulation, VR, Free to Play, Dinosaurs"
1051420,Jey's Empire,too-obscure,86 Steam reviews,2019-10-15,1,86,True,"Choose Your Own Adventure, Management, Political Sim, Political, Politics"
836440,MonsterxMan: Inheritence To Lust,too-obscure,85 Steam reviews,2018-04-24,1,85,False,"Free to Play, Sexual Content, Nudity, RPG, Indie"
329240,The Weaponographist,too-obscure,84 Steam reviews,2015-04-29,1,84,True,"RPG, Action, Indie, Hack and Slash, Great Soundtrack"
492600,Ridge,too-obscure,84 Steam reviews,2016-07-07,1,84,True,"Adventure, Indie, Walking Simulator"
618490,Mr Blaster,too-obscure,83 Steam reviews,2017-07-14,1,83,True,"Action, Indie, Casual"
842250,GM Forge - Virtual Tabletop,too-obscure,83 Steam reviews,2018-05-30,1,83,True,"RPG, Simulation, Indie, Action, Casual"
1403990,Paths & Danger,too-obscure,82 Steam reviews,2022-04-15,1,82,True,"Turn-Based Combat, Dark Fantasy, RPG, Tactical RPG, Strategy"
2997890,Beetle Ninja,too-obscure,82 Steam reviews,2024-06-28,1,82,True,"Singleplayer, Ninja, RPG, Story Rich, Funny"
538990,SugarMill,too-obscure,80 Steam reviews,2019-12-19,1,80,True,"Simulation, Indie, Strategy, City Builder, Singleplayer"
1064200,Brewer,too-obscure,80 Steam reviews,2019-08-15,1,80,True,"Simulation, Strategy, Indie, Management, Economy"
1663400,Reigns Beyond,too-obscure,79 Steam reviews,2024-04-17,1,79,True,"Casual, Card Game, Choose Your Own Adventure, 2D, Colorful"
440790,Spellbind : Luppe's tale,too-obscure,78 Steam reviews,2016-03-04,1,78,True,"Adventure, Indie, Casual, Point & Click"
511500,Nanuleu,too-obscure,78 Steam reviews,2016-11-16,1,78,True,"Minimalist, Tower Defense, Casual, Strategy, Nature"
529870,Microgons,too-obscure,78 Steam reviews,2017-03-27,1,78,True,"Strategy, Turn-Based, Multiplayer, Free to Play, Turn-Based Combat"
533010,Filthy Lucre,too-obscure,76 Steam reviews,2016-12-11,1,76,True,"Indie, Action, Stealth, Tactical, Co-op"
672160,OldMaidGirl,too-obscure,76 Steam reviews,2017-07-19,1,76,True,"Casual, VR, Anime, Nudity, Sexual Content"
858870,Queen of Seas 2,too-obscure,76 Steam reviews,2018-06-05,1,76,True,"Adventure, Indie, Platformer, Pixel Graphics, Atmospheric"
383700,Boneless Zombie,too-obscure,75 Steam reviews,2015-07-27,1,75,True,"Casual, Action, Zombies"
2318430,Forbidden Dojo,too-obscure,74 Steam reviews,2023-08-13,1,74,True,"Sexual Content, Nudity, Visual Novel, Romance, Story Rich"
676030,Eternal Starlight VR,too-obscure,72 Steam reviews,2021-06-17,1,72,False,"VR, RTS, Strategy, Space, Tactical"
509960,Pinga Ponga,too-obscure,71 Steam reviews,2016-08-02,1,71,True,"Indie, Action, Casual"
1931990,Sunrise's Order,too-obscure,71 Steam reviews,2024-05-22,1,71,True,"Farming Sim, Agriculture, Building, Life Sim, 2D"
511330,Farm Life: Natures Adventure,too-obscure,70 Steam reviews,2016-08-23,1,70,True,"Choose Your Own Adventure, Time Management, Sandbox, Mining, RPG"
1794300,BLUE WISH DESIRE,too-obscure,70 Steam reviews,2021-11-17,1,70,True,"Action, Bullet Hell, Shooter, 2D, Mechs"
715020,Elden: Path of the Forgotten,too-obscure,69 Steam reviews,2020-07-09,1,69,True,"Action, RPG, Indie, Adventure, Gore"
2558570,KAIKAN,too-obscure,68 Steam reviews,2023-09-14,1,68,True,"Shoot 'Em Up, Shooter, 2D, Destruction, Top-Down Shooter"
364250,XIIZEAL,too-obscure,67 Steam reviews,2015-06-05,1,67,True,"Action, Shoot 'Em Up, Arcade, Bullet Hell, Shooter"
470470,Birdsketball,too-obscure,67 Steam reviews,2016-11-17,1,67,True,"Sports, Indie, Action, 4 Player Local, Local Multiplayer"
2289130,Weekend Warriors MMA,too-obscure,67 Steam reviews,2023-02-05,1,67,True,"Sports, Martial Arts, 3D Fighter, Combat, Action"
316700,Front Page Sports Football,too-obscure,66 Steam reviews,2014-10-02,1,66,True,"Sports, Strategy, Football (American)"
440330,Warhammer: Arcane Magic,too-obscure,65 Steam reviews,,1,65,True,"Strategy, Indie, Board Game, Games Workshop, Card Game"
1733620,Cursed Pantsu,too-obscure,63 Steam reviews,2023-04-04,1,63,True,"Female Protagonist, Nudity, Sexual Content, Action-Adventure, Hack and Slash"
832140,Infernal Radiation,too-obscure,62 Steam reviews,2020-12-28,1,62,True,"Co-op, Arcade, Bullet Hell, Souls-like, Local Co-Op"
677380,Disco Destruction,too-obscure,61 Steam reviews,2019-12-12,1,61,True,"Indie, Casual, Simulation, VR, Music"
363650,Hacker's Beat,too-obscure,60 Steam reviews,2015-09-25,1,60,True,"Typing, Rhythm, Arcade, 3D Vision, Cyberpunk"
416350,MiniBikers,too-obscure,60 Steam reviews,2015-11-05,1,60,True,"Racing, Sports, Indie"
823650,Zombow,too-obscure,60 Steam reviews,2018-03-28,1,60,True,"Indie, Casual, Adventure"
837390,My zero trip,too-obscure,60 Steam reviews,2018-05-24,1,60,True,"Indie, Simulation"
485820,e-River Cabin Journal,too-obscure,59 Steam reviews,2016-07-15,1,59,True,"Indie, Survival, Crafting, Strategy, Text-Based"
636580,Primal Reign,too-obscure,59 Steam reviews,2017-05-29,1,59,True,"Free to Play, Action, Indie, Multiplayer, VR"
840310,SLICE,too-obscure,59 Steam reviews,2018-05-10,1,59,False,"Indie, Casual, Puzzle, 2D, Relaxing"
1489660,Copy Editor: A RegEx Puzzle,too-obscure,59 Steam reviews,2021-10-14,1,59,True,"Simulation, Puzzle, Programming, Experimental, Education"
2201150,Eve of Calamity,too-obscure,59 Steam reviews,2024-07-23,1,59,True,"RPG, CRPG, JRPG, Party-Based RPG, Class-Based"
564980,Killer Klownz,too-obscure,58 Steam reviews,2016-12-05,1,58,True,"Action, Adventure, Simulation, VR"
273850,Ski-World Simulator,too-obscure,57 Steam reviews,2014-11-18,1,57,True,Simulation
343150,Endica VII The Dream King,too-obscure,57 Steam reviews,2016-01-13,1,57,True,"Action, Casual, Indie, Adventure, RPG"
381610,Dandy: Or a Brief Glimpse Into the Life of the Candy Alchemist,too-obscure,56 Steam reviews,2015-08-04,1,56,True,"Action, Indie, Shoot 'Em Up, Perma Death, Difficult"
276220,My Best Friends - Cats & Dogs,too-obscure,54 Steam reviews,2014-03-27,1,54,True,"Simulation, Casual, Dog, Cats, Family Friendly"
540230,Civil War: 1861,too-obscure,54 Steam reviews,2017-02-01,1,54,True,"Strategy, Turn-Based Strategy, Turn-Based Combat, Wargame, America"
644420,Xion,too-obscure,54 Steam reviews,2018-08-29,1,54,False,"Action, Indie, VR, Shoot 'Em Up, Voxel"
304150,Bloodbath,too-obscure,53 Steam reviews,2014-06-16,1,53,True,"Action, Sports, Fighting, Multiplayer, Beat 'em up"
463830,Izeriya,too-obscure,53 Steam reviews,2016-04-28,1,53,True,"Adventure, Indie, Action, Platformer"
336630,Crash And Burn Racing,too-obscure,51 Steam reviews,2014-12-09,1,51,True,"Racing, Indie"
642000,Regenesis Arcade Lite,too-obscure,51 Steam reviews,2017-11-20,1,51,True,"Action, Adventure, Casual, VR, Shooter"
724180,Morgan lives in a Rocket House in VR,too-obscure,51 Steam reviews,2017-11-03,1,51,True,"Free to Play, Indie, Casual, VR"
289050,Shannon Tweed's Attack Of The Groupies,too-obscure,50 Steam reviews,2014-04-01,1,50,True,"Casual, Female Protagonist, Tower Defense"
302570,Dangerous,too-obscure,50 Steam reviews,2014-12-16,1,50,True,"Indie, Simulation, RPG, Action, Strategy"
832610,Corrupted,too-obscure,50 Steam reviews,2018-09-27,1,50,True,"RPG, Action, Adventure, Indie, Dark Fantasy"
366590,Prompt,too-obscure,49 Steam reviews,2015-07-06,1,49,True,"Indie, Platformer, Difficult"
564040,ZANGEKI WARP,too-obscure,49 Steam reviews,2017-02-15,1,49,True,"Action, Indie, Shoot 'Em Up, 2D, Bullet Hell"
477800,Piñata,too-obscure,48 Steam reviews,2016-09-01,1,48,True,"Free to Play, Indie, Casual, Simulation, VR"
405590,Stone Tales,too-obscure,47 Steam reviews,2015-12-11,1,47,True,"Indie, Adventure, Platformer"
746410,Stop Santa - Tower Defense,too-obscure,47 Steam reviews,2017-12-04,1,47,True,"Casual, Indie, Strategy, Tower Defense, 2D"
739220,Ark Noir,too-obscure,45 Steam reviews,2018-07-12,1,45,True,"RPG, Adventure, Indie, Visual Novel, Turn-Based"
2722310,CLeM: The First Attribute,too-obscure,45 Steam reviews,2024-01-16,1,45,True,"Adventure, Puzzle, Exploration, Casual, Female Protagonist"
456760,A dragon girl looks up at the endless sky,too-obscure,43 Steam reviews,2016-10-27,1,43,True,"RPG, Action, Anime, Visual Novel, JRPG"
508590,SCP 087. Re,too-obscure,43 Steam reviews,,1,43,False,"Indie, Adventure, Simulation, Horror, Walking Simulator"
656940,The Theodore Adventures,too-obscure,43 Steam reviews,2017-07-20,1,43,True,"Indie, Casual, Adventure, Platformer, Cute"
664650,Canadian Football 2017,too-obscure,43 Steam reviews,2017-07-26,1,43,True,"Indie, Sports, Football (American)"
803260,Survive in Angaria,too-obscure,43 Steam reviews,2018-03-22,1,43,True,"Adventure, Indie, RPG, Casual, Survival"
321890,Aveyond 3-4: The Darkthrop Prophecy,too-obscure,42 Steam reviews,2015-02-13,1,42,True,"RPG, Adventure, Indie, Casual, RPGMaker"
742470,Chronicles of cyberpunk,too-obscure,41 Steam reviews,2017-12-07,1,41,True,"Adventure, Cyberpunk, Singleplayer, Atmospheric, Exploration"
328890,Fritz for Fun 13,too-obscure,40 Steam reviews,2014-12-10,1,40,True,"Strategy, Casual, Chess"
392680,Jeeboman,too-obscure,40 Steam reviews,2016-04-05,1,40,True,"Indie, Action, VR"
444320,Jumpix Jump,too-obscure,40 Steam reviews,2016-02-15,1,40,True,"Indie, Casual, Adventure, Walking Simulator"
500440,Take the Cake,too-obscure,40 Steam reviews,2017-11-28,1,40,True,"Action, Indie, Adventure"
755830,Lonely Astronaut,too-obscure,40 Steam reviews,2018-03-16,1,40,True,"Casual, Action, Indie, Simulation, Space"
653210,Prisoner,too-obscure,39 Steam reviews,2017-07-17,1,39,False,"Indie, Adventure, Platformer, Dark, 2D"
750450,Gunlock,too-obscure,39 Steam reviews,2017-12-07,1,39,False,"Action, Indie, Strategy, Arcade, Pixel Graphics"
347270,Knights of the Sky,too-obscure,38 Steam reviews,2015-04-01,1,38,True,"Simulation, Action, World War I, Retro, Flight"
301930,War of the Human Tanks - Limited Operations,too-obscure,37 Steam reviews,2016-06-13,1,37,True,"Adventure, Wargame, War, Strategy, Tanks"
465070,TRIZEAL Remix,too-obscure,37 Steam reviews,2016-07-07,1,37,True,"Action, Shoot 'Em Up, Bullet Hell, Arcade"
512920,Trigger Time,too-obscure,37 Steam reviews,2017-05-15,1,37,False,"Indie, Action, Top-Down Shooter, Arcade, Shooter"
531110,Battles of Norghan,too-obscure,37 Steam reviews,2016-09-26,1,37,True,"Strategy, RPG, Indie, Management, Turn-Based Strategy"
951370,Drawkanoid,too-obscure,37 Steam reviews,2020-01-21,1,37,True,"Bullet Hell, Pinball, Arcade, 2D, Cyberpunk"
338260,Usagi Yojimbo: Way of the Ronin,too-obscure,36 Steam reviews,2015-01-30,1,36,True,"Action, Indie, Beat 'em up, Comic Book"
532890,Civil War: 1862,too-obscure,36 Steam reviews,2016-10-06,1,36,True,"Strategy, Historical, Turn-Based Strategy"
645940,OneScreen Solar Sails,too-obscure,36 Steam reviews,2017-06-16,1,36,True,Casual
701760,L.S.S,too-obscure,36 Steam reviews,2018-04-05,1,36,True,"Action, Gore, Violent, Zombies"
2299620,Core Crossing,too-obscure,36 Steam reviews,2023-04-21,1,36,True,"Turn-Based Strategy, Old School, Character Customization, Singleplayer, Visual Novel"
453740,Spaceman Sparkles 3,too-obscure,35 Steam reviews,2016-03-21,1,35,True,"Action, Space, Cute, Walking Simulator"
719100,Space Way,too-obscure,34 Steam reviews,2017-10-13,1,34,False,"Indie, Casual"
788610,The Piano,too-obscure,34 Steam reviews,2018-06-04,1,34,True,"Action, Indie, Adventure, Horror"
395910,Get Rich or Die Gaming,too-obscure,33 Steam reviews,2015-09-02,1,33,True,"Adventure, Point & Click, Simulation, Visual Novel, Walking Simulator"
2660410,CORRUPTION 2029,too-obscure,33 Steam reviews,2024-08-29,1,33,False,"Strategy, Turn-Based Tactics, Tactical, Turn-Based Strategy, Action"
329680,Task Force 1942: Surface Naval Action in the South Pacific,too-obscure,32 Steam reviews,2014-11-06,1,32,True,"Simulation, Naval Combat, Naval, World War II, Retro"
345340,The Grave Digger,too-obscure,31 Steam reviews,2015-04-29,1,31,False,"Crime, Supernatural, Stealth, Atmospheric, Survival Horror"
542960,Pumpkin SculptrVR,too-obscure,31 Steam reviews,2016-10-21,1,31,True,"Indie, VR"
2574460,Scars of Mars,too-obscure,31 Steam reviews,2024-06-19,1,31,True,"RPG, Real-Time, Character Customization, Replay Value, Dungeon Crawler"
276240,My Vet Practice - In the Country,too-obscure,30 Steam reviews,2014-03-27,1,30,True,"Casual, Simulation, Female Protagonist, Family Friendly"
694790,The Botanist,too-obscure,30 Steam reviews,2017-10-05,1,30,True,"Indie, Casual, Simulation, Relaxing, Great Soundtrack"
288100,MechRunner,too-obscure,29 Steam reviews,2016-07-15,1,29,True,"Action, Mechs, Robots, Sci-fi, Arcade"
322410,Bin Weevils Arty Arcade,too-obscure,29 Steam reviews,2014-12-05,1,29,True,"Education, Funny, Colorful, Great Soundtrack, Design & Illustration"
461370,Midnight's Blessing 2,too-obscure,29 Steam reviews,2017-01-20,1,29,True,"Adventure, Indie, Casual, Simulation, RPG"
46720,Dimensity,too-obscure,28 Steam reviews,2010-07-21,1,28,True,"RPG, Action RPG"
321610,Demonlisher,too-obscure,27 Steam reviews,2014-09-16,1,27,True,Casual
550170,RPG Fighter League,too-obscure,27 Steam reviews,2019-03-15,1,27,True,"RPG, Action, Indie, RPGMaker, JRPG"
566150,Bowling at the Lake,too-obscure,27 Steam reviews,2016-12-08,1,27,True,"Indie, Casual, Sports, VR"
699860,Civil War: 1864,too-obscure,27 Steam reviews,2017-10-06,1,27,True,Strategy
385840,The Beard in the Mirror,too-obscure,26 Steam reviews,2016-10-25,1,26,True,"Indie, Adventure, Retro, Funny, Point & Click"
465060,EXZEAL,too-obscure,26 Steam reviews,2016-07-14,1,26,True,"Action, Shoot 'Em Up, Arcade, Bullet Hell"
374960,Civil War: Bull Run 1861,too-obscure,25 Steam reviews,2017-07-21,1,25,True,Strategy
446870,Glitchrunners,too-obscure,25 Steam reviews,2016-04-08,1,25,True,"Indie, Action, Beat 'em up, Local Multiplayer, Local Co-Op"
540410,Queendoom,too-obscure,25 Steam reviews,2016-11-10,1,25,True,"Action, Indie, Fantasy, Archery, VR"
661520,Archangel,too-obscure,25 Steam reviews,2017-07-22,1,25,False,"RPG, JRPG, Action RPG"
592240,Jupiteration,too-obscure,23 Steam reviews,2017-03-10,1,23,True,"Action, VR"
620630,Civil War: 1865,too-obscure,23 Steam reviews,2017-04-07,1,23,True,"Strategy, Historical"
632110,Crimson Keep,too-obscure,23 Steam reviews,2018-11-29,1,23,False,"Action, RPG, Indie, First-Person"
2341560,Infest,too-obscure,23 Steam reviews,2025-01-23,1,23,True,"Roguelike Deckbuilder, Deckbuilding, Card Battler, Physics, Sandbox"
502460,Hotel Giant,too-obscure,22 Steam reviews,2019-07-04,1,22,False,"Simulation, Strategy, Management"
744550,Tactical Operations,too-obscure,22 Steam reviews,2017-12-04,1,22,True,"Indie, Action"
853040,Deep Space Rush,too-obscure,21 Steam reviews,2018-05-08,1,21,False,"Indie, Action, Adventure, Space, Platformer"
2565310,Hello Cruel World,too-obscure,21 Steam reviews,2024-08-01,1,21,True,"Adventure, VR, Puzzle, Exploration, First-Person"
352750,Road Works,too-obscure,20 Steam reviews,2015-08-11,1,20,True,"Strategy, Indie, Casual, Simulation"
414500,Caribbean Odyssey,too-obscure,20 Steam reviews,2015-11-12,1,20,True,"Indie, Action, Casual, Adventure, Pirates"
530550,Bubble Jungle ® Super Chameleon Platformer World,too-obscure,20 Steam reviews,2016-09-26,1,20,False,"Casual, Indie, Adventure, 3D Platformer, Platformer"
643940,Jim is Moving Out!,too-obscure,20 Steam reviews,2019-07-19,1,20,True,"Indie, Casual, Puzzle, Platformer, Puzzle-Platformer"
767200,Chinese Ink Painting Puzzle & Creator / 國畫拼圖創作家,too-obscure,20 Steam reviews,2018-02-14,1,20,True,"Indie, Casual, Puzzle, Stylized"
410550,Tank: M1A1 Abrams Battle Simulation,too-obscure,19 Steam reviews,2015-11-13,1,19,True,"Simulation, Tanks, Retro, Classic"
487620,Perfect Angle VR - Zen edition,too-obscure,19 Steam reviews,,1,19,True,"Indie, Casual, Strategy, Simulation, VR"
276430,My Pet Hotel 2,too-obscure,18 Steam reviews,2014-03-27,1,18,True,"Casual, Simulation, Family Friendly"
367060,Helena The 3rd,too-obscure,18 Steam reviews,2015-05-01,1,18,True,"Indie, Action"
396730,gShift,too-obscure,18 Steam reviews,2015-08-25,1,18,True,"Indie, Casual, Adventure"
1804710,Spartan,too-obscure,18 Steam reviews,2022-10-17,1,18,False,"Strategy, Wargame, Historical, PvP, Turn-Based Combat"
314770,Pe-2: Dive Bomber,too-obscure,17 Steam reviews,2014-08-06,1,17,True,"Simulation, Indie"
431370,Diorama No.3 : The Marchland,too-obscure,16 Steam reviews,2016-04-05,1,16,True,"Indie, Casual, Simulation, VR"
433120,Crash Landing,too-obscure,16 Steam reviews,2016-02-04,1,16,True,"Indie, Top-Down Shooter"
588980,Speed and Scream,too-obscure,16 Steam reviews,2017-05-11,1,16,True,"Simulation, Indie, Casual, VR"
515000,PANIC at Multiverse High!,too-obscure,15 Steam reviews,2016-08-17,1,15,True,"Casual, RPG, Indie, Adventure, Visual Novel"
547880,Alien Invasion Tower Defense,too-obscure,15 Steam reviews,2016-10-27,1,15,True,"Indie, Action, Strategy, Tower Defense"
702270,DevWill,too-obscure,15 Steam reviews,2017-10-11,1,15,False,"Action, Retro, Platformer"
849070,Black Home 2,too-obscure,15 Steam reviews,2018-04-26,1,15,True,"Casual, Indie, Adventure, RPG, Strategy"
582840,20something,too-obscure,14 Steam reviews,2017-01-26,1,14,True,"Indie, RPG, Text-Based, Interactive Fiction"
809570,Ignis Avis Venatio,too-obscure,14 Steam reviews,2018-03-12,1,14,True,"Casual, Violent, Adventure, Visual Novel, Sexual Content"
401780,Driveby Gangster,too-obscure,13 Steam reviews,2015-09-10,1,13,True,"Indie, Action"
403300,GravBlocks,too-obscure,13 Steam reviews,2015-12-15,1,13,True,"Casual, Indie, Puzzle"
658870,EXIT 2 - Directions,too-obscure,13 Steam reviews,2017-09-02,1,13,True,"Casual, Indie, Puzzle, Atmospheric, Singleplayer"
651360,Eskimo Bob: Starring Alfonzo,too-obscure,12 Steam reviews,2017-07-21,1,12,True,"Indie, Retro, Platformer, Pixel Graphics, Puzzle-Platformer"
449560,Space Ranger ASK,too-obscure,11 Steam reviews,2016-08-25,1,11,True,"Action, Indie, Casual"
430280,Nature Defenders,too-obscure,10 Steam reviews,2015-12-21,1,10,True,"Indie, Casual, Strategy"
861670,Street Level: Windows Edition,too-obscure,9 Steam reviews,2018-06-06,1,9,True,"Strategy, Card Game, Sci-fi, Cyberpunk, Minimalist"
375720,Tuk Ruk,too-obscure,8 Steam reviews,,1,8,True,"Action, Indie, Adventure, Platformer, 2D"
372770,Floors of Discomfort,too-obscure,7 Steam reviews,2015-05-26,1,7,True,"RPG, Indie, Action"
522000,Blind Blades,too-obscure,6 Steam reviews,2016-08-31,1,6,True,"Indie, Action"
523570,Across Flash,too-obscure,6 Steam reviews,2016-08-31,1,6,True,"Indie, Casual, Racing, VR"
525870,WackyMoles,too-obscure,6 Steam reviews,2016-12-12,1,6,True,"Casual, Action, Simulation, Sports, VR"
716370,Flippt,too-obscure,6 Steam reviews,2017-09-26,1,6,True,Indie
831910,Croc's World Construction Kit,too-obscure,6 Steam reviews,2018-04-20,1,6,False,"Action, Adventure"
1799590,Red Colony 3 Uncensored,too-obscure,6 Steam reviews,2022-03-17,1,6,True,"Adventure, Casual, Puzzle, Visual Novel, Exploration"
358490,Drip Drip,too-obscure,4 Steam reviews,,1,4,True,"Indie, Casual, Strategy"
844520,RECOIL,too-obscure,3 Steam reviews,2018-05-19,1,3,False,"Indie, Action, Casual, Sports"
525590,Brawlderdash,too-obscure,2 Steam reviews,2016-09-14,1,2,True,"Sports, Indie, Local Multiplayer"
6330,Age of Conan: Hyborian Adventures,too-obscure,0 Steam reviews,,1,0,False,
7780,MLB® Front Office Manager,too-obscure,0 Steam reviews,,1,0,True,
15940,The Office,too-obscure,0 Steam reviews,,1,0,True,
15990,Elf Bowling: Hawaiian Vacation,too-obscure,0 Steam reviews,,1,0,True,
17530,D.I.P.R.I.P. Warm Up,too-obscure,0 Steam reviews,,1,0,True,"Action, Racing, Indie, Mod, Free to Play"
18100,Shattered Horizon: Arconauts,too-obscure,0 Steam reviews,,1,0,True,
32700,Joint Operations: Escalation,too-obscure,0 Steam reviews,,1,0,True,
42870,Rise of Prussia,too-obscure,0 Steam reviews,,1,0,False,
50400,Mafia II - JAPAN,too-obscure,0 Steam reviews,,1,0,False,
235700,Sniper Elite: Zombie Army,too-obscure,0 Steam reviews,,1,0,False,
263260,Motor Rock,too-obscure,0 Steam reviews,,1,0,True,
269910,Xam,too-obscure,0 Steam reviews,,1,0,True,
293360,Second Chance Heroes,too-obscure,0 Steam reviews,,1,0,True,
295810,Air Control,too-obscure,0 Steam reviews,,1,0,True,
632580,Photon Flux,too-obscure,0 Steam reviews,,1,0,True,
1057810,Wolfenstein: Youngblood German Edition,too-obscure,0 Steam reviews,,1,0,False,
1358750,ドラゴンクエストX 目覚めし五つの種族 オフライン,too-obscure,0 Steam reviews,,1,0,False,
1599760,Tiny Heroes 2,too-obscure,0 Steam reviews,,1,0,True,
1592630,Warhammer: Vermintide 2 - Forgotten Relics Pack,too-obscure,496 Steam reviews,2021-04-20,0,496,False,"Indie, Action, Gore, Violent"
1140000,Stellaris: Lithoids Species Pack,too-obscure,495 Steam reviews,2019-10-24,0,495,False,"Strategy, Simulation"
2531290,VTOL VR: EF-24 Mischief - Electronic Warfare,too-obscure,492 Steam reviews,2023-12-22,0,492,False,"VR, Simulation, Combat, Flight, Action"
2952300,Oxygen Not Included: The Frosty Planet Pack,too-obscure,491 Steam reviews,2024-07-18,0,491,False,"Simulation, Indie, Survival, Colony Sim"
1209461,Euro Truck Simulator 2 - HS-Schoch Tuning Pack,too-obscure,488 Steam reviews,2020-03-19,0,488,False,"Simulation, Indie"
2486150,"Warhammer 40,000: Space Marine 2 - Macragge’s Chosen DLC",too-obscure,488 Steam reviews,2024-10-03,0,488,False,"Action, RPG, Adventure, Gore, Violent"
1931910,theHunter: Call of the Wild - Revontuli Coast,too-obscure,487 Steam reviews,2022-06-28,0,487,False,"Simulation, Sports, Adventure, Hunting"
3419300,X4: Hyperion Pack,too-obscure,487 Steam reviews,2025-02-20,0,487,False,"Simulation, Space Sim, Sandbox, Economy, Flight"
3274410,"Warhammer 40,000: Space Marine 2 - Salamanders Champion Pack",too-obscure,485 Steam reviews,2025-02-06,0,485,False,"Action, RPG, Gore, Violent, Adventure"
614580,Cities: Skylines - Green Cities,too-obscure,484 Steam reviews,2017-10-19,0,484,False,"Simulation, Strategy, City Builder"
1125020,Frostpunk: The Rifts,too-obscure,482 Steam reviews,2019-08-27,0,482,False,"Simulation, Strategy, City Builder, Survival, Steampunk"
1670540,Total War: WARHAMMER III - Ogre Kingdoms,too-obscure,482 Steam reviews,2022-02-24,0,482,False,"Strategy, Action"
2869680,theHunter: Call of the Wild - Sundarpatan Nepal Hunting Reserve,too-obscure,479 Steam reviews,2024-06-18,0,479,False,"Adventure, Simulation, Sports, Hunting"
2598510,Darkest Dungeon II: The Binding Blade,too-obscure,478 Steam reviews,2023-12-11,0,478,False,"Indie, Strategy, RPG"
1446730,Amazing Cultivation Simulator - Deep in the bamboo Forest,too-obscure,477 Steam reviews,2020-11-25,0,477,False,"Indie, Strategy, Simulation, RPG"
1415692,American Truck Simulator - Wyoming,too-obscure,476 Steam reviews,2021-09-07,0,476,False,"Simulation, Indie, Driving, Open World, Realistic"
1811080,American Truck Simulator - Montana,too-obscure,475 Steam reviews,2022-08-04,0,475,False,"Simulation, Indie, Driving, Open World"
982970,Kerbal Space Program: Breaking Ground Expansion,too-obscure,469 Steam reviews,2019-05-30,0,469,False,"Simulation, Indie, Space, Sandbox, Space Sim"
582810,Awesome Metal Detecting,too-obscure,467 Steam reviews,2017-05-01,0,467,True,"Simulation, Indie, Action, Psychological Horror, Violent"
1990040,X4: Kingdom End,too-obscure,462 Steam reviews,2023-04-12,0,462,False,"Simulation, Action, Trading, Space, Sandbox"
2780000,Chrono Ark - Summer Twilight,too-obscure,462 Steam reviews,2024-05-03,0,462,False,"Indie, RPG, Strategy, Adventure"
1021110,Luxury House Renovation,too-obscure,460 Steam reviews,2021-10-14,0,460,False,"Indie, Simulation, Casual, Building, Singleplayer"
1430990,Graveyard Keeper - Game Of Crone,too-obscure,460 Steam reviews,2020-10-27,0,460,False,"Simulation, RPG, Adventure, Indie, Pixel Graphics"
2123890,Call to Arms - Gates of Hell: Scorched Earth,too-obscure,454 Steam reviews,2022-11-18,0,454,True,"Strategy, Simulation, Action, RTS, World War II"
1079180,Slime Rancher: Secret Style Pack,too-obscure,446 Steam reviews,2019-06-18,0,446,False,"Simulation, Indie, Adventure, Action, Cute"
2353720,SnowRunner - The Mastodon,too-obscure,443 Steam reviews,2023-05-25,0,443,False,"Simulation, Adventure"
3153370,"STRAFTAT: Weapons, Maps and Hats",too-obscure,443 Steam reviews,2024-10-24,0,443,False,"Action, Shooter, FPS, 3D, 1990's"
715191,Cities: Skylines - Parklife,too-obscure,442 Steam reviews,2018-05-24,0,442,False,"Strategy, Simulation, City Builder, Building, Singleplayer"
960920,Immersion Pack - Europa Universalis IV: Golden Century,too-obscure,434 Steam reviews,2018-12-11,0,434,False,"Strategy, Simulation"
2792170,"Warhammer 40,000: Space Marine 2 - Dark Angels Chapter Pack",too-obscure,430 Steam reviews,2024-12-10,0,430,False,"Action, RPG, Adventure, Gore, Violent"
1829591,HITMAN 3 - Deluxe Pack,too-obscure,424 Steam reviews,2022-01-20,0,424,False,"Adventure, Action, Violent, Gore, Stealth"
2209650,American Truck Simulator - Oklahoma,too-obscure,422 Steam reviews,2023-08-01,0,422,False,"Simulation, Indie, Open World, Driving"
3027840,Wandering Sword - Mount Pack: Majestic Steeds,too-obscure,421 Steam reviews,2024-06-28,0,421,False,"RPG, Indie, Strategy, Adventure, Wuxia"
548420,PAYDAY 2: Gage Spec Ops Pack,too-obscure,420 Steam reviews,2016-11-25,0,420,False,"RPG, Action"
1463090,theHunter: Call of the Wild - Te Awaroa National Park,too-obscure,419 Steam reviews,2020-12-10,0,419,False,"Simulation, Adventure, Sports, Hunting"
250300,F-15C for DCS World,too-obscure,414 Steam reviews,2014-04-30,0,414,False,"Simulation, Flight"
2647760,Arma 3 Creator DLC: Reaction Forces,too-obscure,412 Steam reviews,2024-03-26,0,412,False,"Military, Action, Multiplayer, Simulation, Shooter"
2692400,"Wartales, Pirates of Belerion",too-obscure,411 Steam reviews,2023-12-14,0,411,False,"RPG, Open World, Turn-Based Strategy, Party-Based RPG, Adventure"
1967640,Euro Truck Simulator 2 - Renault Trucks T Tuning Pack,too-obscure,408 Steam reviews,2022-05-25,0,408,False,"Simulation, Indie, Driving"
2585630,Warhammer: Vermintide 2 - Necromancer Career,too-obscure,408 Steam reviews,2023-10-19,0,408,False,"Indie, Action, Gore, Violent"
450550,American Truck Simulator - Wheel Tuning Pack,too-obscure,406 Steam reviews,2016-04-13,0,406,False,"Simulation, Indie, Multiplayer, Singleplayer, Driving"
693580,Goblins of Elderstone,too-obscure,403 Steam reviews,2023-03-08,0,403,True,"Strategy, Singleplayer, Building, City Builder, Base-Building"
2126610,"Warhammer 40,000: Chaos Gate – Daemonhunters - Duty Eternal",too-obscure,403 Steam reviews,2022-12-06,0,403,False,"RPG, Strategy, Gore, Violent"
1770580,DCS: AH-64D,too-obscure,402 Steam reviews,2022-03-17,0,402,False,"Simulation, Realistic, Military, VR, Flight"
2524040,GGST Additional Character 11 - Elphelt Valentine,too-obscure,400 Steam reviews,2023-12-08,0,400,False,"Fighting, 2D Fighter, Great Soundtrack, Anime, PvP"
2657050,Teardown: Time Campers,too-obscure,400 Steam reviews,2023-11-15,0,400,False,"Action, Strategy, Indie, Simulation"
1317230,Hearts of Iron IV: Allied Armor Pack,too-obscure,398 Steam reviews,2020-06-04,0,398,False,"Strategy, Simulation, Historical, Wargame, Grand Strategy"
1788370,Graveyard Keeper - Better Save Soul,too-obscure,392 Steam reviews,2021-10-27,0,392,False,"Adventure, RPG, Indie, Simulation, Pixel Graphics"
2512790,Skul: The Hero Slayer - Mythology Pack,too-obscure,392 Steam reviews,2023-11-16,0,392,False,"Indie, Action, Action Roguelike, Pixel Graphics, 2D"
1179710,theHunter: Call of the Wild - Cuatro Colinas Game Reserve,too-obscure,390 Steam reviews,2019-12-10,0,390,False,"Adventure, Sports, Simulation, Hunting"
1288460,X4: Cradle of Humanity,too-obscure,388 Steam reviews,2021-03-16,0,388,False,"Simulation, Action, Space, Space Sim"
1483730,FOR HONOR - Gryphon Hero,too-obscure,388 Steam reviews,2020-12-10,0,388,False,"Action, Gore, Violent"
1252750,theHunter: Call of the Wild - Smoking Barrels Weapon Pack,too-obscure,387 Steam reviews,2020-03-26,0,387,False,"Simulation, Sports, Adventure"
387020,Brawlhalla - All Legends (Current and Future),too-obscure,386 Steam reviews,2015-11-03,0,386,False,"Action, Free to Play, Indie, Fighting, Multiplayer"
1146830,theHunter: Call of the Wild - High-Tech Hunting Pack,too-obscure,385 Steam reviews,2019-09-18,0,385,False,"Simulation, Adventure, Sports, Hunting"
223598,The Sims 3: Island Paradise,too-obscure,380 Steam reviews,2013-06-25,0,380,False,Simulation
2012010,Europa Universalis IV: Lions of the North,too-obscure,379 Steam reviews,2022-09-13,0,379,False,"Strategy, Simulation, Historical, Grand Strategy, Alternate History"
1016860,Boiling Steel,too-obscure,378 Steam reviews,2020-03-05,0,378,True,"Action, Adventure, Shooter, Indie, Simulation"
2799720,A Date with Death - Beyond the Bet DLC,too-obscure,377 Steam reviews,2024-12-08,0,377,False,"Dating Sim, Visual Novel, Romance, LGBTQ+, Otome"
2903960,Wartales - The Tavern Opens!,too-obscure,374 Steam reviews,2024-04-18,0,374,False,"RPG, Open World, Turn-Based Strategy, Party-Based RPG, Adventure"
1028270,theHunter: Call of the Wild - Weapon Pack 2,too-obscure,372 Steam reviews,2019-02-28,0,372,False,"Adventure, Simulation, Sports"
343462,Total War: ATTILA - The Last Roman Campaign Pack,too-obscure,369 Steam reviews,2015-06-25,0,369,False,"Strategy, Historical, Rome"
1227350,Cooking Simulator - Cakes and Cookies,too-obscure,368 Steam reviews,2020-06-11,0,368,False,"Simulation, Cooking, Singleplayer, Realistic, Sandbox"
2591240,Victoria 3: Colossus of the South,too-obscure,367 Steam reviews,2023-11-14,0,367,False,"Strategy, Grand Strategy, Simulation, Economy, Historical"
956240,Simson Tuningwerkstatt 3D,too-obscure,364 Steam reviews,2018-12-03,0,364,False,"Simulation, 3D, Motorbike, Casual, Automobile Sim"
766870,theHunter: Call of the Wild - Weapon Pack 1,too-obscure,362 Steam reviews,2018-04-12,0,362,False,"Adventure, Sports, Simulation"
961930,Battle Brothers - Beasts & Exploration,too-obscure,362 Steam reviews,2018-11-29,0,362,False,"Indie, Strategy, RPG"
2478490,For Honor - Hero - Ocelotl,too-obscure,361 Steam reviews,2023-07-27,0,361,False,"Action, Gore, Violent"
2328320,The Outlast Trials - Reagent Starter Pack,too-obscure,359 Steam reviews,2024-03-05,0,359,False,"Horror, Multiplayer, Co-op, Survival Horror, Psychological Horror"
988440,Endless Space 2 - Penumbra,too-obscure,356 Steam reviews,2019-01-24,0,356,False,"Strategy, 4X, Space"
1238440,Planet Zoo: South America Pack,too-obscure,355 Steam reviews,2020-04-07,0,355,False,"Simulation, Strategy, Management, Sandbox, City Builder"
1567370,just a game to test your lQ,too-obscure,355 Steam reviews,2021-03-21,0,355,False,"Horror, Software, Trivia, Life Sim, Multiplayer"
212301,Total War: ROME II - Greek States Culture Pack,too-obscure,351 Steam reviews,2013-09-03,0,351,False,"Strategy, Historical, Turn-Based Strategy, RTS, Rome"
2524060,GGST Additional Character 13 - Slayer,too-obscure,351 Steam reviews,2024-05-30,0,351,False,"Action, Vampires, Psychological Horror, Sexual Content, Nudity"
645400,Sid Meier's Civilization VI: Nubia Civilization & Scenario Pack,too-obscure,350 Steam reviews,2017-07-27,0,350,False,Strategy
2671080,Crusader Kings III: Wandering Nobles,too-obscure,350 Steam reviews,2024-11-04,0,350,False,"RPG, Strategy, Simulation"
2894270,Forza Horizon 5 Apex Allstars Car Pack,too-obscure,350 Steam reviews,2024-04-23,0,350,False,"Racing, Open World, Driving, Multiplayer, Automobile Sim"
986850,theHunter: Call of the Wild - Parque Fernando,too-obscure,348 Steam reviews,2018-12-13,0,348,False,"Sports, Adventure, Simulation, Hunting"
434063,OMSI 2 Add-On London,too-obscure,338 Steam reviews,2020-12-10,0,338,False,"Simulation, Casual, Driving, Colorful, Relaxing"
2133640,Hunt: Showdown – Fear The Reaper,too-obscure,338 Steam reviews,2022-10-25,0,338,False,"Action, Violent, Gore, Multiplayer, Perma Death"
1076080,American Truck Simulator - Forest Machinery,too-obscure,332 Steam reviews,2019-06-11,0,332,False,"Simulation, Indie"
1816550,The Sims 4 High School Years Expansion Pack,too-obscure,331 Steam reviews,2022-07-28,0,331,False,"Simulation, Casual, Atmospheric, Funny, Education"
1613283,Forza Horizon 5 VIP,too-obscure,329 Steam reviews,2021-11-09,0,329,False,Racing
1701060,X4: Tides of Avarice,too-obscure,329 Steam reviews,2022-03-14,0,329,False,"Action, Simulation, Space, Sandbox, Strategy"
1201360,Assetto Corsa Competizione - Intercontinental GT Pack,too-obscure,327 Steam reviews,2020-02-04,0,327,False,"Racing, Simulation, Sports, eSports"
2524050,GGST Additional Character 12 - A.B.A,too-obscure,327 Steam reviews,2024-03-26,0,327,False,"Fighting, 2D Fighter, Great Soundtrack, Anime, PvP"
16870,Sid Meier's Civilization V: Gods and Kings,too-obscure,326 Steam reviews,2012-06-19,0,326,False,"Strategy, Turn-Based Strategy, Turn-Based, Multiplayer, 4X"
1477840,American Truck Simulator - Cabin Accessories,too-obscure,324 Steam reviews,2020-12-03,0,324,False,"Simulation, Indie"
2386530,American Truck Simulator - W900 Tuning Pack,too-obscure,318 Steam reviews,2023-08-03,0,318,False,"Indie, Simulation"
1184570,Last Neighbor,too-obscure,317 Steam reviews,2019-11-13,0,317,True,"Horror, Psychological Horror, Survival Horror, Action, Jump Scare"
1471590,Planet Zoo: Aquatic Pack,too-obscure,317 Steam reviews,2020-12-08,0,317,True,"Simulation, Strategy, Casual, Sandbox, Building"
1067690,Battle Brothers - Warriors of the North,too-obscure,316 Steam reviews,2019-05-09,0,316,False,"RPG, Indie, Strategy"
1761570,Hunt: Showdown - Cold Blooded,too-obscure,316 Steam reviews,2021-10-26,0,316,False,"Action, Gore, Violent, Atmospheric, Multiplayer"
1945600,The Riftbreaker: Metal Terror,too-obscure,316 Steam reviews,2022-07-18,0,316,False,"Online Co-Op, Base Building, Multiplayer, Survival, Action RPG"
2676380,Forza Horizon 5 Fast X Car Pack,too-obscure,316 Steam reviews,2023-12-05,0,316,False,"Racing, Open World, Driving, Multiplayer, Adventure"
520550,American Truck Simulator - Steering Creations Pack,too-obscure,315 Steam reviews,2016-09-14,0,315,False,"Simulation, Indie, Driving, Realistic, Singleplayer"
1531470,Cities: Skylines - Content Creator Pack: Train Stations,too-obscure,312 Steam reviews,2021-05-21,0,312,False,"Strategy, Simulation"
1252200,PAYDAY 2: San Martín Bank Heist,too-obscure,311 Steam reviews,2020-02-27,0,311,False,"Action, RPG, Violent, Gore, Heist"
2008400,Cities: Skylines - Plazas & Promenades,too-obscure,307 Steam reviews,2022-09-14,0,307,False,"Strategy, Simulation, City Builder"
645401,Sid Meier's Civilization VI: Khmer and Indonesia Civilization & Scenario Pack,too-obscure,305 Steam reviews,2017-10-19,0,305,False,Strategy
1052690,theHunter: Call of the Wild - Trophy Lodge Spring Creek Manor,too-obscure,305 Steam reviews,2019-04-11,0,305,False,"Adventure, Simulation, Sports"
854070,theHunter: Call of the Wild - Wild Goose Chase Gear,too-obscure,303 Steam reviews,2018-06-12,0,303,False,"Sports, Adventure, Simulation, Hunting"
2298430,American Truck Simulator - Kansas,too-obscure,299 Steam reviews,2023-11-30,0,299,False,"Indie, Simulation, Open World, Driving"
866420,TANKS,too-obscure,298 Steam reviews,2018-06-12,0,298,True,"Indie, Action, Casual, Tanks, Retro"
1235743,The Sims 4 Vampires,too-obscure,298 Steam reviews,2020-06-18,0,298,False,"Simulation, Casual, Life Sim, Vampires, Supernatural"
1361280,Battle Brothers - Blazing Deserts,too-obscure,298 Steam reviews,2020-08-13,0,298,False,"RPG, Indie, Strategy, Turn-Based Combat"
2585150,American Truck Simulator - Arkansas,too-obscure,296 Steam reviews,2024-09-16,0,296,False,"Simulation, Indie, Multiplayer, Driving, Realistic"
3205310,Darkest Dungeon II - Inhuman Bondage,too-obscure,296 Steam reviews,2025-01-27,0,296,True,"Turn-Based Tactics, Dungeon Crawler, Roguelite, Dark Fantasy, Lovecraftian"
1458150,The Sims 4 Cottage Living Expansion Pack,too-obscure,295 Steam reviews,2021-07-22,0,295,False,"Simulation, Casual, Life Sim, Funny, Farming Sim"
3227830,Terminator: Dark Fate - Defiance: We are Legion,too-obscure,295 Steam reviews,2024-12-10,0,295,False,"Strategy, RTS, Real Time Tactics, Wargame, 3D"
675590,Assetto Corsa - Ferrari 70th Anniversary Pack,too-obscure,294 Steam reviews,2017-09-19,0,294,False,"Sports, Racing, Simulation, Indie"
2015880,Cult of the Lamb: Cultist Pack,too-obscure,292 Steam reviews,2022-08-11,0,292,False,"Indie, Action, Strategy, Adventure, Singleplayer"
1281880,Need for Speed Heat - McLaren F1 Black Market Delivery,too-obscure,289 Steam reviews,2020-06-04,0,289,False,"Racing, Multiplayer"
1990600,The Sims 4 Horse Ranch Expansion Pack,too-obscure,285 Steam reviews,2023-07-20,0,285,False,"Casual, Simulation, Horses"
2115770,Stellaris: Toxoids Species Pack,too-obscure,285 Steam reviews,2022-09-20,0,285,False,"Strategy, Simulation"
3274400,"Warhammer 40,000: Space Marine 2 - Raven Guard Cosmetic Pack",too-obscure,285 Steam reviews,2025-02-06,0,285,False,"Action, RPG, Gore, Violent, Adventure"
2024410,Farming Simulator 22 - Platinum Expansion,too-obscure,284 Steam reviews,2022-11-14,0,284,False,Simulation
2863080,Stellaris: The Grand Archive,too-obscure,284 Steam reviews,2024-10-29,0,284,False,"Space, Strategy, Grand Strategy, Sci-fi, 4X"
2543810,American Truck Simulator - Nebraska,too-obscure,283 Steam reviews,2024-05-16,0,283,False,"Simulation, Indie, Driving, Open World"
1472780,Plague Inc: The Cure,too-obscure,276 Steam reviews,2021-01-28,0,276,False,"Strategy, Simulation, Casual, Indie, Medical Sim"
1133000,X4: Split Vendetta,too-obscure,274 Steam reviews,2020-03-31,0,274,False,"Simulation, Action, Space, Sandbox, Space Sim"
2697740,Varangian Guard - Hero - For Honor,too-obscure,273 Steam reviews,2024-02-01,0,273,False,"Action, Gore, Violent"
2222570,The Division 2 - Warlords of New York - Expansion,too-obscure,272 Steam reviews,2023-01-12,0,272,False,"RPG, Action, Adventure"
651380,BANG! BANG! Totally Accurate Redneck Simulator,too-obscure,271 Steam reviews,2020-05-04,0,271,True,"Casual, Action, Indie, Physics, Comedy"
1076850,theHunter: Call of the Wild - Treestand & Tripod Pack,too-obscure,271 Steam reviews,2019-06-03,0,271,False,"Simulation, Sports, Adventure"
428730,Total War: ATTILA - Slavic Nations Culture Pack,too-obscure,270 Steam reviews,2016-02-25,0,270,False,"Strategy, Historical, War"
1253990,Sid Meier's Civilization VI: Maya & Gran Colombia Pack,too-obscure,270 Steam reviews,2020-05-21,0,270,False,Strategy
792520,Total War: ROME II - Desert Kingdoms Culture Pack,too-obscure,267 Steam reviews,2018-03-08,0,267,False,"Strategy, Simulation, Historical"
2367860,Age of Wonders 4: Dragon Dawn,too-obscure,267 Steam reviews,2023-06-20,0,267,False,"Strategy, Fantasy, Turn-Based Tactics, Turn-Based Strategy, 4X"
1337860,Assetto Corsa Competizione - GT4 Pack,too-obscure,265 Steam reviews,2020-07-15,0,265,False,"Racing, Simulation, Sports, Driving, Multiplayer"
939840,theHunter: Call of the Wild - Duck and Cover Pack,too-obscure,263 Steam reviews,2018-09-27,0,263,False,"Simulation, Adventure, Sports"
2671030,Crusader Kings III Content Creator Pack: North African Attire,too-obscure,262 Steam reviews,2024-01-23,0,262,False,"RPG, Strategy, Simulation, Animation & Modeling, 3D"
2782050,MechWarrior 5: Mercenaries - Solaris Showdown,too-obscure,262 Steam reviews,2024-03-14,0,262,False,"Action, Simulation"
343463,Total War: ATTILA - Empires of Sand Culture Pack,too-obscure,260 Steam reviews,2015-09-15,0,260,False,"Strategy, Historical"
1293080,"Football, Tactics & Glory: Football Stars",too-obscure,259 Steam reviews,2020-11-11,0,259,False,"Indie, Sports, Strategy, Simulation, Football (Soccer)"
1164110,theHunter: Call of the Wild - Saseka Safari Trophy Lodge,too-obscure,258 Steam reviews,2019-11-14,0,258,False,"Simulation, Sports, Adventure"
3302470,Oxygen Not Included: The Bionic Booster Pack,too-obscure,258 Steam reviews,2024-12-12,0,258,False,"Simulation, Indie"
1347750,PAYDAY 2: Breakfast in Tijuana Heist,too-obscure,257 Steam reviews,2020-06-30,0,257,False,"Action, RPG, Violent, Gore, Heist"
2167630,theHunter: Call of the Wild - New England Mountains,too-obscure,257 Steam reviews,2022-12-06,0,257,False,"Adventure, Sports, Simulation, Hunting"
806780,Endless Space 2 - Supremacy,too-obscure,256 Steam reviews,2018-08-02,0,256,True,"Strategy, 4X, Turn-Based, Turn-Based Strategy"
2140610,The Sims 4 For Rent Expansion Pack,too-obscure,256 Steam reviews,2023-12-07,0,256,False,"Simulation, Life Sim, Character Customization, Casual, Building"
2200640,Hunt: Showdown - La Luz Mala,too-obscure,256 Steam reviews,2023-01-18,0,256,False,"Action, Gore, Violent"
2532370,theHunter: Call of the Wild - Ambusher Pack,too-obscure,255 Steam reviews,2023-10-10,0,255,False,"Sports, Adventure, Simulation"
2350410,Police Simulator: Patrol Officers: Highway Patrol Expansion,too-obscure,254 Steam reviews,2024-06-17,0,254,False,Simulation
614581,Cities: Skylines - Concerts,too-obscure,253 Steam reviews,2017-08-17,0,253,False,"Strategy, Simulation"
335020,Total War: ATTILA - Viking Forefathers Culture Pack,too-obscure,251 Steam reviews,2015-02-17,0,251,False,"Strategy, Vikings, Historical, Rome, Turn-Based Strategy"
944071,Cities: Skylines - Campus,too-obscure,251 Steam reviews,2019-05-21,0,251,False,"Simulation, Strategy, City Builder, Singleplayer"
1705820,MechWarrior 5: Mercenaries - Legend of the Kestrel Lancers,too-obscure,250 Steam reviews,2021-09-23,0,250,False,"Simulation, Action, Mechs"
2701090,Grim Dawn - Steam Loyalist Items Pack 3,too-obscure,250 Steam reviews,2024-02-27,0,250,False,"Action RPG, Hack and Slash, Dark Fantasy, RPG, Loot"
911930,BATTLETECH Flashpoint,too-obscure,247 Steam reviews,2018-11-27,0,247,True,"Strategy, Adventure, Action, Mechs, Turn-Based"
2108630,The Riftbreaker - World Expansion II,too-obscure,246 Steam reviews,2023-05-29,0,246,False,"Online Co-Op, Base Building, Multiplayer, Strategy, Survival"
526060,Assetto Corsa - Porsche Pack I,too-obscure,245 Steam reviews,2016-10-25,0,245,False,"Simulation, Racing, Sports, Indie"
1544405,GGST Additional Character 5 - Testament,too-obscure,244 Steam reviews,2022-03-28,0,244,False,"Action, LGBTQ+, 2D Fighter, Sexual Content, Psychological Horror"
619680,Assetto Corsa - Ready To Race Pack,too-obscure,242 Steam reviews,2017-05-18,0,242,False,"Racing, Simulation, Indie, Sports"
1966880,ACE COMBAT 7: SKIES UNKNOWN - TOP GUN: Maverick Aircraft Set -,too-obscure,242 Steam reviews,2022-05-26,0,242,False,"Simulation, Action, Flight"
2854750,Expansion - Europa Universalis IV: Winds of Change,too-obscure,242 Steam reviews,2024-05-08,0,242,False,"Strategy, Grand Strategy, Historical, Simulation, 4X"
2492940,Melvor Idle: Atlas of Discovery,too-obscure,240 Steam reviews,2023-09-07,0,240,True,"Indie, RPG, Casual, Adventure, Idler"
240500,DCS: UH-1H Huey,too-obscure,239 Steam reviews,2013-09-02,0,239,False,"Simulation, Flight, Military"
2924120,Hero's Adventure - The Great Conquest,too-obscure,239 Steam reviews,2024-06-25,0,239,False,"RPG, Indie, Adventure, Martial Arts, Open World"
1887030,Hatsune Miku: Project DIVA Mega Mix+ Extra Song Pack,too-obscure,238 Steam reviews,2022-05-26,0,238,False,"Action, Rhythm, Anime, Music"
2701860,theHunter: Call of the Wild - High Caliber Weapon Pack,too-obscure,238 Steam reviews,2024-03-12,0,238,False,"Sports, Adventure, Simulation, Hunting"
1143650,Prison Architect - Psych Ward: Warden's Edition,too-obscure,237 Steam reviews,2019-11-21,0,237,False,"Simulation, Strategy, Indie, Violent, Nudity"
2524030,GGST Additional Character 10 - Johnny,too-obscure,232 Steam reviews,2023-08-24,0,232,False,"Action, Gambling, Sexual Content, Great Soundtrack, Fighting"
3335020,"Wartales, The Skelmar Invasion",too-obscure,232 Steam reviews,2024-12-10,0,232,False,"RPG, Open World, Turn-Based Strategy, Adventure, Party-Based RPG"
2506610,The Riftbreaker: World Expansion III,too-obscure,228 Steam reviews,2024-06-21,0,228,False,"Online Co-Op, Base Building, Multiplayer, Strategy, Survival"
1117140,Euro Truck Simulator 2 - Goodyear Tyres Pack,too-obscure,227 Steam reviews,2019-08-02,0,227,False,"Simulation, Indie, Driving"
3112270,Wartales - The Pits,too-obscure,227 Steam reviews,2024-08-26,0,227,False,"RPG, Open World, Turn-Based Strategy, Adventure, Strategy"
1449450,PAYDAY 2: Buluc's Mansion Heist,too-obscure,226 Steam reviews,2020-11-11,0,226,False,"RPG, Action, Violent, Gore"
1555040,PAYDAY 2: Dragon Pack,too-obscure,225 Steam reviews,2021-03-17,0,225,False,"Action, RPG, Gore, Violent"
2230570,ERROR143 DLC,too-obscure,225 Steam reviews,2023-12-15,0,225,False,"Visual Novel, Dating Sim, Simulation, LGBTQ+, Romance"
1108410,theHunter: Call of the Wild - Weapon Pack 3,too-obscure,223 Steam reviews,2019-08-01,0,223,False,"Sports, Adventure, Simulation"
1648810,House Party - Doja Cat Expansion Pack,too-obscure,223 Steam reviews,2022-09-30,0,223,False,"Simulation, Indie, Adventure, Casual, Story Rich"
2432430,Symphony of War: The Nephilim Saga - Legends,too-obscure,223 Steam reviews,2023-08-28,0,223,False,"RPG, Strategy, Adventure, Indie, Turn-Based Tactics"
223594,The Sims 3: Seasons,too-obscure,221 Steam reviews,2012-11-20,0,221,False,"Simulation, Funny, Life Sim"
99612,Civilization V - Civ and Scenario Pack: Korea,too-obscure,220 Steam reviews,2011-08-11,0,220,False,Strategy
1776780,The Sims 4 Werewolves Game Pack,too-obscure,220 Steam reviews,2022-06-16,0,220,False,"Simulation, Casual, Werewolves, Life Sim, Supernatural"
1945682,PAYDAY 2: McShay Weapon Pack,too-obscure,220 Steam reviews,2022-05-11,0,220,False,"RPG, Action, Gore, Violent"
3244800,theHunter: Call of the Wild - German Shorthaired Pointer,too-obscure,220 Steam reviews,2024-12-03,0,220,False,"Adventure, Sports, Simulation"
297830,Total War: ROME II - Daughters of Mars Unit Pack,too-obscure,219 Steam reviews,2014-08-14,0,219,False,"Strategy, Historical"
1934140,Planet Zoo: Wetlands Animal Pack,too-obscure,219 Steam reviews,2022-04-12,0,219,False,"Simulation, Casual, Strategy, Building, Sandbox"
851180,Blood Harvest 3,too-obscure,218 Steam reviews,2018-06-05,0,218,True,"Action, Indie, Adventure, Platformer, 2D"
2094810,Crypt of the NecroDancer: SYNCHRONY,too-obscure,218 Steam reviews,2024-03-13,0,218,False,"Action, RPG, Indie, Multiplayer, Rhythm"
2518950,DCS: F-4E Phantom II by Heatblur Simulations,too-obscure,218 Steam reviews,2024-05-22,0,218,False,"Simulation, Free to Play, VR, Flight"
2978620,WARNO - NORTHAG,too-obscure,218 Steam reviews,2024-12-17,0,218,False,"Indie, Action, Strategy, Simulation"
1341702,Iron Harvest: - Operation Eagle DLC,too-obscure,216 Steam reviews,2021-05-27,0,216,False,"Strategy, RTS"
2055140,Melvor Idle: Throne of the Herald,too-obscure,215 Steam reviews,2022-10-20,0,215,True,"Indie, RPG, Casual, Adventure, Idler"
2179800,MechWarrior 5: Mercenaries - Rise of Rasalhague,too-obscure,215 Steam reviews,2023-01-25,0,215,False,"Simulation, Action, Mechs"
1244781,Prison Architect - Island Bound,too-obscure,214 Steam reviews,2020-06-23,0,214,False,"Simulation, Strategy, Indie, Building, Sandbox"
2890190,Cult of the Lamb: Pilgrim Pack,too-obscure,214 Steam reviews,2024-08-12,0,214,False,"Indie, Action, Strategy, Adventure, Cute"
2401860,Age of Wonders 4: Eldritch Realms,too-obscure,213 Steam reviews,2024-06-18,0,213,False,"Strategy, Fantasy, Turn-Based Tactics, 4X, Colorful"
1349400,Planet Zoo: Australia Pack,too-obscure,212 Steam reviews,2020-08-25,0,212,False,"Simulation, Strategy, Sandbox"
2064720,theHunter: Call of the Wild - Assorted Sidearms Pack,too-obscure,212 Steam reviews,2022-09-27,0,212,False,"Sports, Adventure, Simulation"
718180,Super Dungeon Boy,too-obscure,211 Steam reviews,2017-11-29,0,211,True,"Indie, Action, Platformer, Retro, Singleplayer"
223593,The Sims 3: Supernatural,too-obscure,210 Steam reviews,2012-11-20,0,210,False,"Simulation, Vampires, Fantasy, Supernatural, Werewolves"
1059820,Cities: Skylines - Content Creator Pack: University City,too-obscure,210 Steam reviews,2019-05-21,0,210,False,"Simulation, Strategy, City Builder"
2138830,Grand Tactician: The Civil War - Whiskey & Lemons,too-obscure,210 Steam reviews,2023-08-25,0,210,False,Strategy
2732280,TEKKEN 8 - Eddy Gordo,too-obscure,209 Steam reviews,2024-04-04,0,209,False,Action
3091190,Planet Coaster 2: Vintage Funfair Ride Pack,too-obscure,208 Steam reviews,2024-11-06,0,208,False,"Strategy, Simulation"
423630,Assetto Corsa - Dream Pack 3,too-obscure,207 Steam reviews,2015-12-15,0,207,False,"Racing, Sports, Simulation, Indie"
1437660,Imperator: Rome - Heirs of Alexander Content Pack,too-obscure,206 Steam reviews,2021-02-16,0,206,False,"Strategy, Simulation"
1778790,PAYDAY 2: Black Cat Heist,too-obscure,206 Steam reviews,2021-10-13,0,206,False,"Action, RPG, Violent, Gore"
1148022,Cities: Skylines - Content Creator Pack: Modern Japan,too-obscure,204 Steam reviews,2020-03-26,0,204,False,"Strategy, Simulation"
1882470,Jurassic World Evolution 2: Camp Cretaceous Dinosaur Pack,too-obscure,204 Steam reviews,2022-03-08,0,204,False,"Action, Strategy, Simulation, Dinosaurs, Building"
2631430,theHunter: Call of the Wild - Labrador Retriever,too-obscure,201 Steam reviews,2023-11-28,0,201,False,"Hunting, Open World, Multiplayer, Simulation, First-Person"
399620,XCOM 2: Resistance Warrior Pack,too-obscure,200 Steam reviews,2016-11-22,0,200,False,Strategy
721340,Expansion - Europa Universalis IV: Cradle of Civilization,too-obscure,200 Steam reviews,2017-11-16,0,200,False,"Strategy, Simulation, Grand Strategy"
1120300,DCS: Syria,too-obscure,200 Steam reviews,2020-08-20,0,200,False,"Simulation, Free to Play, Open World"
2137370,Gas Station Simulator - Airstrip DLC,too-obscure,199 Steam reviews,2023-04-26,0,199,False,"Simulation, Indie, Singleplayer, Comedy, Management"
2224460,Street Fighter 6 - Year 1 Character Pass,too-obscure,199 Steam reviews,2023-06-01,0,199,False,"Action, Adventure, Fighting"
1235722,The Sims 4 Discover University,too-obscure,198 Steam reviews,2020-06-18,0,198,False,"Casual, Simulation, Character Customization, Funny, Life Sim"
1833990,HUMANKIND - Together We Rule Expansion Pack,too-obscure,198 Steam reviews,2022-11-09,0,198,False,"Strategy, 4X"
3244810,theHunter: Call of the Wild - Salzwiesen Park,too-obscure,198 Steam reviews,2024-12-03,0,198,False,"Sports, Adventure, Simulation"
3024980,TEKKEN 8 - Heihachi Mishima,too-obscure,197 Steam reviews,2024-10-03,0,197,False,Action
2099930,Breakout 13 : Fight,too-obscure,196 Steam reviews,2023-02-02,0,196,False,"Adventure, RPG, Indie, Cinematic, FMV"
2646130,Cult of the Lamb: Sinful Pack,too-obscure,196 Steam reviews,2024-01-16,0,196,False,"Base Building, Cute, Action Roguelike, Character Customization, Singleplayer"
1049290,"Warhammer 40,000: Mechanicus - Heretek",too-obscure,195 Steam reviews,2019-07-23,0,195,False,"Strategy, Turn-Based Strategy"
1967650,Euro Truck Simulator 2 - Street Art Paint Jobs Pack,too-obscure,195 Steam reviews,2022-11-07,0,195,False,"Simulation, Indie"
2834350,BOOK OF HOURS: HOUSE OF LIGHT,too-obscure,195 Steam reviews,2024-09-26,0,195,False,"RPG, Indie, Simulation, 2D, CRPG"
1259930,Cultist Simulator: The Exile,too-obscure,192 Steam reviews,2020-05-27,0,192,False,"Simulation, RPG, Indie, Card Game, Lovecraftian"
2825190,Street Fighter 6 - Year 2 Character Pass,too-obscure,192 Steam reviews,2024-06-07,0,192,False,"Action, Adventure, 2D Fighter, Fighting, Character Customization"
2229460,Placid Plastic Duck - Quacking the Ice,too-obscure,190 Steam reviews,2022-12-15,0,190,False,"Casual, Simulation"
651440,Tyranny - Bastard's Wound,too-obscure,189 Steam reviews,2017-09-07,0,189,False,"RPG, Adventure"
1901922,Golf With Your Friends - Bouncy Castle Course,too-obscure,189 Steam reviews,2022-06-21,0,189,False,"Indie, Casual, Sports"
2154172,SnowRunner - Season 10: Fix & Connect,too-obscure,189 Steam reviews,2023-07-18,0,189,False,"Simulation, Adventure"
2299780,theHunter: Call of the Wild - Hunter Power Pack,too-obscure,189 Steam reviews,2023-03-14,0,189,False,"Sports, Adventure, Simulation"
509350,Assetto Corsa -Tripl3 Pack,too-obscure,188 Steam reviews,2016-08-26,0,188,False,"Racing, Sports, Indie, Simulation"
393920,Auto Dealership Tycoon,too-obscure,187 Steam reviews,2015-10-23,0,187,True,"Simulation, Indie, Management"
2401830,Age of Wonders 4: Empires & Ashes,too-obscure,186 Steam reviews,2023-11-07,0,186,False,"Strategy, Strategy RPG, 4X, PvP, Magic"
235584,Civilization V - Scrambled Continents Map Pack,too-obscure,185 Steam reviews,2013-10-15,0,185,False,"Strategy, Turn-Based Strategy"
267630,Total War: ROME II - Beasts of War Unit Pack,too-obscure,184 Steam reviews,2014-02-17,0,184,False,"Strategy, Turn-Based Strategy, Rome, Historical, Turn-Based"
1995690,Icarus: Styx Map & Missions Pack,too-obscure,181 Steam reviews,2022-05-28,0,181,False,"Action, Adventure, Simulation"
2860590,Melvor Idle: Into the Abyss,too-obscure,181 Steam reviews,2024-06-13,0,181,True,"RPG, Indie, Casual, Adventure, Idler"
1058190,Bus Simulator 18 - Official map extension,too-obscure,180 Steam reviews,2019-05-22,0,180,False,Simulation
1235720,The Sims 4 Get Famous,too-obscure,180 Steam reviews,2020-06-18,0,180,False,"Simulation, Singleplayer, Character Customization, Funny, Classic"
1906240,PAYDAY 2: Mountain Master Heist,too-obscure,180 Steam reviews,2022-03-09,0,180,False,"Action, RPG, Gore, Violent"
2780800,Euro Truck Simulator 2 - JCB Equipment Pack,too-obscure,180 Steam reviews,2024-05-23,0,180,False,"Simulation, Indie"
1148020,Cities: Skylines - Content Creator Pack: Modern City Center,too-obscure,179 Steam reviews,2019-11-07,0,179,False,"Simulation, Strategy, City Builder"
1811550,Forts - High Seas,too-obscure,179 Steam reviews,2022-03-25,0,179,False,"Strategy, Action, Physics, Sandbox, Moddable"
3398280,SnowRunner - Mack Dual Pack,too-obscure,179 Steam reviews,2025-02-11,0,179,False,"Adventure, Simulation"
1412780,Axis Football 2020,too-obscure,178 Steam reviews,2020-10-07,0,178,True,"Sports, Simulation, Strategy, Football (American), Management"
223597,The Sims 3: University Life,too-obscure,177 Steam reviews,2013-03-05,0,177,False,"Simulation, Singleplayer, Life Sim"
1255151,PAYDAY 2: Federales Weapon Pack,too-obscure,177 Steam reviews,2020-02-27,0,177,False,"Action, RPG, Violent, Gore"
1456180,MechWarrior 5 Mercenaries - Heroes of the Inner Sphere,too-obscure,176 Steam reviews,2021-05-27,0,176,False,"Action, Simulation, Violent, Mechs, Singleplayer"
273380,Total War: ROME II - Hannibal at the Gates Campaign Pack,too-obscure,175 Steam reviews,2014-03-27,0,175,False,"Strategy, Historical, Turn-Based Strategy, Rome, Turn-Based"
393220,Super Man Or Monster,too-obscure,175 Steam reviews,2017-10-31,0,175,True,"Action, Indie, Adventure, Destruction, Voxel"
567780,Satellite Repairman,too-obscure,175 Steam reviews,2017-02-02,0,175,True,"Action, Indie, Simulation, Space, Arcade"
900449,Pathfinder: Kingmaker - Beneath The Stolen Lands,too-obscure,175 Steam reviews,2019-06-06,0,175,False,"RPG, Roguelike"
3315540,Crusader Kings III Content Creator Pack: Medieval Monuments,too-obscure,175 Steam reviews,2025-02-25,0,175,False,"Strategy, Medieval, Simulation, Grand Strategy, RPG"
607440,Escape: VR,too-obscure,174 Steam reviews,2017-04-12,0,174,True,"Indie, VR"
1840650,Thief Simulator - Luxury Houses DLC,too-obscure,173 Steam reviews,2023-04-06,0,173,False,"Simulation, Indie, Action, Adventure, Multiplayer"
1905970,Avorion - Into The Rift,too-obscure,172 Steam reviews,2022-08-04,0,172,False,"Indie, Action, Simulation"
1575660,Cooking Simulator - Shelter,too-obscure,171 Steam reviews,2021-11-18,0,171,False,"Simulation, Cooking, Singleplayer, Realistic, Sandbox"
1945681,PAYDAY 2: Midland Ranch Heist,too-obscure,171 Steam reviews,2022-06-21,0,171,False,"Action, RPG, Violent, Gore"
2142510,"Placid Plastic Duck Simulator - Ducks, Please",too-obscure,171 Steam reviews,2022-10-11,0,171,False,"Indie, Casual, Simulation, Collectathon, Immersive Sim"
2243210,World War Z: Aftermath Upgrade,too-obscure,170 Steam reviews,2023-03-27,0,170,False,"Action, Gore, Violent, Third Person, Co-op"
2935580,Wildermyth - Omenroad,too-obscure,169 Steam reviews,2024-05-16,0,169,False,"RPG, Indie, Strategy, Turn-Based Tactics, Roguelike"
1235730,The Sims 4 Island Living,too-obscure,168 Steam reviews,2020-06-18,0,168,False,"Simulation, Casual, Sandbox, Building, Singleplayer"
1252870,Imperator: Rome - Magna Graecia Content Pack,too-obscure,168 Steam reviews,2020-03-31,0,168,False,"Strategy, Simulation, Historical, Grand Strategy, Alternate History"
2154171,SnowRunner - Season 9: Renew & Rebuild,too-obscure,168 Steam reviews,2023-02-28,0,168,False,"Adventure, Simulation, Action"
2401850,Age of Wonders 4: Primal Fury,too-obscure,168 Steam reviews,2024-02-27,0,168,False,"Strategy, Fantasy, 4X, Colorful, Turn-Based Tactics"
1235746,The Sims 4 Realm of Magic,too-obscure,167 Steam reviews,2020-06-18,0,167,False,"Simulation, Magic, Supernatural, Atmospheric, Dark Fantasy"
1654480,PAYDAY 2: The Ukrainian Prisoner Heist,too-obscure,167 Steam reviews,2021-06-16,0,167,False,"Action, RPG, Violent, Gore"
1288340,OMSI 2 Add-on Bad Hügelsdorf 2020,too-obscure,166 Steam reviews,2020-05-21,0,166,False,"Simulation, Casual, Realistic, Driving, Physics"
1662380,American Truck Simulator - Volvo Construction Equipment,too-obscure,166 Steam reviews,2021-09-23,0,166,False,"Indie, Simulation, Driving"
2266770,Pathfinder: Wrath of the Righteous - The Last Sarkorians,too-obscure,165 Steam reviews,2023-03-07,0,165,False,"RPG, Adventure, Indie, Strategy, Gore"
1567110,Planet Zoo: Southeast Asia Animal Pack,too-obscure,164 Steam reviews,2021-03-30,0,164,False,"Simulation, Strategy, Casual, Sandbox, Building"
692930,DreadEye VR,too-obscure,163 Steam reviews,2017-11-28,0,163,True,"Action, Adventure, Indie, Violent, Gore"
1418231,Steel Division 2 - Burning Baltics,too-obscure,163 Steam reviews,2021-04-29,0,163,False,"Indie, Action, Strategy, Simulation, Historical"
3275760,Crusader Kings III Content Creator Pack: West Slavic Attire,too-obscure,163 Steam reviews,2024-11-27,0,163,False,"Strategy, Simulation, RPG, Medieval, Grand Strategy"
2148901,Cities: Skylines - Financial Districts,too-obscure,162 Steam reviews,2022-12-13,0,162,False,"Strategy, Simulation"
2614650,World War Z: Aftermath - Valley of the Zeke Episode,too-obscure,161 Steam reviews,2023-12-05,0,161,False,"Action, Gore, Violent"
2856380,SnowRunner – The Atom,too-obscure,161 Steam reviews,2024-04-02,0,161,False,"Adventure, Simulation"
1967690,American Truck Simulator - Lode King & Prestige Trailers Pack,too-obscure,160 Steam reviews,2022-05-31,0,160,False,"Simulation, Indie"
256320,LEGO Marvel Super Heroes DLC: Super Pack,too-obscure,159 Steam reviews,2013-12-18,0,159,False,"Adventure, Action, Open World, Co-op, Superhero"
547500,Cities: Skylines - Content Creator Pack: High-Tech Buildings,too-obscure,159 Steam reviews,2016-11-29,0,159,False,"Simulation, Strategy, City Builder"
3450870,Farming Simulator 25 - NEXAT Pack,too-obscure,159 Steam reviews,2025-03-11,0,159,False,"Simulation, Farming Sim, Realistic, Immersive Sim, 3D"
2499360,Workers & Resources: Soviet Republic - Biomes,too-obscure,158 Steam reviews,2024-06-20,0,158,False,"Simulation, Strategy, Indie, City Builder, Management"
515190,Cities: Skylines - Content Creator Pack: Art Deco,too-obscure,157 Steam reviews,2016-09-01,0,157,False,"Simulation, Strategy, City Builder"
2328720,Assetto Corsa Competizione - 2023 GT World Challenge Pack,too-obscure,157 Steam reviews,2023-04-19,0,157,False,"Racing, Indie, Sports, Simulation, eSports"
1388850,Sid Meier's Civilization VI: Babylon Pack,too-obscure,156 Steam reviews,2020-11-19,0,156,False,Strategy
715190,Cities: Skylines - Content Creator Pack: European Suburbia,too-obscure,155 Steam reviews,2017-10-19,0,155,False,"Simulation, Strategy, City Builder"
1485120,BoomBox,too-obscure,155 Steam reviews,2021-06-11,0,155,True,"Sports, Casual, VR, Rhythm, Music"
1485420,Tank Mechanic Simulator - First Supply DLC,too-obscure,155 Steam reviews,2022-02-04,0,155,False,"Simulation, Indie, Action, Adventure, Casual"
2579670,Euro Truck Simulator 2 - Modern Lines Paint Jobs Pack,too-obscure,155 Steam reviews,2023-09-11,0,155,False,"Simulation, Indie"
2719560,Hunt: Showdown - The Reckoning Son,too-obscure,155 Steam reviews,2024-05-23,0,155,False,"Action, Gore, Violent"
2900730,Gold Mining Simulator - Mini Mining Machines,too-obscure,155 Steam reviews,2024-04-11,0,155,False,"Simulation, Indie, Mining, Singleplayer, Realistic"
979930,Jurassic World Evolution: Cretaceous Dinosaur Pack,too-obscure,154 Steam reviews,2018-12-13,0,154,False,"Simulation, Strategy, Dinosaurs"
1621740,American Truck Simulator - Goodyear Tires Pack,too-obscure,154 Steam reviews,2021-05-10,0,154,False,"Simulation, Indie"
343461,Total War: ATTILA - Celts Culture Pack,too-obscure,153 Steam reviews,2015-03-25,0,153,False,"Strategy, Historical"
764500,Deep Dark Fight,too-obscure,153 Steam reviews,2017-12-28,0,153,True,"Memes, Dark Fantasy, Mature, LGBTQ+, Platformer"
1747960,Planet Zoo: North America Animal Pack,too-obscure,153 Steam reviews,2021-10-04,0,153,True,"Strategy, Simulation, Casual, Sandbox, Building"
1478300,Sid Meier's Civilization VI: Portugal Pack,too-obscure,152 Steam reviews,2021-03-25,0,152,False,Strategy
1458151,The Sims 4 Dream Home Decorator Game Pack,too-obscure,151 Steam reviews,2021-06-01,0,151,False,"Casual, Simulation, Building, Character Customization, Adventure"
2427370,EZ2ON REBOOT : R - DJMAX Collaboration DLC,too-obscure,150 Steam reviews,2023-09-27,0,150,False,"Action, Casual, Sports"
2696090,A Date with Death - Expansion DLC,too-obscure,150 Steam reviews,2023-12-07,0,150,False,"Visual Novel, Dating Sim, Romance, LGBTQ+, Dark Fantasy"
747690,Sinister Halloween,too-obscure,149 Steam reviews,2019-10-31,0,149,True,"VR, Horror, Singleplayer, Atmospheric, Indie"
900447,Pathfinder: Kingmaker - The Wildcards,too-obscure,149 Steam reviews,2018-12-14,0,149,False,"RPG, Sexual Content"
1010820,Barony: Myths & Outcasts,too-obscure,149 Steam reviews,2019-02-23,0,149,False,"RPG, Indie, Action, Adventure, Violent"
1607390,Trailmakers: High Seas Expansion,too-obscure,149 Steam reviews,2021-12-10,0,149,False,"Simulation, Action, Racing, Adventure, Indie"
3337040,Planet Coaster 2: Thrill-Seekers Ride Pack,too-obscure,149 Steam reviews,2024-12-12,0,149,False,"Strategy, Simulation"
750210,Last Anime boy: Saving loli,too-obscure,148 Steam reviews,2017-11-21,0,148,True,"Action, Indie, FPS, Memes, Retro"
1047180,BATTLETECH Urban Warfare,too-obscure,148 Steam reviews,2019-06-04,0,148,False,"Action, Adventure, Strategy, Mechs"
2285970,Trailmakers: Airborne Expansion,too-obscure,148 Steam reviews,2023-04-27,0,148,False,"Adventure, Action, Simulation, Indie, Racing"
415240,Feesh,too-obscure,147 Steam reviews,2016-02-01,0,147,True,"Casual, Indie, Action"
693750,Galactic Crew,too-obscure,147 Steam reviews,2019-03-28,0,147,True,"Rogue-lite, Colony Sim, Exploration, Dungeon Crawler, Base-Building"
2399331,东方夜雀食堂DLC5扩展包 - 月都&魔界,too-obscure,147 Steam reviews,2024-02-12,0,147,True,"Casual, Pixel Graphics, RPG, Simulation, Time Management"
676440,Trash Squad,too-obscure,146 Steam reviews,2018-01-26,0,146,True,"Action, Indie, Shooter"
1151170,BATTLETECH Heavy Metal,too-obscure,146 Steam reviews,2019-11-21,0,146,False,"Action, Strategy, Adventure, Mechs"
1357372,Phoenix Point Year One Edition: Festering Skies DLC,too-obscure,146 Steam reviews,2021-05-25,0,146,False,"RPG, Strategy, Simulation"
2231410,Tom Clancy's Ghost Recon Breakpoint Year 1 Pass,too-obscure,146 Steam reviews,2023-01-23,0,146,False,"Action, Adventure, Open World, Multiplayer"
1969380,MechWarrior 5: Mercenaries - Call to Arms,too-obscure,145 Steam reviews,2022-06-08,0,145,False,"Action, Simulation, Violent, Mechs"
343460,Total War: ATTILA - Longbeards Culture Pack,too-obscure,144 Steam reviews,2015-03-04,0,144,False,"Strategy, Historical"
2795980,The Last Spell - Dwarves of Runenberg,too-obscure,144 Steam reviews,2024-04-24,0,144,False,"Tactical, 2D, Singleplayer, Pixel Graphics, Strategy RPG"
1647620,Planet Zoo: Africa Pack,too-obscure,143 Steam reviews,2021-06-22,0,143,True,"Simulation, Casual, Strategy, Building, Sandbox"
411890,DCS: Persian Gulf,too-obscure,142 Steam reviews,2018-06-01,0,142,False,"Simulation, Flight, Military, Open World"
2399330,Touhou Mystia's Izakaya DLC4 Pack - Garden of the Sun & Shining Needle Castle,too-obscure,142 Steam reviews,2023-08-04,0,142,True,"RPG, Indie, Casual, Simulation"
2948140,Ember Knights - Wrath of the Architect,too-obscure,142 Steam reviews,2024-10-15,0,142,False,"RPG, Action, Adventure, Roguelite"
1507410,Coloring Book for Kids,too-obscure,141 Steam reviews,2021-03-08,0,141,True,"Free to Play, Casual, Relaxing, Point & Click, Singleplayer"
2314000,Jurassic World Evolution 2: Feathered Species Pack,too-obscure,141 Steam reviews,2023-03-30,0,141,False,"Simulation, Strategy, Dinosaurs"
1449260,Assetto Corsa Competizione - 2020 GT World Challenge Pack,too-obscure,140 Steam reviews,2020-11-18,0,140,False,"Racing, Simulation, Sports"
2914280,Age of Wonders 4: Ways of War,too-obscure,140 Steam reviews,2024-11-05,0,140,False,"Strategy, 4X, Character Customization, Choices Matter, RPG"
1235732,The Sims 4 Get Together,too-obscure,139 Steam reviews,2020-06-18,0,139,False,"Simulation, Life Sim, Family Friendly, Character Customization, Sandbox"
1904392,The Sims 4 Growing Together Expansion Pack,too-obscure,139 Steam reviews,2023-03-16,0,139,False,"Simulation, Casual, Life Sim"
2058881,SnowRunner - Western Star Wolf Pack,too-obscure,139 Steam reviews,2022-09-08,0,139,False,"Simulation, Adventure"
2709450,SnowRunner - Season 13: Dig & Drill,too-obscure,139 Steam reviews,2024-06-04,0,139,False,"Adventure, Simulation"
378580,Untamed: Life Of A Cougar,too-obscure,138 Steam reviews,2015-08-27,0,138,True,"Simulation, Indie, Action, Adventure, Casual"
746620,Bakery,too-obscure,138 Steam reviews,2017-11-22,0,138,True,"Casual, Simulation, Management, Retro, Lore-Rich"
1144420,Jurassic World Evolution: Raptor Squad Skin Collection,too-obscure,138 Steam reviews,2019-11-26,0,138,False,"Simulation, Strategy, Dinosaurs"
2104870,Stranded: Alien Dawn Robots and Guardians,too-obscure,138 Steam reviews,2023-11-07,0,138,False,"Strategy, Simulation, Violent"
297831,Total War: ROME II - Black Sea Colonies Culture Pack,too-obscure,137 Steam reviews,2014-11-20,0,137,False,"Strategy, Rome"
773500,Gold Rush: The Game - Frankenstein Machinery,too-obscure,137 Steam reviews,2018-01-18,0,137,False,"Simulation, Indie"
2524070,GGST Additional Character 14 - Queen Dizzy,too-obscure,137 Steam reviews,2024-10-31,0,137,False,"Action, Cute, Psychological Horror, Female Protagonist, Survival Horror"
2806860,Jurassic World Evolution 2: Secret Species Pack,too-obscure,136 Steam reviews,2024-03-13,0,136,False,"Dinosaurs, Simulation, Building, Strategy, Management"
3202720,"Warhammer 40,000: Battlesector - Astra Militarum",too-obscure,136 Steam reviews,2024-12-10,0,136,False,"Strategy, Turn-Based Tactics, Turn-Based Strategy, 3D, Violent"
434065,OMSI 2 Add-on Rheinhausen,too-obscure,135 Steam reviews,2016-10-27,0,135,False,"Simulation, Driving, Realistic, Singleplayer, Casual"
240300,DCS: Combined Arms,too-obscure,134 Steam reviews,2013-08-02,0,134,False,"Simulation, Military, VR"
2331540,Cult of the Lamb: Heretic Pack,too-obscure,134 Steam reviews,2023-04-24,0,134,False,"Adventure, Action, Indie, Strategy"
2421890,"Warhammer 40,000: Chaos Gate - Daemonhunters - Execution Force",too-obscure,134 Steam reviews,2023-07-25,0,134,False,"Strategy, RPG, Gore, Violent, Turn-Based Combat"
1641940,FOR HONOR - Kyoshin Hero,too-obscure,132 Steam reviews,2021-07-22,0,132,False,"Action, Violent"
988470,Jurassic World Evolution: Carnivore Dinosaur Pack,too-obscure,131 Steam reviews,2019-04-17,0,131,False,"Simulation, Strategy, Dinosaurs"
1524910,House Party - Detective Liz Katz in a Gritty Kitty Murder Mystery Expansion Pack,too-obscure,131 Steam reviews,2023-05-26,0,131,False,"Simulation, Casual, Adventure, Indie, Sexual Content"
1531471,Cities: Skylines - Content Creator Pack: Bridges & Piers,too-obscure,131 Steam reviews,2021-05-21,0,131,False,"Simulation, Strategy"
2353721,SnowRunner - Kenworth W990,too-obscure,131 Steam reviews,2023-11-22,0,131,False,"Simulation, Adventure"
2825200,Street Fighter 6 - Year 2 Ultimate Pass,too-obscure,131 Steam reviews,2024-06-07,0,131,False,"Action, Adventure, 2D Fighter, Fighting, Character Customization"
3404380,Your Daughter,too-obscure,131 Steam reviews,2024-12-31,0,131,True,"Time Management, Utilities, Female Protagonist, Software, 2D"
745370,Purple Heart,too-obscure,130 Steam reviews,2017-11-27,0,130,True,"Indie, Adventure, Platformer, Retro, Puzzle"
2617770,Easy Red 2: Ardennes 1940 & 1944,too-obscure,130 Steam reviews,2023-11-24,0,130,False,"Action, Indie, Simulation, Strategy, World War II"
1621460,The Sims 4 My Wedding Stories Game Pack,too-obscure,129 Steam reviews,2022-02-23,0,129,False,"Simulation, Casual, Life Sim, Dating Sim, Fantasy"
3106720,theHunter: Call of the Wild - Scopes and Crosshairs Pack,too-obscure,129 Steam reviews,2024-09-24,0,129,False,"Sports, Adventure, Simulation"
3391540,Intravenous 2: IV1 Remaster,too-obscure,129 Steam reviews,2025-03-03,0,129,False,"Action, Strategy, Adventure, Violent, Gore"
628580,Miniballist,too-obscure,128 Steam reviews,2018-03-13,0,128,True,"Indie, Casual, Difficult, Platformer, Illuminati"
2378087,EARTH DEFENSE FORCE 6 - Additional Mission Pack 1「Lost Days」,too-obscure,128 Steam reviews,2024-08-29,0,128,False,"Action, Shooter, Third-Person Shooter, 3D, Sci-fi"
3171570,Yarimono ~ DLC 1,too-obscure,128 Steam reviews,2024-08-30,0,128,False,"Indie, Adventure, RPG, Sexual Content"
861710,Geometry Rush,too-obscure,127 Steam reviews,2018-07-13,0,127,True,"Casual, Indie"
1235766,The Sims 4 Tiny Living Stuff,too-obscure,127 Steam reviews,2020-06-18,0,127,False,"Simulation, Singleplayer, Character Customization, Action, Classic"
1301021,The Sims 4 Star Wars: Journey to Batuu Game Pack,too-obscure,127 Steam reviews,2020-09-08,0,127,False,"Casual, Simulation, Aliens, Life Sim, Character Customization"
1601350,Prison Architect - Second Chances,too-obscure,127 Steam reviews,2021-06-16,0,127,False,"Indie, Strategy, Simulation, Violent, Nudity"
1640650,WWZ: Aftermath - Explorer Weapons Pack,too-obscure,127 Steam reviews,2021-09-21,0,127,False,"Action, Gore, Violent"
2303400,Placid Plastic Duck Simulator - Duck Addiction,too-obscure,127 Steam reviews,2023-02-20,0,127,False,"Casual, Simulation"
3286290,MK1: Ghostface,too-obscure,126 Steam reviews,2024-11-26,0,126,False,"Action, Gore, Violent"
2378088,EARTH DEFENSE FORCE 6 - Additional Mission Pack 2「Visions of Malice」,too-obscure,125 Steam reviews,2024-10-17,0,125,False,"Action, Shooter, Third-Person Shooter, 3D, Sci-fi"
2604510,Underrail: Heavy Duty,too-obscure,125 Steam reviews,2023-11-01,0,125,False,"RPG, Indie"
2643040,Hunt: Showdown - The Shadow Under the Cowl,too-obscure,125 Steam reviews,2024-01-18,0,125,False,"Action, Gore, Violent"
2837730,Planet Zoo: Barnyard Animal Pack,too-obscure,125 Steam reviews,2024-04-30,0,125,True,"Simulation, Management, Building, Sandbox, Nature"
3142330,Ship Graveyard Simulator 2 - Floating Cities DLC,too-obscure,125 Steam reviews,2024-12-12,0,125,True,"Simulation, Action, Casual, Adventure, Indie"
16868,Civilization V - Babylon (Nebuchadnezzar II),too-obscure,124 Steam reviews,2010-10-25,0,124,False,Strategy
250310,Su-27 for DCS World,too-obscure,124 Steam reviews,2014-11-10,0,124,False,"Simulation, Free to Play, Flight"
385130,"DvDrum, Ultimate Drum Simulator!",too-obscure,124 Steam reviews,2017-02-09,0,124,True,"Simulation, Music, Casual, Rhythm, Indie"
1239450,"Warhammer 40,000: Gladius - T'au",too-obscure,124 Steam reviews,2020-02-25,0,124,False,Strategy
2395550,Desktop Girlfriend NEO,too-obscure,124 Steam reviews,2023-11-07,0,124,False,"Sexual Content, Nudity, Female Protagonist, Character Customization, Hentai"
2150050,Planet Zoo: Twilight Pack,too-obscure,123 Steam reviews,2022-10-18,0,123,True,"Simulation, Casual, Strategy, Animals"
273381,Total War: ROME II - Pirates and Raiders Culture Pack,too-obscure,122 Steam reviews,2014-05-29,0,122,False,"Strategy, Historical, Rome, Turn-Based Strategy, Turn-Based"
1368572,The Sims 4 Snowy Escape Expansion Pack,too-obscure,122 Steam reviews,2020-11-13,0,122,False,"Casual, Simulation, Immersive Sim, Sandbox, Dating Sim"
1436950,Sid Meier's Civilization VI: Vietnam & Kublai Khan Pack,too-obscure,122 Steam reviews,2021-01-28,0,122,False,Strategy
1701600,Amazing Cultivation Simulator - Immortal Tales of WuDang,too-obscure,122 Steam reviews,2021-08-31,0,122,False,"Simulation, RPG, Indie, Strategy"
2492640,Jurassic World Evolution 2: Prehistoric Marine Species Pack,too-obscure,122 Steam reviews,2023-08-10,0,122,False,"Strategy, Simulation, Dinosaurs"
1010821,Barony: Legends & Pariahs,too-obscure,121 Steam reviews,2019-12-27,0,121,False,"RPG, Action, Adventure, Indie, Violent"
1270540,Sid Meier's Civilization VI: Ethiopia Pack,too-obscure,121 Steam reviews,2020-07-23,0,121,False,Strategy
546350,Craft Keep VR,too-obscure,120 Steam reviews,2017-04-21,0,120,True,"Simulation, Adventure, Strategy, VR, Medieval"
1284470,Sid Meier's Civilization VI: Byzantium & Gaul Pack,too-obscure,119 Steam reviews,2020-09-24,0,119,False,Strategy
2215010,PAYDAY 2: Hostile Takeover Heist,too-obscure,119 Steam reviews,2023-02-22,0,119,False,"Action, RPG, Violent"
2803600,Warframe: Starter Weapon Pack,too-obscure,119 Steam reviews,2024-02-20,0,119,False,"RPG, Action, Free to Play, Gore, Violent"
1235761,The Sims 4 Laundry Day Stuff,too-obscure,118 Steam reviews,2020-06-18,0,118,False,"Simulation, Action, Singleplayer, Character Customization, Classic"
1778791,PAYDAY 2: Mega City Tailor Pack,too-obscure,118 Steam reviews,2021-10-13,0,118,False,"Action, RPG, Violent, Gore"
1837260,FOR HONOR - Pirate Hero,too-obscure,118 Steam reviews,2022-01-27,0,118,False,"Action, Gore, Violent"
1838500,SnowRunner - Crocodile Pack,too-obscure,118 Steam reviews,2022-03-01,0,118,False,"Adventure, Simulation"
3051590,Dune: Imperium - Rise of Ix,too-obscure,118 Steam reviews,2024-07-31,0,118,False,"Simulation, Strategy, Board Game"
1282550,Project Hospital - Hospital Services,too-obscure,117 Steam reviews,2020-04-24,0,117,False,"Strategy, Indie, Simulation, Management, Sandbox"
2489020,MechWarrior 5: Mercenaries - The Dragon's Gambit,too-obscure,117 Steam reviews,2023-09-28,0,117,False,"Action, Simulation, Mechs"
619740,The Inevitability,too-obscure,116 Steam reviews,2017-04-17,0,116,True,"Adventure, Indie, Gore, Horror"
1784890,American Truck Simulator - Retrowave Paint Jobs Pack,too-obscure,116 Steam reviews,2021-10-26,0,116,False,"Simulation, Indie"
1198460,IL-2 Sturmovik: Battle of Bodenplatte,too-obscure,115 Steam reviews,2019-12-03,0,115,False,"Action, Simulation, Flight, World War II, VR"
1493470,Prison Architect - Going Green,too-obscure,114 Steam reviews,2021-01-28,0,114,False,"Strategy, Indie, Simulation, Violent, Nudity"
2668040,"Warhammer 40,000: Gladius - Drukhari",too-obscure,114 Steam reviews,2023-11-30,0,114,False,Strategy
2815270,The Sims 4 Lovestruck Expansion Pack,too-obscure,114 Steam reviews,2024-07-25,0,114,False,"Simulation, Casual, Adventure"
2334533,Persona 3 Reload - Persona 5 Royal Persona Set 2,too-obscure,113 Steam reviews,2024-02-02,0,113,False,"RPG, Adventure, Strategy, JRPG, Party-Based RPG"
2353723,SnowRunner - Kenworth Dual Pack,too-obscure,113 Steam reviews,2024-12-03,0,113,False,"Simulation, Adventure"
47898,The Sims 3 Generations,too-obscure,112 Steam reviews,2011-05-31,0,112,False,Simulation
256321,LEGO Marvel Super Heroes DLC: Asgard Pack,too-obscure,112 Steam reviews,2014-01-14,0,112,False,"Action, Adventure"
1015050,Rabi-Ribi - Cocoa Mode & Before Next Adventure,too-obscure,112 Steam reviews,2019-02-01,0,112,False,"Indie, Action, Adventure, Casual, Anime"
1650120,"Football, Tactics & Glory: Manager's Journey",too-obscure,112 Steam reviews,2021-11-10,0,112,False,"Strategy, Simulation, Indie, Sports, Management"
1785850,SnowRunner - Land Rover Dual Pack,too-obscure,111 Steam reviews,2022-05-31,0,111,False,"Simulation, Adventure"
2191950,Touhou Mystia's Izakaya DLC3 Pack - Myouren Temple & Divine Spirit Mausoleum,too-obscure,111 Steam reviews,2022-11-18,0,111,True,"RPG, Indie, Casual, Simulation"
604830,All Alone: VR,too-obscure,110 Steam reviews,2017-03-08,0,110,True,"Adventure, Indie, VR, Singleplayer"
1724940,Sniper Elite 5 : Landing Force Mission and Weapon Pack,too-obscure,110 Steam reviews,2022-07-26,0,110,False,"Action, Adventure, Gore, Violent"
2585200,Hunt: Showdown - Law of Salvage,too-obscure,110 Steam reviews,2023-11-15,0,110,False,"Action, Gore, Violent"
3315550,Crusader Kings III Content Creator Pack: Arctic Attire,too-obscure,110 Steam reviews,2025-02-25,0,110,False,"Strategy, Medieval, Simulation, Grand Strategy, RPG"
1493170,Assetto Corsa Competizione - British GT Pack,too-obscure,109 Steam reviews,2021-02-10,0,109,False,"Racing, Simulation, Sports"
1301020,The Sims 4 Eco Lifestyle,too-obscure,108 Steam reviews,2020-06-18,0,108,False,"Simulation, Casual, Life Sim, Adventure, Character Customization"
1788210,"Warhammer 40,000: Gladius - Adeptus Mechanicus",too-obscure,108 Steam reviews,2021-11-22,0,108,False,"Strategy, Wargame, 3D, 4X, War"
2154174,SnowRunner - Season 12: Public Energy,too-obscure,108 Steam reviews,2024-01-31,0,108,False,"Adventure, Simulation"
2638630,American Truck Simulator - Farm Machinery,too-obscure,108 Steam reviews,2023-11-30,0,108,False,"Simulation, Indie"
2815290,The Sims 4 Life & Death Expansion Pack,too-obscure,108 Steam reviews,2024-10-31,0,108,False,"Simulation, Casual, Adventure, Life Sim, Character Customization"
403850,Sky To Fly: Faster Than Wind,too-obscure,107 Steam reviews,2016-03-25,0,107,True,"Action, Flight, Racing, Adventure, Runner"
452530,Sunless Sea - Zubmariner,too-obscure,106 Steam reviews,2016-10-11,0,106,False,"Indie, Adventure, RPG, Lovecraftian, Exploration"
1107760,Jurassic World Evolution: Herbivore Dinosaur Pack,too-obscure,106 Steam reviews,2019-09-17,0,106,False,"Simulation, Strategy, Dinosaurs"
1336322,Jurassic World Evolution 2: Early Cretaceous Pack,too-obscure,106 Steam reviews,2021-12-09,0,106,False,"Simulation, Strategy, Action, Dinosaurs, Sequel"
2400830,Placid Plastic Duck - Hippospace Download,too-obscure,106 Steam reviews,2023-06-06,0,106,False,"Casual, Simulation, Relaxing, Collectathon, Cute"
434220,Bear Haven Nights,too-obscure,105 Steam reviews,2016-01-29,0,105,True,"Strategy, Indie, Action, Adventure, Horror"
591000,Deep Sixed,too-obscure,105 Steam reviews,2018-02-12,0,105,True,"Indie, Action, Strategy, Simulation, Adventure"
2074240,PAYDAY 2: Lost in Transit Heist,too-obscure,105 Steam reviews,2022-10-25,0,105,False,"Action, RPG, Gore, Violent"
2214820,Atomic Heart - Midas Glove Skin,too-obscure,105 Steam reviews,2023-02-20,0,105,False,"RPG, Action, Adventure, Gore, Nudity"
2628300,Ship Graveyard Simulator 2 - Warships DLC,too-obscure,105 Steam reviews,2023-12-09,0,105,True,"Indie, Simulation, Action, Casual, Adventure"
2815310,The Sims 4 Businesses & Hobbies Expansion Pack,too-obscure,105 Steam reviews,2025-03-06,0,105,False,"Simulation, Casual, Adventure"
2897800,Jurassic World Evolution 2: Park Managers' Collection Pack,too-obscure,105 Steam reviews,2024-05-16,0,105,False,"Simulation, Dinosaurs, Strategy, Building, Management"
99610,Civilization V - Civ and Scenario Pack: Polynesia,too-obscure,104 Steam reviews,2011-03-03,0,104,False,Strategy
947000,Pinball FX3 - Williams Pinball: Volume 1,too-obscure,104 Steam reviews,2018-10-09,0,104,False,"Simulation, Pinball"
1116310,American Truck Simulator - Space Paint Jobs Pack,too-obscure,104 Steam reviews,2019-07-15,0,104,False,"Simulation, Indie"
1438210,KovaaK 2.0 - Tracking Trainer,too-obscure,104 Steam reviews,2020-12-08,0,104,False,"Simulation, Indie, Action"
1726150,Planet Zoo: Europe Pack,too-obscure,104 Steam reviews,2021-12-14,0,104,False,"Simulation, Casual, Strategy, Sandbox, Building"
361830,in Space,too-obscure,103 Steam reviews,2015-04-27,0,103,True,"Action, Indie, Pixel Graphics, Shoot 'Em Up"
2074431,Gotham Knights: Visionary Pack,too-obscure,103 Steam reviews,2022-10-21,0,103,False,"RPG, Adventure, Action"
2902230,SOS OPS! - GUNS N' OPS,too-obscure,103 Steam reviews,2024-04-11,0,103,False,"Action, Indie, Casual, Adventure"
924900,One Gun: Cat,too-obscure,102 Steam reviews,2018-10-19,0,102,True,"Action, 2D, Singleplayer, RPG, Loot"
1622940,Dead by Daylight - Killer Expansion Pack,too-obscure,102 Steam reviews,2021-06-15,0,102,False,"Action, Gore, Horror"
1425820,"Warhammer 40,000: Gladius - Craftworld Aeldari",too-obscure,101 Steam reviews,2020-11-12,0,101,False,Strategy
2456990,Golf With Your Friends - Peaceful Pines Course,too-obscure,101 Steam reviews,2023-09-12,0,101,False,"Indie, Casual, Sports"
1055290,Ultimate Fishing Simulator - Greenland DLC,too-obscure,100 Steam reviews,2019-06-07,0,100,False,"Simulation, Casual, Sports, Singleplayer, First-Person"
1654481,PAYDAY 2: Guardians Tailor Pack,too-obscure,100 Steam reviews,2021-06-16,0,100,False,"RPG, Action, Gore, Violent"
2978650,WARNO - Nemesis #2,too-obscure,100 Steam reviews,2024-10-30,0,100,False,"Strategy, Indie, Action, Simulation"
1235751,The Sims 4 Vintage Glamour Stuff,too-obscure,99 Steam reviews,2020-06-18,0,99,False,"Simulation, Casual, Building, Adventure, Dating Sim"
1368571,The Sims 4 Paranormal Stuff Pack,too-obscure,99 Steam reviews,2021-01-26,0,99,False,"Casual, Simulation, Magic, Dark Fantasy, Supernatural"
2013290,Planet Zoo: Conservation Pack,too-obscure,99 Steam reviews,2022-06-21,0,99,True,"Casual, Simulation, Strategy"
2502240,Planet Zoo: Oceania Pack,too-obscure,99 Steam reviews,2023-09-19,0,99,True,"Strategy, Simulation, Casual"
995860,"Warhammer 40,000: Gladius - Tyranids",too-obscure,98 Steam reviews,2019-01-15,0,98,False,Strategy
2112231,Car Mechanic Simulator 2021 - Drag Racing DLC,too-obscure,98 Steam reviews,2022-11-09,0,98,False,"Simulation, Racing, Multiplayer"
2610980,Jurassic World Evolution 2: Cretaceous Predator Pack,too-obscure,98 Steam reviews,2023-11-30,0,98,False,"Simulation, Strategy, Dinosaurs"
1066850,Anno 1800 - Season 1 Pass,too-obscure,97 Steam reviews,2019-04-16,0,97,False,"Simulation, Strategy"
2154010,Prison Architect - Undead,too-obscure,97 Steam reviews,2022-10-11,0,97,False,"Strategy, Simulation, Indie, Violent, Zombies"
99611,Civilization V - Civ and Scenario Pack: Denmark (The Vikings),too-obscure,96 Steam reviews,2011-05-03,0,96,False,Strategy
258270,Total War: ROME II - Nomadic Tribes Culture Pack,too-obscure,96 Steam reviews,2013-10-22,0,96,False,"Strategy, Historical, Rome, Turn-Based Strategy"
556230,Off-Road Paradise: Trial 4x4,too-obscure,96 Steam reviews,2017-02-06,0,96,True,"Racing, Action, Adventure, Casual, Indie"
675210,CastleMiner Warfare,too-obscure,96 Steam reviews,2017-08-17,0,96,True,"Action, Indie, Violent"
1357160,Avorion - Black Market,too-obscure,95 Steam reviews,2020-11-02,0,95,False,"Action, Simulation, Indie, Space, Sandbox"
449393,LEGO MARVEL's Avengers DLC - Marvel’s Ant-Man Pack,too-obscure,93 Steam reviews,2016-07-05,0,93,False,"Action, Adventure"
3041140,Golf With Your Friends - Olympus Odyssey Course,too-obscure,93 Steam reviews,2024-09-05,0,93,False,"Indie, Casual, Sports"
1726381,Cities: Skylines - Content Creator Pack: Vehicles of the World,too-obscure,92 Steam reviews,2022-01-25,0,92,False,"Strategy, Simulation"
1523730,ENDLESS Space 2 - Dark Matter,too-obscure,91 Steam reviews,2021-05-06,0,91,False,Strategy
2218650,PAYDAY 2: McShay Mod Pack,too-obscure,91 Steam reviews,2022-12-15,0,91,False,"RPG, Action, Violent"
2782920,Gas Station Simulator - Car Junkyard DLC,too-obscure,91 Steam reviews,2024-09-19,0,91,False,"Simulation, Indie, Economy, Building, Singleplayer"
2978640,WARNO - Nemesis #1 - Air Assault,too-obscure,91 Steam reviews,2024-07-01,0,91,False,"Indie, Action, Strategy, Simulation"
2144481,Cities: Skylines - Content Creator Pack: Skyscrapers,too-obscure,90 Steam reviews,2022-11-15,0,90,False,"Strategy, Simulation, City Builder"
1962870,Wingspan: Oceania Expansion,too-obscure,89 Steam reviews,2023-12-12,0,89,False,"Strategy, Indie, Board Game"
16867,Civilization V - Civ and Scenario Double Pack: Spain and Inca,too-obscure,88 Steam reviews,2010-12-16,0,88,False,Strategy
1553061,A Total War Saga: TROY - Mythos,too-obscure,88 Steam reviews,2021-09-02,0,88,False,"Action, Strategy, Simulation, Violent"
2964020,"Dungeons 4 - The Good, the Bad and the Evil",too-obscure,88 Steam reviews,2024-08-08,0,88,False,"Strategy, Simulation, City Builder, RTS, Strategy RPG"
510850,Mars 2030,too-obscure,87 Steam reviews,2017-07-31,0,87,True,"Simulation, Mars, Space, Exploration, VR"
1958640,Space Engineers - Automatons,too-obscure,87 Steam reviews,2023-04-13,0,87,False,"Indie, Action, Strategy, Simulation"
282514,Alien: Isolation - Safe Haven,too-obscure,86 Steam reviews,2015-01-13,0,86,False,Action
299230,Age of Wonders III - Golden Realms Expansion,too-obscure,86 Steam reviews,2014-09-18,0,86,False,"Strategy, RPG, Fantasy, Turn-Based Strategy, 4X"
1084820,"Warhammer 40,000: Gladius - Chaos Space Marines",too-obscure,86 Steam reviews,2019-07-18,0,86,False,Strategy
1506450,DIY MY LADY IN VR WORLD,too-obscure,86 Steam reviews,2021-02-10,0,86,False,"Sexual Content, VR, Casual, Nudity, JRPG"
2130960,"Warhammer 40,000: Gladius - Adepta Sororitas",too-obscure,86 Steam reviews,2022-12-13,0,86,False,Strategy
3244820,theHunter: Call of the Wild - Hunters' Choice: Bolt-Action Rifle Pack,too-obscure,86 Steam reviews,2024-12-03,0,86,False,"Sports, Adventure, Simulation"
1307600,Steel Division 2 - Tribute to D-Day Pack,too-obscure,85 Steam reviews,2020-06-06,0,85,False,"Indie, Action, Strategy, Simulation, World War II"
1948120,Prison Architect - Gangs,too-obscure,85 Steam reviews,2022-06-14,0,85,False,"Simulation, Strategy, Indie, Violent"
454580,Spider Wars,too-obscure,84 Steam reviews,2016-11-18,0,84,True,"Action, Simulation, Adventure, Indie, Casual"
1155320,Fell Seal: Arbiter's Mark - Missions and Monsters,too-obscure,84 Steam reviews,2020-06-23,0,84,False,"Strategy, RPG, Indie, Turn-Based Combat, Character Customization"
2334534,Persona 3 Reload - Persona 4 Golden Persona Set,too-obscure,84 Steam reviews,2024-02-02,0,84,False,"RPG, Adventure, Strategy, JRPG, Party-Based RPG"
2401890,Sailing Era: Edge of the World,too-obscure,84 Steam reviews,2023-09-12,0,84,True,"RPG, Strategy, Adventure, Simulation"
2579800,Placid Plastic Duck Simulator - So Many Ducks,too-obscure,84 Steam reviews,2023-10-05,0,84,False,"Casual, Simulation"
1865970,Assetto Corsa Competizione - American Track Pack,too-obscure,83 Steam reviews,2022-06-30,0,83,False,"Racing, Sports, Simulation"
2342310,Cities: Skylines - Hotels & Retreats,too-obscure,83 Steam reviews,2023-05-23,0,83,False,"Simulation, Strategy"
503530,The Fallen Kingdom,too-obscure,82 Steam reviews,,0,82,True,"Adventure, Action, RPG, Indie, Medieval"
566890,American Truck Simulator - Christmas Paint Jobs Pack,too-obscure,82 Steam reviews,2016-12-16,0,82,False,"Simulation, Indie"
655460,Hooligan Vasja: Halloween,too-obscure,82 Steam reviews,2017-07-08,0,82,True,"Action, Indie, Casual"
813420,ENDLESS Space 2 - Lost Symphony,too-obscure,82 Steam reviews,2018-03-12,0,82,False,"Strategy, Music"
1882510,Mr. Prepper - Animal Farm DLC,too-obscure,82 Steam reviews,2023-03-10,0,82,False,"Adventure, Simulation, RPG, Indie, Action"
2394720,The Texas Chain Saw Massacre - Nicotero Leatherface,too-obscure,82 Steam reviews,2023-10-24,0,82,False,"Horror, Multiplayer, Action, Team-Based, Survival Horror"
1891950,The Quarry - Full Game,too-obscure,81 Steam reviews,2022-06-10,0,81,False,"Adventure, Gore, Violent, Choices Matter, Horror"
2024830,FOR HONOR - Medjay Hero,too-obscure,81 Steam reviews,2022-07-28,0,81,False,"Action, Gore, Violent"
641980,Block Survival: Legend of the Lost Islands,too-obscure,80 Steam reviews,2017-07-14,0,80,True,"Action, Indie, Adventure, Voxel, FPS"
2106800,Jurassic World Evolution 2: Late Cretaceous Pack,too-obscure,80 Steam reviews,2022-09-15,0,80,False,"Strategy, Simulation, Dinosaurs"
2346830,Planet Zoo: Tropical Pack,too-obscure,80 Steam reviews,2023-04-04,0,80,True,"Simulation, Casual, Strategy"
2518240,Thief Simulator - Shopping Center DLC,too-obscure,80 Steam reviews,2024-12-10,0,80,False,"Indie, Simulation, Action, Adventure, Crime"
2926440,American Truck Simulator - JCB Equipment Pack,too-obscure,80 Steam reviews,2024-05-23,0,80,False,"Simulation, Indie"
16866,Civilization V - Explorer’s Map Pack,too-obscure,79 Steam reviews,2011-05-03,0,79,False,Strategy
588600,American Truck Simulator - Valentine's Paint Jobs Pack,too-obscure,79 Steam reviews,2017-02-10,0,79,False,"Simulation, Indie"
836260,Call of Bitcoin,too-obscure,79 Steam reviews,2018-04-23,0,79,True,"Casual, Indie, Action, Adventure, Platformer"
987770,Singularity 5,too-obscure,79 Steam reviews,2018-12-21,0,79,True,"Indie, Action, VR"
1137802,Age of Wonders: Planetfall - Star Kings,too-obscure,79 Steam reviews,2020-11-10,0,79,False,"Strategy, Sci-fi, 4X, PvP, Turn-Based Strategy"
2665290,The Texas Chain Saw Massacre - Nancy,too-obscure,79 Steam reviews,2023-11-28,0,79,False,"Horror, Action, Multiplayer, Team-Based, Survival Horror"
686360,Dungeons & Treasure VR,too-obscure,78 Steam reviews,2017-11-30,0,78,True,"Action Roguelike, Indie, Action, VR, Adventure"
2697800,Automobilista 2 - Endurance Pack Pt1,too-obscure,78 Steam reviews,2024-01-05,0,78,False,"Indie, Action, Racing, Sports, Simulation"
971460,FPS Training,too-obscure,77 Steam reviews,2018-12-14,0,77,True,"Indie, Action, FPS, Shooter, First-Person"
2199210,Planet Zoo: Grasslands Animal Pack,too-obscure,77 Steam reviews,2022-12-13,0,77,True,"Strategy, Simulation, Casual"
2261570,ST World,too-obscure,77 Steam reviews,2023-09-22,0,77,False,"Free to Play, Voxel, Open World, Level Editor, Building"
2909000,Ship Graveyard Simulator 2 - Submarines DLC,too-obscure,77 Steam reviews,2024-06-19,0,77,False,"Simulation, Indie, Action, Casual, Adventure"
2914120,Space Engineers - Signal Pack,too-obscure,77 Steam reviews,2024-05-13,0,77,False,"Action, Indie, Strategy, Simulation"
3271130,Star Wars Outlaws: Wild Card DLC,too-obscure,77 Steam reviews,2024-11-21,0,77,False,"Action, Adventure, Action-Adventure, Singleplayer, Third Person"
667360,Hooligan Vasja: Christmas,too-obscure,76 Steam reviews,2017-07-19,0,76,True,"Action, Indie, Casual"
1235742,The Sims 4 StrangerVille,too-obscure,76 Steam reviews,2020-06-18,0,76,False,"Simulation, Dark Fantasy, Fantasy, Life Sim, Adventure"
2923820,Icarus: Pet Companions Pack,too-obscure,76 Steam reviews,2024-04-25,0,76,False,"Simulation, Action, Adventure"
618360,Aesthetic Melody,too-obscure,75 Steam reviews,2017-04-18,0,75,True,"Collectathon, Difficult, Platformer, 2D, Funny"
1449310,Tropico 6 - Caribbean Skies,too-obscure,75 Steam reviews,2020-12-16,0,75,False,"Strategy, Simulation"
2144480,Cities: Skylines - Content Creator Pack: Heart of Korea,too-obscure,75 Steam reviews,2022-11-15,0,75,False,"Strategy, Simulation"
635900,Tunnels of Despair,too-obscure,74 Steam reviews,2018-03-16,0,74,True,"Adventure, Action, Indie, Horror, Survival Horror"
2792140,"Warhammer 40,000: Space Marine 2 - Ultramarines Champion Pack",too-obscure,74 Steam reviews,2024-10-03,0,74,False,"Action, RPG, Adventure, Free to Play, Gore"
647560,Tyranny - Tales from the Tiers,too-obscure,73 Steam reviews,2017-06-13,0,73,False,"RPG, Strategy, Adventure, Action"
1235753,The Sims 4 My First Pet Stuff,too-obscure,73 Steam reviews,2020-06-18,0,73,False,"Simulation, Singleplayer, Character Customization, Classic, Action"
2427000,3D PrintMaster Simulator Printer,too-obscure,73 Steam reviews,2023-12-05,0,73,False,"Casual, Simulation, Strategy, Animation & Modeling, Education"
2646730,Pacific Drive: We Have Liftoff Customization Pack,too-obscure,73 Steam reviews,2024-02-22,0,73,False,"Action, Story Rich, Adventure, Simulation, Sci-fi"
1726382,Cities: Skylines - Content Creator Pack: Map Pack,too-obscure,72 Steam reviews,2022-01-25,0,72,False,"Simulation, Strategy"
1849550,Pinball FX3 - Indiana Jones: The Pinball Adventure,too-obscure,72 Steam reviews,2022-03-10,0,72,False,"Simulation, Pinball"
2393021,Panzer Corps 2: Axis Operations - 1946,too-obscure,72 Steam reviews,2023-11-30,0,72,False,Strategy
678820,Gun-Running War Dogs,too-obscure,71 Steam reviews,2017-08-21,0,71,True,"Indie, Simulation, Retro, Pixel Graphics, Trading"
749410,Season's Beatings,too-obscure,71 Steam reviews,2018-01-23,0,71,True,"Gore, Action, Indie, Violent, FPS"
1137801,Age of Wonders: Planetfall - Invasions,too-obscure,71 Steam reviews,2020-05-26,0,71,False,Strategy
2583910,"Warhammer 40,000: Battlesector - T'au",too-obscure,71 Steam reviews,2024-02-15,0,71,False,"Strategy, Turn-Based Tactics, Turn-Based Strategy, 3D, Violent"
2808740,My Time at Sandrock - Monster Whisperer,too-obscure,71 Steam reviews,2024-05-21,0,71,False,"RPG, Indie, Casual, Adventure, Simulation"
537740,Dino Dini's Kick Off™ Revival - Steam Edition,too-obscure,70 Steam reviews,2017-09-12,0,70,True,"Sports, Simulation, Multiplayer, Local Multiplayer, Difficult"
615380,Expansion - Cossacks 3: Guardians of the Highlands,too-obscure,70 Steam reviews,2017-04-12,0,70,False,"Strategy, RTS, Historical, Multiplayer, Remake"
742900,Sleeping Dawn,too-obscure,70 Steam reviews,2017-11-17,0,70,True,"Horror, Action, Adventure, Indie, Multiplayer"
2948500,DCS: OH-58D Kiowa Warrior by Polychop Simulations,too-obscure,70 Steam reviews,2024-06-05,0,70,False,"Simulation, Free to Play"
2969170,My Time at Sandrock - Love Chronicles,too-obscure,70 Steam reviews,2024-10-31,0,70,False,"Indie, Casual, Adventure, RPG, Simulation"
2970810,Train Sim World 5: Frankfurt - Fulda: Kinzigtalbahn Route Add-On,too-obscure,70 Steam reviews,2024-09-17,0,70,False,"Simulation, Adventure, Automobile Sim, Immersive Sim, First-Person"
1368570,The Sims 4 Nifty Knitting Stuff Pack,too-obscure,69 Steam reviews,2020-07-28,0,69,False,"Casual, Simulation, Character Customization, Life Sim, Adventure"
2100430,Solasta: Crown of the Magister - Inner Strength,too-obscure,69 Steam reviews,2022-11-14,0,69,False,"RPG, Adventure, Indie, Strategy, Turn-Based Combat"
282512,Alien: Isolation - Corporate Lockdown,too-obscure,68 Steam reviews,2014-10-28,0,68,False,"Action, Horror, Survival Horror"
589280,Stunt Kite Masters VR,too-obscure,68 Steam reviews,2017-06-01,0,68,True,"Action, Sports, Simulation, VR"
970640,Ultimate Fishing Simulator - Moraine Lake DLC,too-obscure,68 Steam reviews,2018-11-30,0,68,False,"Simulation, Indie, Casual, Sports, First-Person"
2817460,MORDHAU - Adventurer Pack,too-obscure,68 Steam reviews,2024-04-29,0,68,False,"Indie, Action"
362310,Dungeon League,too-obscure,67 Steam reviews,2018-10-31,0,67,True,"Indie, Action, RPG, 4 Player Local, Local Multiplayer"
446250,Silver Bullet: Prometheus,too-obscure,67 Steam reviews,2016-04-08,0,67,True,"Action, Adventure, Indie, Female Protagonist, Top-Down Shooter"
575770,Dangerous Bullets,too-obscure,67 Steam reviews,2017-05-21,0,67,True,"Action, Adventure, Indie, RPG, Platformer"
606950,Army General,too-obscure,67 Steam reviews,2017-04-26,0,67,True,"Strategy, World War II, Turn-Based Strategy, Turn-Based, Hex Grid"
871650,Cultist Simulator: The Dancer,too-obscure,67 Steam reviews,2018-10-16,0,67,False,"RPG, Indie, Simulation"
2267210,Animal Shelter - Horse Shelter DLC,too-obscure,67 Steam reviews,2023-01-27,0,67,False,"Adventure, Simulation, Casual, Indie, Horses"
2526530,Dead by Daylight - Maddening Darkness Pack,too-obscure,67 Steam reviews,2024-01-08,0,67,False,"Action, Gore, Violent"
2665270,The Texas Chain Saw Massacre - Danny,too-obscure,67 Steam reviews,2023-11-28,0,67,False,"Horror, Action, Multiplayer, Survival Horror, Team-Based"
666290,Virus Z,too-obscure,66 Steam reviews,2017-07-23,0,66,True,"Action, Adventure, Indie, Zombies"
977690,Skyworld: Kingdom Brawl,too-obscure,66 Steam reviews,2019-04-02,0,66,True,"Strategy, Indie, VR, Card Game"
3407080,Khatun - Hero - FOR HONOR,too-obscure,66 Steam reviews,2025-01-23,0,66,False,"Gore, Action, Violent"
282515,Alien: Isolation - Lost Contact,too-obscure,65 Steam reviews,2015-02-10,0,65,False,Action
530860,The Wanderer,too-obscure,65 Steam reviews,2019-01-25,0,65,True,"Adventure, Strategy, Post-apocalyptic, Hand-drawn, Open World"
984180,Pinball FX3 - Williams Pinball: Volume 2,too-obscure,65 Steam reviews,2018-12-04,0,65,False,Simulation
1137800,Age of Wonders: Planetfall - Revelations,too-obscure,65 Steam reviews,2019-11-19,0,65,False,Strategy
2601200,Car Mechanic Simulator 2021 - BMW DLC,too-obscure,65 Steam reviews,2023-11-21,0,65,False,"Racing, Simulation"
3316670,Teenage Mutant Ninja Turtles: Splintered Fate - Casey Jones & the Junkyard Jam,too-obscure,65 Steam reviews,2025-02-05,0,65,False,"Adventure, Action, Co-op, Action Roguelike, Multiplayer"
235585,Civilization V - Scrambled Nations Map Pack,too-obscure,64 Steam reviews,2013-11-05,0,64,False,Strategy
282516,Alien: Isolation – The Trigger,too-obscure,64 Steam reviews,2015-03-02,0,64,False,"Action, Horror"
1368210,Project Hospital - Department of Infectious Diseases,too-obscure,64 Steam reviews,2020-08-18,0,64,False,"Simulation, Indie, Strategy, Management, Sandbox"
1450220,Pinball FX3 - Williams Pinball: Volume 6,too-obscure,64 Steam reviews,2020-10-20,0,64,False,"Simulation, Pinball"
2504720,Space Engineers - Decorative Pack #3,too-obscure,64 Steam reviews,2023-08-31,0,64,False,"Action, Strategy, Simulation, Indie"
436940,Quar: Battle for Gate 18,too-obscure,63 Steam reviews,2016-04-04,0,63,True,"Strategy, Action, VR, Indie"
684851,DCS: World War II Assets Pack,too-obscure,63 Steam reviews,2017-11-23,0,63,False,"Simulation, World War II"
713580,Nash Racing 2: Muscle cars,too-obscure,63 Steam reviews,2017-10-16,0,63,True,"Racing, Indie, Casual"
978951,Imperator: Rome - Epirus Content Pack,too-obscure,63 Steam reviews,2020-08-11,0,63,False,"Strategy, Simulation"
1066810,Forge and Fight!,too-obscure,63 Steam reviews,2020-12-01,0,63,True,"Casual, Indie, Action, Funny, Multiplayer"
2186250,Tropico 6 - New Frontiers,too-obscure,63 Steam reviews,2022-12-01,0,63,False,"Strategy, Simulation"
2675740,Planet Zoo: Eurasia Animal Pack,too-obscure,63 Steam reviews,2023-12-13,0,63,True,"Simulation, Management, Building, Sandbox, Nature"
2894080,The Texas Chain Saw Massacre - Virginia,too-obscure,63 Steam reviews,2024-03-28,0,63,False,"Horror, Action, Multiplayer, Survival Horror, Team-Based"
3026790,The Texas Chain Saw Massacre - Hands,too-obscure,63 Steam reviews,2024-06-11,0,63,False,"Horror, Multiplayer, Action, Survival Horror, Team-Based"
850260,Clue/Cluedo: Season Pass,too-obscure,62 Steam reviews,2018-05-17,0,62,False,"Casual, Strategy, Detective, Board Game"
1621474,The Sims 4 Blooming Rooms Kit,too-obscure,62 Steam reviews,2021-11-09,0,62,False,"Casual, Simulation, Cartoon, Fantasy, Building"
1760030,Prison Architect - Perfect Storm,too-obscure,62 Steam reviews,2022-01-27,0,62,False,"Strategy, Simulation, Indie, Violent, Nudity"
561620,American Truck Simulator - Dragon Truck Design Pack,too-obscure,61 Steam reviews,2017-02-02,0,61,False,"Indie, Simulation"
565040,Deluxe Content - Cossacks 3: Days of Brilliance,too-obscure,61 Steam reviews,2016-12-13,0,61,False,"Strategy, RTS, Multiplayer, Real-Time, Historical"
1044440,Pinball FX3 - Williams Pinball: Volume 3,too-obscure,61 Steam reviews,2019-03-19,0,61,False,Simulation
1400760,My Universe - My Baby,too-obscure,61 Steam reviews,2020-11-26,0,61,True,"Casual, Life Sim, Colorful, Cute, Family Friendly"
282513,Alien: Isolation - Trauma,too-obscure,60 Steam reviews,2014-12-02,0,60,False,"Action, Horror"
506760,Twisty's Asylum Escapades,too-obscure,60 Steam reviews,2016-09-28,0,60,True,"Action, Adventure, Gore, Indie, Violent"
713180,Eredia: The Diary of Heroes,too-obscure,60 Steam reviews,2018-04-13,0,60,True,"Indie, Adventure, RPG, Casual, RPGMaker"
1029170,Skautfold: Moonless Knight,too-obscure,60 Steam reviews,2020-03-04,0,60,True,"Indie, Action, RPG, Adventure, Violent"
1256780,Ultimate Fishing Simulator - Florida,too-obscure,60 Steam reviews,2023-12-21,0,60,False,"Adventure, Indie, Casual, Sports, Simulation"
2675870,American Truck Simulator - Michelin Fan Pack,too-obscure,60 Steam reviews,2023-12-07,0,60,False,"Indie, Simulation"
2853960,Granblue Fantasy: Relink - Character Expansion Set: Tweyen,too-obscure,60 Steam reviews,2024-04-26,0,60,False,"RPG, Action, Adventure"
2974330,God of War Ragnarök - Digital Deluxe Edition Upgrade,too-obscure,60 Steam reviews,2024-09-19,0,60,False,"Action, Adventure, RPG, Action RPG, Action-Adventure"
396320,Tank Battle: 1944,too-obscure,59 Steam reviews,2016-03-01,0,59,True,"Strategy, Hex Grid, Turn-Based Strategy, World War II, Tanks"
536690,AENTITY,too-obscure,59 Steam reviews,2018-04-14,0,59,True,"Surreal, Psychedelic, Atmospheric, Experimental, Philosophical"
554660,Puzzle Poker,too-obscure,59 Steam reviews,2017-12-18,0,59,True,"Casual, Strategy, Indie"
708450,Pembrey,too-obscure,59 Steam reviews,2018-02-19,0,59,True,"Adventure, Violent, Gore, Action, Indie"
715110,Pinball FX3 - Universal Classics Pinball,too-obscure,59 Steam reviews,2017-09-26,0,59,False,"Simulation, Indie, Arcade, Singleplayer"
1571580,Steel Division 2 - Blood Feud in Transylvania,too-obscure,59 Steam reviews,2023-01-19,0,59,False,"Indie, Action, Strategy, Simulation"
1907080,PAYDAY 2: Golden Dagger Tailor Pack,too-obscure,59 Steam reviews,2022-03-09,0,59,False,"RPG, Action, Gore, Violent"
2187930,American Truck Simulator - Wild West Paint Jobs Pack,too-obscure,59 Steam reviews,2022-11-15,0,59,False,"Indie, Simulation"
2304400,The Sims 4 Home Chef Hustle Stuff Pack,too-obscure,59 Steam reviews,2023-09-28,0,59,False,"Adventure, Casual, Simulation, Free to Play"
2922540,Fishing Planet: Japan Odyssey Pack,too-obscure,59 Steam reviews,2024-06-05,0,59,False,"Fishing, Free to Play, Simulation, Multiplayer, Sports"
406920,Monsterland,too-obscure,57 Steam reviews,2015-12-14,0,57,True,"Shoot 'Em Up, Top-Down Shooter, Difficult, Real-Time, Shooter"
463670,Runeyana,too-obscure,57 Steam reviews,2017-03-21,0,57,True,"Action, Adventure, RPG, Casual, Female Protagonist"
696060,Live,too-obscure,57 Steam reviews,2017-10-12,0,57,True,"Indie, Action"
732070,Lost in the tomb,too-obscure,57 Steam reviews,2017-11-10,0,57,True,"Strategy, Casual, Adventure, Indie, Puzzle"
1708020,WWZ: Aftermath - Zeke Hunter Weapons Pack,too-obscure,57 Steam reviews,2021-09-21,0,57,False,"Action, Gore, Violent"
2436600,Planet Zoo: Arid Animal Pack,too-obscure,57 Steam reviews,2023-06-20,0,57,True,"Casual, Strategy, Simulation"
538920,Fiery Disaster,too-obscure,56 Steam reviews,2016-11-07,0,56,True,"Action, Casual, Strategy, Indie, Tower Defense"
586910,Deluxe Content - Cossacks 3: Rise to Glory,too-obscure,56 Steam reviews,2017-02-15,0,56,False,"Strategy, RTS, Multiplayer, Base Building, Real-Time"
732060,The Monk and the Warrior. The Heart of the King.,too-obscure,56 Steam reviews,2018-03-02,0,56,True,"Adventure, Action, RPG"
779570,Roulette Simulator,too-obscure,56 Steam reviews,2018-01-19,0,56,True,"Casual, Simulation, Indie, Strategy"
805090,Blackjack In Space,too-obscure,56 Steam reviews,2018-02-27,0,56,True,"Indie, Casual, Simulation, Strategy"
871900,Cultist Simulator: The Ghoul,too-obscure,56 Steam reviews,2019-05-30,0,56,False,"Indie, Simulation, RPG"
1106170,Ultimate Fishing Simulator - Amazon River DLC,too-obscure,56 Steam reviews,2019-10-25,0,56,False,"Simulation, Casual, Sports, Fishing"
1423900,Project Hospital - Traumatology Department,too-obscure,56 Steam reviews,2020-10-20,0,56,False,"Indie, Strategy, Simulation, Sandbox, Management"
1586100,Root: The Riverfolk Expansion,too-obscure,56 Steam reviews,2021-04-28,0,56,False,"Indie, Strategy, Simulation, Tabletop, Board Game"
2873780,Steel Division 2 - Tribute to Normandy '44,too-obscure,56 Steam reviews,2024-04-09,0,56,False,"Strategy, Simulation, Indie, RTS, World War II"
3352080,DCS: F-5E Remastered,too-obscure,56 Steam reviews,2024-12-04,0,56,False,"Simulation, Free to Play"
404860,Inside Me,too-obscure,55 Steam reviews,2015-09-29,0,55,True,"Action, Indie, Top-Down Shooter"
660290,Dungeons & Geese,too-obscure,55 Steam reviews,2017-08-04,0,55,True,"Adventure, Indie, Story Rich, Platformer, 2D"
773010,Hunahpu Quest. Mechanoid,too-obscure,55 Steam reviews,2018-01-14,0,55,True,"Indie, Adventure, Platformer, Puzzle-Platformer, Aliens"
1339440,Megaquarium: Architect's Collection,too-obscure,55 Steam reviews,2021-11-11,0,55,False,"Indie, Casual, Strategy, Simulation, Underwater"
1518790,Neon Abyss - Alter Ego,too-obscure,55 Steam reviews,2021-04-01,0,55,False,"Indie, Action, Adventure, RPG"
2514660,JR EAST Train Simulator: Yamanote Line (Osaki to Osaki) E235-0 series,too-obscure,55 Steam reviews,2023-07-25,0,55,False,"Simulation, Trains, Driving, Realistic, Transportation"
3170420,MechWarrior 5: Clans - Digital Collectors Content,too-obscure,55 Steam reviews,2024-10-16,0,55,False,"Simulation, Action"
477750,Thirty Years' War,too-obscure,54 Steam reviews,2016-06-09,0,54,True,"Strategy, Simulation, Historical, Wargame, Grand Strategy"
636400,CUBOTS The Origins,too-obscure,54 Steam reviews,2017-08-04,0,54,True,"Indie, Puzzle, Atmospheric, Exploration, Adventure"
1203510,Pinball FX3 - Williams Pinball: Volume 5,too-obscure,54 Steam reviews,2019-12-10,0,54,False,"Simulation, Pinball"
2614660,World War Z: Aftermath - Pre-Apocalypse Character Skins Pack,too-obscure,54 Steam reviews,2023-12-05,0,54,False,"Action, Gore, Violent"
527510,The Legions of Rome,too-obscure,53 Steam reviews,2016-09-13,0,53,True,"Casual, Indie, Strategy, Simulation"
714300,Dead By Murder,too-obscure,53 Steam reviews,2017-10-03,0,53,True,"Adventure, Strategy, Indie, Noir"
1945680,PAYDAY 2: Southbound Tailor Pack,too-obscure,53 Steam reviews,2022-04-20,0,53,False,"RPG, Action, Violent, Gore, FPS"
2805000,The Crew Motorfest Year 1 Pass,too-obscure,53 Steam reviews,2024-04-18,0,53,False,Racing
3104030,oath,too-obscure,53 Steam reviews,2024-09-02,0,53,False,"Casual, Software, Interactive Fiction, Visual Novel, 2D"
470760,Antiflux,too-obscure,52 Steam reviews,2016-05-19,0,52,True,"Action, Indie, Puzzle, Singleplayer, Sci-fi"
512240,Duckpocalypse,too-obscure,52 Steam reviews,2016-08-22,0,52,True,"Indie, Action, Casual, Arcade, VR"
590610,Tales of Maj'Eyal - Forbidden Cults,too-obscure,52 Steam reviews,2018-05-16,0,52,False,"RPG, Indie, Adventure, Roguelike, Lovecraftian"
620170,Icarus Starship Command Simulator,too-obscure,52 Steam reviews,2017-05-26,0,52,True,"Indie, Strategy, Simulation, Action, Space"
630360,Megacity Builder,too-obscure,52 Steam reviews,2017-07-19,0,52,True,"Trading, City Builder, Political Sim, Casual, Building"
2334532,Persona 3 Reload - Persona 5 Royal Persona Set 1,too-obscure,52 Steam reviews,2024-02-02,0,52,False,"RPG, Adventure, Strategy, JRPG, Party-Based RPG"
2922530,Fishing Planet: Ocean Voyager Pack,too-obscure,52 Steam reviews,2024-06-05,0,52,False,"Fishing, Free to Play, Simulation, Multiplayer, Sports"
436270,Civil War: 1863,too-obscure,51 Steam reviews,2016-06-21,0,51,True,"Strategy, Wargame, Turn-Based, America, Turn-Based Strategy"
486840,War Truck Simulator,too-obscure,51 Steam reviews,,0,51,True,"Simulation, Action, Indie, Driving, Survival"
514650,Orbital X,too-obscure,51 Steam reviews,2016-08-18,0,51,True,"Casual, Indie"
581730,Autumn Night 3D Shooter,too-obscure,51 Steam reviews,2017-05-09,0,51,True,"Action, Indie, Gore, Violent, FPS"
644160,Reflecting Fate,too-obscure,51 Steam reviews,2017-07-10,0,51,True,"Indie, Action, Adventure, Horror"
872990,Stream Games,too-obscure,51 Steam reviews,2018-07-06,0,51,True,"Indie, Casual"
2011980,"Warhammer 40,000: Battlesector - Sisters of Battle",too-obscure,51 Steam reviews,2022-12-13,0,51,False,Strategy
2119922,Succubus - Red Goddess,too-obscure,51 Steam reviews,2022-12-22,0,51,False,"Action, Adventure, Sexual Content, Violent, Gore"
2224691,Cities: Skylines - Content Creator Pack: Shopping Malls,too-obscure,51 Steam reviews,2023-03-22,0,51,False,"Strategy, Simulation"
2253060,Root: The Underworld Expansion,too-obscure,51 Steam reviews,2023-03-30,0,51,False,"Indie, Strategy, Simulation, Board Game"
2419041,Spirit Island - Jagged Earth,too-obscure,51 Steam reviews,2024-02-29,0,51,False,"Strategy, Indie"
822550,2DGameManias Taken,too-obscure,50 Steam reviews,2018-05-04,0,50,True,"Indie, Action, Casual, Adventure, Retro"
848230,Let's Go Nuts!,too-obscure,50 Steam reviews,2018-06-01,0,50,True,"Casual, Action, Indie, Free to Play, Multiplayer"
871651,Cultist Simulator: The Priest,too-obscure,50 Steam reviews,2019-05-30,0,50,False,"RPG, Indie, Simulation"
1167870,Pinball FX3 - Williams Pinball: Universal Monsters Pack,too-obscure,50 Steam reviews,2019-10-29,0,50,False,Simulation
1965130,Key Puss,too-obscure,50 Steam reviews,2022-04-29,0,50,False,"Casual, Indie, Strategy, Utilities, Female Protagonist"
2074220,PAYDAY 2: High Octane Tailor Pack,too-obscure,50 Steam reviews,2022-07-13,0,50,False,"RPG, Action, Gore, Violent"
2118560,IL-2 Sturmovik: Battle of Normandy,too-obscure,50 Steam reviews,2022-09-29,0,50,False,"Simulation, Action, Flight, Realistic, VR"
3026800,The Texas Chain Saw Massacre - Maria,too-obscure,50 Steam reviews,2024-06-11,0,50,False,"Horror, Multiplayer, Action, Survival Horror, Team-Based"
393860,Smoots World Cup Tennis,too-obscure,49 Steam reviews,2016-06-01,0,49,True,"Tennis, Sports, Indie, Casual"
477170,Chamber 19,too-obscure,49 Steam reviews,2016-10-21,0,49,True,"Indie, Action, Strategy, Casual, Simulation"
675030,Super Samurai Rampage,too-obscure,49 Steam reviews,2017-08-01,0,49,True,"Gore, Action, Violent, Indie, Pixel Graphics"
856220,DON'T DIE!,too-obscure,49 Steam reviews,2019-05-16,0,49,True,"Action Roguelike, Action, Rogue-lite, Horror, 2D"
2224690,Cities: Skylines - Content Creator Pack: Sports Venues,too-obscure,49 Steam reviews,2023-03-22,0,49,False,"Strategy, Simulation"
2499890,Steel Division 2 - Men of Steel,too-obscure,49 Steam reviews,2023-08-28,0,49,False,"Strategy, Indie, Action, Simulation"
3375020,The Texas Chain Saw Massacre - Bones,too-obscure,49 Steam reviews,2024-12-12,0,49,False,"Horror, Multiplayer, Survival Horror, Action, Team-Based"
355310,Blood Alloy: Reborn,too-obscure,48 Steam reviews,2016-03-02,0,48,True,"Action, Indie, Pixel Graphics, Cyberpunk, Platformer"
428210,Horror in the Asylum,too-obscure,48 Steam reviews,2016-02-01,0,48,True,"Action, Adventure, Indie, Horror, Multiplayer"
757870,Australian trip,too-obscure,48 Steam reviews,2017-12-19,0,48,True,"Indie, Action, Adventure, Casual, Puzzle"
2727400,The Sims 4 Crystal Creations Stuff Pack,too-obscure,48 Steam reviews,2024-02-29,0,48,False,"Simulation, Casual, Adventure, Life Sim, Building"
3299590,Goat Simulator 3 - Super Duper Pack,too-obscure,48 Steam reviews,2024-12-12,0,48,False,"Casual, Adventure, Simulation"
357840,Zombie Camp: Last Survivor,too-obscure,47 Steam reviews,2015-04-17,0,47,True,"Action, Zombies, FPS"
371370,Advent,too-obscure,47 Steam reviews,2015-05-15,0,47,True,"RPG, JRPG, RPGMaker, Indie, Turn-Based"
500940,Get The Gems,too-obscure,47 Steam reviews,2016-11-11,0,47,True,"Old School, Casual, Retro, 2D, Puzzle"
589150,Viking Rage,too-obscure,47 Steam reviews,2017-04-28,0,47,True,"Casual, Indie, Action, VR, Vikings"
652050,The Labyrinth,too-obscure,47 Steam reviews,2021-01-08,0,47,True,"Adventure, RPG, Dungeon Crawler, Text-Based, Turn-Based"
755590,Battle High 2 A+,too-obscure,47 Steam reviews,2017-12-14,0,47,True,"Indie, Action, Fighting, 2D Fighter"
773230,The Evil Party,too-obscure,47 Steam reviews,2018-01-08,0,47,True,"Indie, Adventure, Action, Platformer, 2D"
813410,ENDLESS Space 2 - Untold Tales,too-obscure,47 Steam reviews,2018-03-12,0,47,False,Strategy
994210,Ultimate Fishing Simulator - Kariba Dam DLC,too-obscure,47 Steam reviews,2019-03-15,0,47,False,"Simulation, Casual, Sports, Sandbox, First-Person"
2406290,Sands of Salzaar - The Ember Saga,too-obscure,47 Steam reviews,2023-06-07,0,47,False,"RPG, Indie, Strategy, Adventure, Singleplayer"
2633870,KovaaK's Anime Pack,too-obscure,47 Steam reviews,2024-02-26,0,47,False,"Indie, Action, Simulation"
363660,Island Flight Simulator,too-obscure,46 Steam reviews,2015-04-17,0,46,True,"Simulation, Flight"
632170,Spartan Fist,too-obscure,46 Steam reviews,2018-05-15,0,46,True,"Action Roguelike, Beat 'em up, Rogue-lite, Perma Death, Martial Arts"
706440,Cyborg Arena,too-obscure,46 Steam reviews,2017-11-28,0,46,True,"Indie, Action, Casual, Adventure, Simulation"
949080,ENDLESS Space 2 - Harmonic Memories,too-obscure,46 Steam reviews,2018-11-15,0,46,False,Strategy
949081,Endless Space 2 - Celestial Worlds,too-obscure,46 Steam reviews,2018-11-15,0,46,False,Strategy
1235756,The Sims 4 Cool Kitchen Stuff,too-obscure,46 Steam reviews,2020-06-18,0,46,False,"Simulation, Casual, Cooking, Adventure, Dating Sim"
1276530,An Interesting Journey of Monsieur PAF,too-obscure,46 Steam reviews,2020-07-29,0,46,True,"Sokoban, Casual, Exploration, 2D, Cute"
2112232,Car Mechanic Simulator 2021 - Mercedes-Benz Remastered DLC,too-obscure,46 Steam reviews,2023-01-26,0,46,False,"Racing, Simulation"
2305830,"Warhammer 40,000: Battlesector - Orks",too-obscure,46 Steam reviews,2023-05-25,0,46,False,"Strategy, Violent"
2999850,Two Point Museum: Explorer Upgrade Pack,too-obscure,46 Steam reviews,2025-03-04,0,46,False,"Casual, Simulation, Strategy, Building, City Builder"
380700,Zombie Killtime,too-obscure,45 Steam reviews,2015-08-04,0,45,True,"Action, Indie, Casual, Adventure, Zombies"
428110,Save Halloween: City of Witches,too-obscure,45 Steam reviews,2016-05-09,0,45,True,"Adventure, Casual, Match 3"
553800,Lunar Stone - Origin of Blood,too-obscure,45 Steam reviews,2016-11-18,0,45,True,"Action, Adventure, Gore, Violent, Nudity"
601790,Eternal Lore,too-obscure,45 Steam reviews,2017-09-19,0,45,True,"RPG, Adventure, Action, Indie, Anime"
654430,STATUS: INSANE,too-obscure,45 Steam reviews,2017-11-13,0,45,True,"Adventure, Indie, Action, Strategy, Puzzle"
793630,GROOD,too-obscure,45 Steam reviews,2018-03-30,0,45,True,"Action, Indie, Shoot 'Em Up, Difficult, Bullet Hell"
1065400,Tank Mechanic Simulator - Shermans DLC,too-obscure,45 Steam reviews,2023-06-06,0,45,False,"Action, Casual, Adventure, Simulation, Indie"
2226070,World War Z: Aftermath - Deadly Vice Weapons Skin Pack,too-obscure,45 Steam reviews,2023-03-29,0,45,False,"Action, Gore, Violent"
2844910,Interior Designer,too-obscure,45 Steam reviews,2024-10-25,0,45,False,"Building, Simulation, Sandbox, Casual, Singleplayer"
388440,Big Journey to Home,too-obscure,44 Steam reviews,2015-08-20,0,44,True,"Indie, RPG, Strategy, Co-op, Puzzle"
506840,The Dungeons of Castle Madness,too-obscure,44 Steam reviews,2016-08-07,0,44,True,"RPG, Indie, Adventure, Dungeon Crawler, Action"
542520,Lost in the Rift - Reborn,too-obscure,44 Steam reviews,2016-11-21,0,44,True,"Indie, Violent, Adventure, VR, Horror"
1931780,Car Mechanic Simulator 2021 - Hot Rod Remastered DLC,too-obscure,44 Steam reviews,2022-04-11,0,44,False,"Racing, Simulation"
3146420,Planet Zoo: Zookeepers Animal Pack,too-obscure,44 Steam reviews,2024-10-15,0,44,True,"Simulation, Management, Building, Sandbox, Nature"
442260,Sprinter,too-obscure,43 Steam reviews,2016-02-25,0,43,True,"Indie, Action"
716050,Strike Team Hydra,too-obscure,43 Steam reviews,2017-12-08,0,43,True,"Strategy, Action, Violent, RPG, Gore"
718270,ZombieThon,too-obscure,43 Steam reviews,2018-05-18,0,43,True,"Casual, Indie, Action, Bullet Hell, Shooter"
763490,Precision Archery: Competitive,too-obscure,43 Steam reviews,2018-02-06,0,43,True,"Action, Simulation, Sports, Casual, Arcade"
779250,Paradox Wrench,too-obscure,43 Steam reviews,2018-01-16,0,43,True,"Action, Indie, Puzzle"
1086760,Pinball FX3 - Williams Pinball: Volume 4,too-obscure,43 Steam reviews,2019-05-28,0,43,False,Simulation
2148903,Cities: Skylines - Content Creator Pack: Map Pack 2,too-obscure,43 Steam reviews,2022-12-13,0,43,False,"Simulation, Strategy"
2313321,Cities: Skylines - Content Creator Pack: Railroads of Japan,too-obscure,43 Steam reviews,2023-05-23,0,43,False,"Strategy, Simulation"
2944840,Granblue Fantasy: Relink - Character Expansion Set: Sandalphon,too-obscure,43 Steam reviews,2024-05-31,0,43,False,"RPG, Action, Adventure"
366010,Generic Space Shooter,too-obscure,42 Steam reviews,2016-03-11,0,42,True,"Top-Down Shooter, Shoot 'Em Up, Bullet Hell, Bullet Time, Action"
455960,Domain Defense,too-obscure,42 Steam reviews,2016-07-14,0,42,True,"Casual, Strategy, Indie, Tower Defense, Co-op"
469710,Shattered Throne,too-obscure,42 Steam reviews,2016-11-28,0,42,True,"Strategy, Indie, 2D, Turn-Based, Fantasy"
576670,Sky Is Arrows,too-obscure,42 Steam reviews,2018-01-08,0,42,True,"Exploration, Tactical RPG, Real Time Tactics, Tutorial, Difficult"
577490,Minos Strategos,too-obscure,42 Steam reviews,2017-01-27,0,42,True,"Strategy, Tabletop, Turn-Based, Procedural Generation, Turn-Based Strategy"
654020,Ben The Exorcist,too-obscure,42 Steam reviews,2017-07-07,0,42,True,"Indie, Action, Adventure, Horror, Comedy"
816240,Build Wars,too-obscure,42 Steam reviews,2018-04-20,0,42,True,"Indie, Casual, Adventure, Multiplayer, Free to Play"
2088220,Ultimate Fishing Simulator - Taupo Lake DLC,too-obscure,42 Steam reviews,2022-08-24,0,42,False,"Simulation, Casual, Sports, Fishing, 3D"
2384550,VTube Studio - VNet Multiplayer Collab,too-obscure,42 Steam reviews,2023-04-24,0,42,False,"Indie, Video Production, Animation & Modeling, Multiplayer"
2500340,Pinball FX - Williams️ Pinball: Star Trek: The Next Generation,too-obscure,42 Steam reviews,2023-08-24,0,42,False,"Simulation, Free to Play, Pinball, 3D, Space"
2974360,Brawlhalla: Ezio Starter Pack,too-obscure,42 Steam reviews,2024-06-12,0,42,False,"Action, Indie, Free to Play"
370490,ASCII Attack,too-obscure,41 Steam reviews,2016-03-16,0,41,True,"Indie, Action, Tanks, Bullet Hell"
450600,Safety Driving Simulator: Motorbike,too-obscure,41 Steam reviews,2016-05-04,0,41,True,"Simulation, Casual"
465750,Tank Battle: North Africa,too-obscure,41 Steam reviews,2016-07-12,0,41,True,"Strategy, Hex Grid, World War II, Turn-Based Strategy"
486500,Spooky Heroes,too-obscure,41 Steam reviews,2016-06-23,0,41,True,"Indie, Action, Casual, Adventure, Platformer"
529500,ALONE? - VR,too-obscure,41 Steam reviews,2016-10-07,0,41,True,"Indie, Adventure, VR, Action, Casual"
575670,Five Elements,too-obscure,41 Steam reviews,2017-03-24,0,41,True,"Strategy, Indie, RPG"
1851340,Neon Abyss - Chrono Trap,too-obscure,41 Steam reviews,2022-01-27,0,41,False,"RPG, Indie, Action, Adventure"
1992290,Cities: Skylines - Content Creator Pack: Mid-Century Modern,too-obscure,41 Steam reviews,2022-09-14,0,41,False,"Strategy, Simulation"
3022980,Automobilista 2 - IMSA Track Pack,too-obscure,41 Steam reviews,2024-11-29,0,41,False,"Action, Simulation, Indie, Racing, Sports"
414651,"Magicka 2: Ice, Death and Fury",too-obscure,40 Steam reviews,2015-12-15,0,40,False,"Action, Adventure, Co-op"
460990,The Impossible Travel Agency,too-obscure,40 Steam reviews,2016-09-02,0,40,True,"Casual, VR"
491510,Vanilla Bagel: The Roguelike,too-obscure,40 Steam reviews,2016-06-15,0,40,True,"RPG, Rogue-like, Adventure, Indie, 2D"
703270,"Run, my little pixel",too-obscure,40 Steam reviews,2017-10-21,0,40,True,"Indie, Casual"
709190,God of Failure,too-obscure,40 Steam reviews,2017-12-19,0,40,True,"Real Time Tactics, Casual, Tower Defense, God Game, RTS"
820880,Helping Hand,too-obscure,40 Steam reviews,2018-07-26,0,40,True,"Casual, Indie, Simulation, Singleplayer, Aliens"
848200,Azuran Tales: Trials,too-obscure,40 Steam reviews,2018-06-01,0,40,True,"Action, RPG, Indie, Adventure, Platformer"
1982080,Animal Shelter - Puppies & Kittens DLC,too-obscure,40 Steam reviews,2022-07-25,0,40,False,"Indie, Casual, Adventure, Simulation"
2170270,World War Z: Aftermath - Raven Weapons Skin Pack,too-obscure,40 Steam reviews,2023-01-24,0,40,False,"Action, Gore, Violent"
2660540,Pinball M - The Thing Pinball,too-obscure,40 Steam reviews,2023-11-30,0,40,False,"Simulation, Gore, Violent, Pinball, Casual"
2910160,American Truck Simulator - Sports Paint Jobs Pack,too-obscure,40 Steam reviews,2024-05-16,0,40,False,"Indie, Simulation"
3023640,SnowRunner - Rezvani Tank,too-obscure,40 Steam reviews,2024-07-30,0,40,False,"Adventure, Simulation"
404030,Lucky Rabbit Reflex!,too-obscure,39 Steam reviews,2015-10-09,0,39,True,"Simulation, Indie, Casual, Dating Sim, Visual Novel"
617620,Disturbed: Beyond Aramor,too-obscure,39 Steam reviews,2018-05-18,0,39,True,"Choose Your Own Adventure, Point & Click, Visual Novel, Hand-drawn, Adventure"
757860,Elbub,too-obscure,39 Steam reviews,2017-12-08,0,39,True,"Indie, Casual, Great Soundtrack, Flight, Abstract"
383070,The Fleets of Sol,too-obscure,38 Steam reviews,2016-04-01,0,38,True,"Action, Indie, Strategy, Space"
432710,American Truck Simulator - Steampunk Paint Jobs Pack,too-obscure,38 Steam reviews,2023-04-18,0,38,False,"Simulation, Indie, Steampunk"
548710,Sandstorm,too-obscure,38 Steam reviews,2016-11-13,0,38,True,"Action, Indie, Casual, Adventure, Tanks"
549000,Munch VR,too-obscure,38 Steam reviews,2017-02-17,0,38,True,"Casual, Indie, Adventure, Family Friendly, Cute"
1318290,Ultimate Fishing Simulator - Thailand DLC,too-obscure,38 Steam reviews,2020-09-04,0,38,False,"Simulation, Casual, Sports"
1992291,Cities: Skylines - Content Creator Pack: Seaside Resorts,too-obscure,38 Steam reviews,2022-09-14,0,38,False,"Simulation, Strategy"
2210720,JR EAST Train Simulator: Tokaido Line (Tokyo to Atami) E233-3000 series,too-obscure,38 Steam reviews,2022-11-15,0,38,False,"Simulation, Trains, Driving, Realistic, Transportation"
2313320,Cities: Skylines - Content Creator Pack: Brooklyn & Queens,too-obscure,38 Steam reviews,2023-05-23,0,38,False,"Strategy, Simulation"
2922730,Dead by Daylight - Endless Hunt Pack,too-obscure,38 Steam reviews,2024-05-14,0,38,False,"Action, Gore, Violent"
3009870,Trailmakers: Motorhead Pack,too-obscure,38 Steam reviews,2024-08-15,0,38,False,"Indie, Action, Racing, Adventure, Simulation"
416340,Viking Saga: New World,too-obscure,37 Steam reviews,2015-11-05,0,37,True,"Casual, Strategy, Adventure, Simulation, Vikings"
613130,Mega Overload VR,too-obscure,37 Steam reviews,2017-04-18,0,37,True,"Action, VR, Retro, Arcade, Robots"
646670,Pinball FX3 - Aliens vs Pinball,too-obscure,37 Steam reviews,2017-09-26,0,37,False,"Simulation, Pinball, Arcade, Indie, Casual"
654250,Catacombs 1: Demon War,too-obscure,37 Steam reviews,2017-07-12,0,37,True,"RPG, Adventure, Indie, Dungeon Crawler, Strategy RPG"
661820,I.F.O,too-obscure,37 Steam reviews,2017-08-11,0,37,True,"Casual, Indie, Action, Shoot 'Em Up, Shooter"
694190,Deluxe Content - Cossacks 3: The Golden Age,too-obscure,37 Steam reviews,2017-08-24,0,37,False,"Strategy, Moddable, RTS, Historical, Multiplayer"
975180,The Sinking City - Worshippers of the Necronomicon,too-obscure,37 Steam reviews,2021-09-16,0,37,False,"Action, Adventure, RPG, Violent, Gore"
1622941,Dead by Daylight - Survivor Expansion Pack,too-obscure,37 Steam reviews,2021-06-15,0,37,False,"Action, Gore, Violent"
2011820,Aerofly FS 4 Flight Simulator - Aircraft AddOn,too-obscure,37 Steam reviews,2022-07-04,0,37,False,"Simulation, Indie, Action, Racing"
2112230,Car Mechanic Simulator 2021 - Aston Martin DLC,too-obscure,37 Steam reviews,2022-09-19,0,37,False,"Racing, Simulation"
2351806,Pinball FX - Williams Pinball: The Addams Family,too-obscure,37 Steam reviews,2023-04-13,0,37,False,"Simulation, Pinball, Casual, Arcade, Retro"
2660520,Pinball M - Duke Nukem's Big Shot Pinball,too-obscure,37 Steam reviews,2023-11-30,0,37,False,"Simulation, Violent, Gore, Funny, 1990's"
422980,Super Robot Jump Jump,too-obscure,36 Steam reviews,2016-03-31,0,36,True,"Adventure, Indie, Action, Platformer, Difficult"
543600,Monster Maze VR,too-obscure,36 Steam reviews,2016-10-19,0,36,True,"Indie, Casual, Adventure, VR, Horror"
601130,Spark,too-obscure,36 Steam reviews,2017-11-10,0,36,True,"Action, Casual, Indie, Free to Play, Arcade"
751260,Astrohazard Solutions Ltd.,too-obscure,36 Steam reviews,2017-12-11,0,36,True,"Action, Adventure, Indie, 2D, Story Rich"
1235759,The Sims 4 Spooky Stuff,too-obscure,36 Steam reviews,2020-06-18,0,36,False,"Simulation, Casual, Dark Humor, Dark Fantasy, Supernatural"
1516350,Textreme 2,too-obscure,36 Steam reviews,2021-03-01,0,36,True,"Experimental, Typing, 2D, Abstract, Cartoony"
2526550,Dead by Daylight - Macabre Tales Pack,too-obscure,36 Steam reviews,2024-01-08,0,36,False,"Action, Gore, Violent"
2889700,Car Mechanic Simulator 2021 - Jeep | RAM Remastered DLC,too-obscure,36 Steam reviews,2024-05-06,0,36,False,"Simulation, Automobile Sim, Racing, Sandbox, Realistic"
613120,Tank Battle: East Front,too-obscure,35 Steam reviews,2017-03-31,0,35,True,"Strategy, Hex Grid, World War II"
630890,Deluxe Content - Cossacks 3: Path to Grandeur,too-obscure,35 Steam reviews,2017-05-16,0,35,False,"Strategy, Base Building, City Builder, Resource Management, War"
632100,The Last Sigil,too-obscure,35 Steam reviews,2019-03-28,0,35,True,"Action, RPG, Indie, Adventure, Rogue-like"
695570,PyroMind,too-obscure,35 Steam reviews,2019-08-27,0,35,True,"Casual, Indie, Action, Strategy, Puzzle"
864810,NUMERIC,too-obscure,35 Steam reviews,2018-07-02,0,35,True,"Indie, Action, Adventure, Casual, Simulation"
2546830,Car Mechanic Simulator 2021 - China DLC,too-obscure,35 Steam reviews,2023-09-12,0,35,False,"Simulation, Racing"
433490,Super Flippin' Phones,too-obscure,34 Steam reviews,2016-02-18,0,34,True,"Action, Indie, Casual, Funny, Pixel Graphics"
562460,Radium 2,too-obscure,34 Steam reviews,2017-03-01,0,34,True,"Indie, Action, Minimalist, Physics, Arcade"
563910,Guardian Of December,too-obscure,34 Steam reviews,2016-11-30,0,34,True,"Casual, Strategy, Adventure, Indie, RPG"
572240,Snake 3D Adventures,too-obscure,34 Steam reviews,2017-08-01,0,34,True,"Casual, 3D Platformer, Platformer, Indie, Action"
698910,Cliffstone Manor,too-obscure,34 Steam reviews,2017-10-16,0,34,True,"Adventure, Simulation, VR"
780760,Lots of Balls,too-obscure,34 Steam reviews,2018-02-26,0,34,True,"Indie, Action"
782110,Pinball FX3 - Jurassic World Pinball,too-obscure,34 Steam reviews,2018-02-20,0,34,False,"Simulation, Pinball, Arcade, Retro, Dinosaurs"
2464230,Car Mechanic Simulator 2021 - Dodge | Plymouth | Chrysler Remastered DLC,too-obscure,34 Steam reviews,2023-06-29,0,34,False,"Racing, Simulation, Immersive Sim, Sandbox, Moddable"
3073780,Pacific Drive: Anomalous Customization Pack,too-obscure,34 Steam reviews,2024-09-16,0,34,False,"Indie, Adventure, Action, Racing, Simulation"
3375030,The Texas Chain Saw Massacre - Wyatt,too-obscure,34 Steam reviews,2024-12-12,0,34,False,"Horror, Multiplayer, Survival Horror, Action, Team-Based"
411620,Pane In The Glass,too-obscure,33 Steam reviews,2016-08-08,0,33,True,"Action, Simulation, Casual, VR"
451900,WizardCraft,too-obscure,33 Steam reviews,2016-05-27,0,33,True,"Indie, Strategy, RPG, RTS"
453130,Powargrid,too-obscure,33 Steam reviews,2016-10-05,0,33,True,"Strategy, Indie, Turn-Based, Turn-Based Tactics, Comedy"
455640,Edgar,too-obscure,33 Steam reviews,2016-03-29,0,33,True,"Indie, Action, Adventure, Casual, Platformer"
458990,Astral Domine,too-obscure,33 Steam reviews,2016-05-01,0,33,True,"Indie, Adventure, VR, Puzzle, Atmospheric"
535410,Saga of the Void: Admirals,too-obscure,33 Steam reviews,2017-08-02,0,33,True,"Strategy, VR, RTS, Space"
540150,Tank Battle: Blitzkrieg,too-obscure,33 Steam reviews,2016-12-07,0,33,True,Strategy
568920,The Final Specimen: Arrival,too-obscure,33 Steam reviews,2017-03-02,0,33,True,"Casual, Indie, Action, Adventure, 2D"
654970,Numberline 2,too-obscure,33 Steam reviews,2017-07-14,0,33,True,"Indie, Casual"
667160,Sphere Frustration,too-obscure,33 Steam reviews,2017-07-14,0,33,True,"Indie, Casual, Free to Play, Difficult, Family Friendly"
753170,Blood Harvest 2,too-obscure,33 Steam reviews,2017-12-08,0,33,True,"Action, Adventure, Indie, Casual, Gore"
851840,Strangers of the Power 2,too-obscure,33 Steam reviews,2018-05-21,0,33,True,"Dungeon Crawler, JRPG, Female Protagonist, RPG, Cute"
933160,Space Cows,too-obscure,33 Steam reviews,2019-09-05,0,33,True,"Indie, Twin Stick Shooter, Space, Shooter, Singleplayer"
1235760,The Sims 4 Backyard Stuff,too-obscure,33 Steam reviews,2020-06-18,0,33,False,"Simulation, God Game, Immersive Sim, Base Building, Management"
1424200,Zombie Army 4: Mission 7 - Terminal Error,too-obscure,33 Steam reviews,2021-05-04,0,33,False,"Action, Gore, Violent"
2102810,Cookie Clicker but You Type,too-obscure,33 Steam reviews,2022-09-12,0,33,False,"Typing, Casual, Relaxing, Singleplayer, 2D"
2922520,Fishing Planet: Sailor Collection Pack,too-obscure,33 Steam reviews,2024-08-08,0,33,False,"Fishing, Free to Play, Simulation, Multiplayer, Sports"
3091180,Planet Coaster 2: Bonus Ride Collection,too-obscure,33 Steam reviews,2024-11-06,0,33,False,"Strategy, Simulation"
488680,Tower Defense Ultimate,too-obscure,32 Steam reviews,,0,32,True,"Indie, Action, Strategy, Tower Defense"
567020,TILE,too-obscure,32 Steam reviews,2016-12-09,0,32,True,"Casual, Indie, Puzzle"
651520,Castle Defender,too-obscure,32 Steam reviews,2017-06-15,0,32,True,"Casual, Strategy"
855050,Thunderbolt 2,too-obscure,32 Steam reviews,2018-05-10,0,32,True,Casual
1235758,The Sims 4 Romantic Garden Stuff,too-obscure,32 Steam reviews,2020-06-18,0,32,False,"Simulation, Life Sim, Dating Sim, Character Customization, Sandbox"
1442810,Anno 1800 - Land of Lions,too-obscure,32 Steam reviews,2020-10-22,0,32,False,"Strategy, Simulation"
1487630,Tracks of Thought,too-obscure,32 Steam reviews,2024-06-08,0,32,True,"Singleplayer, RPG, Story Rich, Adventure, Atmospheric"
2313322,Cities: Skylines - Content Creator Pack: Industrial Evolution,too-obscure,32 Steam reviews,2023-05-23,0,32,False,"Strategy, Simulation"
2855250,Shadows of Forbidden Gods - The Horrors Beneath,too-obscure,32 Steam reviews,2024-03-11,0,32,False,"Strategy, Simulation, God Game, Grand Strategy, Turn-Based Strategy"
3328030,The Texas Chain Saw Massacre - Summer Time Outfit Pack,too-obscure,32 Steam reviews,2024-11-26,0,32,False,"Indie, Action, Gore, Violent"
380100,Flute Master,too-obscure,31 Steam reviews,2016-06-16,0,31,True,"Indie, Music, Education, 2D, Dragons"
381910,Xenocide,too-obscure,31 Steam reviews,2015-08-28,0,31,True,"Action, Indie, Gore, Violent, Top-Down Shooter"
473540,Raise Your Own Clone,too-obscure,31 Steam reviews,2016-09-06,0,31,True,"Adventure, Casual, Story Rich, Choose Your Own Adventure, Memes"
548450,Foreveracers,too-obscure,31 Steam reviews,2018-03-29,0,31,True,"Indie, Racing, Action, Sports, Automobile Sim"
589170,Panzer Panic VR,too-obscure,31 Steam reviews,2017-03-15,0,31,True,"Action, Casual, VR, Tanks, Military"
645360,Cube XL,too-obscure,31 Steam reviews,2018-03-12,0,31,True,"Indie, Casual, Platformer, Great Soundtrack, Difficult"
709140,A Dream For Aaron,too-obscure,31 Steam reviews,2018-03-09,0,31,True,"Boomer Shooter, Action Roguelike, FPS, Rogue-lite, Shooter"
799180,Unfinished Battle,too-obscure,31 Steam reviews,2018-03-12,0,31,True,"Indie, Casual, Strategy, Difficult, Great Soundtrack"
822140,Glaive: Brick Breaker,too-obscure,31 Steam reviews,2018-04-26,0,31,True,"Indie, Action, Casual, Arcade, Retro"
940820,Ultimate Fishing Simulator - Aquariums DLC,too-obscure,31 Steam reviews,2023-08-14,0,31,False,"Simulation, Casual, Sports"
365750,Rugby World Cup 2015,too-obscure,30 Steam reviews,,0,30,True,Sports
395550,Operation Hardcore,too-obscure,30 Steam reviews,2016-12-28,0,30,True,"Side Scroller, Shoot 'Em Up, 2D Platformer, Bullet Hell, Difficult"
414470,Nightmare on Azathoth,too-obscure,30 Steam reviews,2015-10-30,0,30,True,"Adventure, Action, Indie, Survival, Survival Horror"
449180,Meld,too-obscure,30 Steam reviews,2016-05-11,0,30,True,"Strategy, Indie, Puzzle"
502430,Roadworks - The Simulation,too-obscure,30 Steam reviews,2016-11-30,0,30,True,Simulation
522220,InMind 2 VR,too-obscure,30 Steam reviews,2017-02-17,0,30,True,"Adventure, Indie, VR, Action, Science"
536510,Hacker Series,too-obscure,30 Steam reviews,2016-09-28,0,30,True,"Simulation, Indie, Strategy, Hacking"
665310,Tank Battle: Pacific,too-obscure,30 Steam reviews,2017-07-27,0,30,True,"Strategy, Hex Grid, World War II"
696710,The Surprising Adventures of Munchausen,too-obscure,30 Steam reviews,2017-09-26,0,30,True,"Adventure, Indie, Casual, Hidden Object"
837330,Crimson Shift,too-obscure,30 Steam reviews,2018-04-29,0,30,True,"Adventure, Indie, RPG, Female Protagonist, Free to Play"
1058390,Class - Shield Lancer,too-obscure,30 Steam reviews,2019-07-24,0,30,False,"RPG, Action RPG, Pixel Graphics, Hack and Slash, Action Roguelike"
1238180,My Universe - School Teacher,too-obscure,30 Steam reviews,2020-11-18,0,30,True,"Casual, Simulation, Life Sim, Singleplayer, Management"
1550280,Jamie's Toy Box,too-obscure,30 Steam reviews,2023-04-10,0,30,False,"VR, Atmospheric, Casual, Building, Simulation"
1553060,A Total War Saga: TROY - Rhesus & Memnon,too-obscure,30 Steam reviews,2021-12-14,0,30,False,"Action, Simulation, Strategy, Violent"
2238190,Automobilista 2- Brazilian Racing Legends Pack Pt1,too-obscure,30 Steam reviews,2022-12-30,0,30,False,"Racing, Sports, Simulation"
2517260,Animal Shelter - Vet Clinic DLC,too-obscure,30 Steam reviews,2023-08-13,0,30,False,"Indie, Casual, Adventure, Simulation, Realistic"
2649410,Flashing Lights: Beast Swat Truck DLC,too-obscure,30 Steam reviews,2024-03-14,0,30,False,"Physics, Simulation, Shooter, Crime, Realistic"
2790660,Call of Duty: Modern Warfare III - Tracer Pack: Custom Molded Ultra Skin Pro Pack,too-obscure,30 Steam reviews,2024-06-07,0,30,False,"FPS, Action, Multiplayer, Shooter, Singleplayer"
2932380,"Warhammer 40,000: Gladius - Demolition Pack",too-obscure,30 Steam reviews,2024-05-23,0,30,False,"Strategy, Turn-Based Strategy, 4X, Hex Grid, Turn-Based"
486640,Cheaters Blackjack 21,too-obscure,29 Steam reviews,2016-06-07,0,29,True,"Casual, Simulation, Strategy, Card Game"
563710,Loops of Zen,too-obscure,29 Steam reviews,2017-08-10,0,29,True,"Indie, Casual, Puzzle, Stylized, Relaxing"
581590,Retro Pinball,too-obscure,29 Steam reviews,2017-02-01,0,29,True,"Simulation, Indie, Casual, Pinball"
585430,Flatspace IIk,too-obscure,29 Steam reviews,2017-04-21,0,29,True,"Action, Adventure, RPG, Indie, Simulation"
661300,Radical Spectrum: Volume 2,too-obscure,29 Steam reviews,2017-08-16,0,29,True,"Action, Indie, Arcade, Platformer"
669830,Asteroids Millennium,too-obscure,29 Steam reviews,2017-08-07,0,29,True,"Action, Indie, Casual, Space, Shoot 'Em Up"
704760,Grimrush,too-obscure,29 Steam reviews,2017-11-30,0,29,True,"Indie, Action, Boss Rush, Replay Value, Score Attack"
808580,The Lone Chameleon,too-obscure,29 Steam reviews,2018-02-27,0,29,True,"Indie, Free to Play, Puzzle, 2D, Colorful"
1235762,The Sims 4 Toddler Stuff,too-obscure,29 Steam reviews,2020-06-18,0,29,False,"Simulation, Casual, Life Sim, Adventure, Dating Sim"
1284880,Ultimate Fishing Simulator - Japan DLC,too-obscure,29 Steam reviews,2020-05-01,0,29,False,"Simulation, Casual, Sports"
1581935,Sherlock Holmes Chapter One - M for Mystery,too-obscure,29 Steam reviews,2022-03-22,0,29,False,"Action, Adventure, Detective, Controller, Open World"
1935900,Root: Exiles & Partisans & Vagabonds,too-obscure,29 Steam reviews,2022-05-03,0,29,False,"Indie, Strategy, Simulation, Board Game"
2065560,Acanthoceras,too-obscure,29 Steam reviews,2022-07-21,0,29,True,"Adventure, Walking Simulator, FPS, 3D Platformer, Immersive Sim"
2526540,Dead by Daylight - Old Wounds Pack,too-obscure,29 Steam reviews,2024-01-08,0,29,False,"Action, Gore, Violent"
646370,Vesta,too-obscure,28 Steam reviews,2018-01-19,0,28,True,"Indie, Adventure, Puzzle, Female Protagonist"
873320,Life's Playground,too-obscure,28 Steam reviews,2018-06-12,0,28,True,"Casual, Indie, Strategy, Simulation, Board Game"
1235752,The Sims 4 Perfect Patio Stuff,too-obscure,28 Steam reviews,2020-06-18,0,28,False,"Casual, Simulation, Dating Sim, Sandbox, Building"
1235767,The Sims 4 Movie Hangout Stuff,too-obscure,28 Steam reviews,2020-06-18,0,28,False,"Simulation, Casual, Sandbox, Character Customization, Adventure"
2135980,The Icon Battles,too-obscure,28 Steam reviews,2022-09-16,0,28,False,"Utilities, War, Funny, Indie, Ninja"
2982030,Svarog's Dream - Return of the Old Gods Expansion,too-obscure,28 Steam reviews,2025-01-09,0,28,False,"RPG, Choices Matter, Open World, CRPG, Exploration"
3022990,Automobilista 2 - Endurance Pack Pt2,too-obscure,28 Steam reviews,2024-11-29,0,28,False,"Indie, Action, Racing, Sports, Simulation"
3057500,Succubus - Elysian Fields,too-obscure,28 Steam reviews,2024-07-22,0,28,False,"Adventure, Action, Gore, Violent, Roguelike"
3225380,Pinball FX - Williams Pinball Volume 8,too-obscure,28 Steam reviews,2024-12-12,0,28,False,"Simulation, Free to Play, Pinball, Retro, Physics"
364190,ASDAD: All-Stars Dungeons and Diamonds,too-obscure,27 Steam reviews,2015-10-01,0,27,True,"Indie, Local Multiplayer, Arcade, Retro"
414060,iso-Sphere,too-obscure,27 Steam reviews,2015-11-13,0,27,True,"Indie, Casual, Puzzle, Isometric, Action"
454420,Mini Metal,too-obscure,27 Steam reviews,2016-04-22,0,27,True,"Action, Indie, Casual"
459610,Star Fleet Armada Rogue Adventures,too-obscure,27 Steam reviews,2017-06-05,0,27,True,"Indie, Strategy, Simulation, Space, 2D"
525600,Dyno Adventure,too-obscure,27 Steam reviews,2016-09-26,0,27,True,"Adventure, Indie, Casual, Platformer, 3D Platformer"
610560,Tales of the Lumminai,too-obscure,27 Steam reviews,2017-12-08,0,27,True,"Adventure, RPG, Indie, RPGMaker"
651550,ConcPerfect 2017,too-obscure,27 Steam reviews,2017-07-30,0,27,True,"Action, Indie, Casual, Racing, 3D Platformer"
801890,Christmas Race 2,too-obscure,27 Steam reviews,2018-12-13,0,27,True,"Casual, Racing, Indie"
1188790,A Total War Saga: TROY - Amazons,too-obscure,27 Steam reviews,2021-09-02,0,27,False,"Action, Simulation, Strategy, Violent"
2441370,UNDER NIGHT IN-BIRTH II Sys:Celes - Season Pass,too-obscure,27 Steam reviews,2024-01-24,0,27,False,Action
2480010,Sugar Mess - Let's Play Jolly Battle,too-obscure,27 Steam reviews,2024-09-25,0,27,False,"VR, Shooter, Family Friendly, Adventure, Arcade"
2579330,Jujutsu Kaisen Cursed Clash - Shibuya Incident,too-obscure,27 Steam reviews,2024-11-20,0,27,True,"Action, Gore, Violent"
2660550,Pinball M - Chucky's Killer Pinball,too-obscure,27 Steam reviews,2023-11-30,0,27,False,"Simulation, Gore, Violent, 1990's, Classic"
2741150,Out of Ore - Mine Decoration Supporter pack,too-obscure,27 Steam reviews,2024-03-29,0,27,False,"Simulation, Sandbox, Farming Sim, Choose Your Own Adventure, Exploration"
2815440,The Sims 4 Comfy Gamer Kit,too-obscure,27 Steam reviews,2025-01-16,0,27,False,"Life Sim, Character Customization, Building, Romance, Simulation"
404390,Evil Robot Traffic Jam HD,too-obscure,26 Steam reviews,2016-08-26,0,26,True,"Indie, Action, Casual, Strategy, VR"
457770,Audio Arena,too-obscure,26 Steam reviews,2016-07-25,0,26,True,"Action, VR"
510780,SkyBoats,too-obscure,26 Steam reviews,2016-08-23,0,26,True,"Strategy, Turn-Based, Procedural Generation, Turn-Based Strategy, Hex Grid"
675620,Alter Cosmos,too-obscure,26 Steam reviews,2018-07-10,0,26,True,"Indie, Adventure, Casual, Sci-fi, Point & Click"
683870,Quest of Vidhuraa,too-obscure,26 Steam reviews,2018-04-27,0,26,True,"Indie, Action, Adventure, 2D, Platformer"
1035020,Two Point Hospital: Retro Items Pack,too-obscure,26 Steam reviews,2019-08-29,0,26,False,"Indie, Simulation"
1235763,The Sims 4 Kids Room Stuff,too-obscure,26 Steam reviews,2020-06-18,0,26,False,"Simulation, Building, Choose Your Own Adventure, Casual, Adventure"
2721070,Car Mechanic Simulator 2021 - Rims DLC,too-obscure,26 Steam reviews,2024-01-08,0,26,False,"Racing, Simulation"
387110,Shmup Love Boom,too-obscure,25 Steam reviews,2015-09-18,0,25,True,"Action, Indie, Casual, Shoot 'Em Up, Bullet Hell"
528950,Nekuia,too-obscure,25 Steam reviews,2016-12-16,0,25,True,"Action, Indie, Adventure, Platformer"
547150,The Morgue Fissure Between Worlds,too-obscure,25 Steam reviews,2017-03-30,0,25,True,"Adventure, Indie, Dark, Horror, Thriller"
553100,Timber! The Logging Experts,too-obscure,25 Steam reviews,2016-11-18,0,25,True,"Casual, Simulation, Arcade"
620340,Cubrick,too-obscure,25 Steam reviews,2017-04-12,0,25,True,"Indie, Casual, Strategy, Puzzle-Platformer"
726160,The Under,too-obscure,25 Steam reviews,2017-11-25,0,25,True,"Indie, Platformer"
727190,BLIK,too-obscure,25 Steam reviews,2018-02-06,0,25,True,"Indie, Adventure, Puzzle, First-Person, Action"
733870,King of the Eggs,too-obscure,25 Steam reviews,2018-02-14,0,25,True,"Indie, Casual, Co-op, Action, Multiplayer"
756150,Born Tubi Wild,too-obscure,25 Steam reviews,2017-12-11,0,25,True,"Simulation, Indie, Casual, Free to Play, Funny"
449320,Dino Eggs: Rebirth,too-obscure,24 Steam reviews,2016-06-08,0,24,True,"Indie, Strategy, Action, Casual, Puzzle"
474620,Giga Girl,too-obscure,24 Steam reviews,2016-08-17,0,24,True,"Action, Indie, Platformer, Female Protagonist, Retro"
670850,Sokoban Land DX,too-obscure,24 Steam reviews,2017-07-27,0,24,True,"Casual, Indie, Adventure, Puzzle, Sokoban"
672250,Plexus,too-obscure,24 Steam reviews,2017-07-31,0,24,True,"Action, Indie, RPG, Adventure, 2D"
687600,Magic Pixel Picross,too-obscure,24 Steam reviews,2017-08-15,0,24,True,"Strategy, Indie"
718540,Exorcism: Case Zero,too-obscure,24 Steam reviews,2017-10-12,0,24,True,"Indie, Action, Adventure, RPG, Simulation"
825970,The Mystery of Devils House,too-obscure,24 Steam reviews,2018-05-11,0,24,True,"Platformer, 2D, Horror, Action, Retro"
847630,Commanager Tycoon,too-obscure,24 Steam reviews,2018-05-01,0,24,True,"Casual, Simulation, Indie, Strategy"
851880,RŌA,too-obscure,24 Steam reviews,2018-06-02,0,24,True,"Indie, Adventure, Surreal, Experience, Atmospheric"
856350,15 seconds,too-obscure,24 Steam reviews,2018-05-31,0,24,True,"Indie, Action"
861190,Shining Hotel: Lost in Nowhere,too-obscure,24 Steam reviews,2018-06-05,0,24,True,"Action, Indie, Noir, Gothic, Horror"
1581938,Sherlock Holmes Chapter One - Mycroft's Pride,too-obscure,24 Steam reviews,2022-01-20,0,24,False,"Action, Adventure, Detective, Story Rich, Third Person"
3287490,GBVSR - GBVSR Deluxe Character Pass 2,too-obscure,24 Steam reviews,2025-02-26,0,24,False,Action
405440,Ares Omega,too-obscure,23 Steam reviews,2016-03-11,0,23,True,"Action, Indie, RPG"
435230,Medieval Playground,too-obscure,23 Steam reviews,2023-09-05,0,23,True,"Simulation, Medieval, Open World"
436360,Robo's World: The Zarnok Fortress,too-obscure,23 Steam reviews,2016-03-07,0,23,True,"Metroidvania, 2D Platformer, Platformer, Robots, 2D"
561510,DragoDino,too-obscure,23 Steam reviews,2017-06-20,0,23,True,"Action, Indie, Platformer, Co-op, Rogue-like"
573550,GoalkeepVr,too-obscure,23 Steam reviews,2017-01-06,0,23,True,"Sports, Action, Simulation, VR"
585770,Prism Collider,too-obscure,23 Steam reviews,2017-01-31,0,23,True,"Strategy, Indie, Action, Puzzle"
625320,No Clue VR,too-obscure,23 Steam reviews,2017-11-07,0,23,True,"Indie, Action, Casual, Simulation, VR"
653080,Inflatality,too-obscure,23 Steam reviews,2017-10-26,0,23,True,"Casual, Action, Indie, Fighting, Cute"
657424,Pinball FX3 - Sci-Fi Pack,too-obscure,23 Steam reviews,2017-09-26,0,23,False,"Simulation, Pinball, Arcade, Indie, Casual"
682350,Gnome Light,too-obscure,23 Steam reviews,2017-07-31,0,23,True,"Indie, Action, Casual, Adventure, Great Soundtrack"
707320,Keatz: The Lonely Bird,too-obscure,23 Steam reviews,2018-01-17,0,23,True,"Platformer, Retro, Action, Story Rich, Side Scroller"
765490,Spectrum Break,too-obscure,23 Steam reviews,2018-03-29,0,23,True,"Indie, Adventure, Platformer"
775270,They have HORNS,too-obscure,23 Steam reviews,2018-02-14,0,23,True,"Indie, Action, Casual, Violent"
783420,Elementium,too-obscure,23 Steam reviews,2018-02-02,0,23,True,"Action, Casual, Indie, Adventure, Simulation"
815800,Infecto,too-obscure,23 Steam reviews,2018-04-13,0,23,True,"Action, Gore, Indie, Violent, Adventure"
818890,Box Maze Extreme,too-obscure,23 Steam reviews,2018-07-05,0,23,True,"Action, Casual, Indie, Strategy, Adventure"
841950,Echoes III,too-obscure,23 Steam reviews,2018-09-05,0,23,True,"Action, Indie, Shoot 'Em Up, Shooter"
858840,The Epic Bang Theory,too-obscure,23 Steam reviews,2018-05-17,0,23,True,"Indie, Casual"
861960,Master Pyrox Wizard Smackdown,too-obscure,23 Steam reviews,2018-06-09,0,23,True,"Indie, Casual, Action, Sports, Local Multiplayer"
2735920,Hero Siege - Butcher (Class),too-obscure,23 Steam reviews,2024-01-12,0,23,False,"RPG, Action Roguelike, Hack and Slash, Pixel Graphics, Indie"
496980,Cosmic Cavern 3671 宇宙最大の地底最大の作戦,too-obscure,22 Steam reviews,2016-07-14,0,22,True,"Action, Casual, Indie, Strategy, Arcade"
516040,Everything is Peachy,too-obscure,22 Steam reviews,2016-08-25,0,22,True,"Strategy, Indie, Singleplayer"
540250,Tank Battle: 1945,too-obscure,22 Steam reviews,2017-02-16,0,22,True,Strategy
589380,VRog,too-obscure,22 Steam reviews,2017-02-09,0,22,True,"Action, Indie, VR, Adventure, Funny"
643260,Break Stuff With Coins,too-obscure,22 Steam reviews,2018-05-03,0,22,True,"Indie, Action"
694930,Lost God,too-obscure,22 Steam reviews,2018-02-07,0,22,True,"Indie, Action, Adventure, Action-Adventure, Action RPG"
768880,Beach Rules,too-obscure,22 Steam reviews,2018-01-04,0,22,True,"Casual, Indie, 2D, Cute, Management"
1486710,A Total War Saga: TROY - Ajax & Diomedes,too-obscure,22 Steam reviews,2021-09-02,0,22,False,"Action, Simulation, Strategy, Violent"
2351804,Pinball FX - The Machine: Bride of Pin·Bot️,too-obscure,22 Steam reviews,2023-04-13,0,22,False,"Simulation, Casual, Pinball, 3D, 1990's"
374940,Tank Battle: Normandy,too-obscure,21 Steam reviews,2017-06-09,0,21,True,"Strategy, Hex Grid"
459040,Medieval Battlefields,too-obscure,21 Steam reviews,2016-06-02,0,21,True,"Strategy, Indie, Medieval, Turn-Based, Vikings"
497710,Holobunnies: Pause Cafe,too-obscure,21 Steam reviews,2017-03-22,0,21,True,"Action, Adventure, Indie, Platformer"
615080,Runaway Train,too-obscure,21 Steam reviews,2017-07-14,0,21,True,"Casual, Indie, Trains"
652390,Mr Rabbit's Alphabet Forest Adventure,too-obscure,21 Steam reviews,2018-07-17,0,21,True,"Casual, Indie, Education"
669960,The Dungeon Power,too-obscure,21 Steam reviews,2017-07-20,0,21,True,"Indie, Platformer, Difficult, Controller, Fast-Paced"
703120,Keeplanet,too-obscure,21 Steam reviews,2018-04-06,0,21,True,"Casual, Indie, Simulation"
816830,Varius,too-obscure,21 Steam reviews,2018-06-01,0,21,True,"Indie, Casual"
868470,Heroes Arena,too-obscure,21 Steam reviews,2018-07-27,0,21,True,"Indie, Action, RPG"
2363800,House Party - New Content Pack,too-obscure,21 Steam reviews,2024-08-02,0,21,False,"Simulation, Indie, Adventure, RPG, Sexual Content"
2935180,Pacific Drive: Friendly Dumpster Customization Pack,too-obscure,21 Steam reviews,2024-07-18,0,21,False,"Indie, Action, Racing, Adventure, Simulation"
3023000,Automobilista 2 - Lamborghini Dream Pack Pt1,too-obscure,21 Steam reviews,2024-11-29,0,21,False,"Racing, Sports, Simulation, Indie, Action"
3304490,The Japanese Calligraphy,too-obscure,21 Steam reviews,2024-11-07,0,21,False,"Immersive Sim, Simulation, Design & Illustration, Utilities, Physics"
415530,"Fly, Glowfly!",too-obscure,20 Steam reviews,2016-07-08,0,20,True,"Indie, Casual, Arcade, Fantasy, Atmospheric"
665930,Rock 'N Roll,too-obscure,20 Steam reviews,2017-08-28,0,20,True,"Action, Indie, Arcade, Retro, Difficult"
680100,Heroes of Myths - Warriors of Gods,too-obscure,20 Steam reviews,2017-12-07,0,20,True,"Action, Casual, Strategy, RPG"
845330,Sign Here: _________,too-obscure,20 Steam reviews,2018-05-03,0,20,True,"Indie, Casual, Simulation, VR, Puzzle"
873210,iterform,too-obscure,20 Steam reviews,2018-06-12,0,20,True,"Indie, Action, Minimalist, Platformer"
1760590,Fantasy Sliding Puzzle 2,too-obscure,20 Steam reviews,2021-09-16,0,20,True,"Casual, Puzzle, 2D, Colorful, Dark"
2351807,Pinball FX - Williams Pinball: Twilight Zone,too-obscure,20 Steam reviews,2023-04-13,0,20,False,"Simulation, Casual, 1990's, Mystery, Physics"
2590200,Pinball FX - South Park Pinball,too-obscure,20 Steam reviews,2023-10-12,0,20,False,"Simulation, Free to Play, Pinball, Funny, Comedy"
381310,Proton Pulse,too-obscure,19 Steam reviews,2016-04-05,0,19,True,"Indie, VR"
498300,Of Love And Sorrow,too-obscure,19 Steam reviews,2016-08-08,0,19,True,"Indie, Adventure, RPG, Interactive Fiction, Visual Novel"
549070,Pinball FX2 VR - Season 1 Pack,too-obscure,19 Steam reviews,2016-11-29,0,19,False,Simulation
550200,World Destroyers,too-obscure,19 Steam reviews,2017-03-14,0,19,True,"Indie, Action, Retro, Space, 4 Player Local"
576020,Final Theosis,too-obscure,19 Steam reviews,2017-03-24,0,19,True,"Casual, Adventure, Violent, Visual Novel, Mystery"
623860,Handball Manager - TEAM,too-obscure,19 Steam reviews,2017-05-05,0,19,True,"Sports, Simulation, Strategy"
670630,Slingshot Puzzle,too-obscure,19 Steam reviews,2017-06-30,0,19,True,"Indie, Casual"
770370,Adventures of Dragon,too-obscure,19 Steam reviews,2018-12-20,0,19,True,"RPG, Casual, Indie, Adventure, 2D"
781000,Mystic Space,too-obscure,19 Steam reviews,2018-02-06,0,19,True,"2D, Character Action Game, Action, Shoot 'Em Up, Casual"
793260,Army of Squirrels,too-obscure,19 Steam reviews,2018-02-27,0,19,True,"Strategy, Indie, Puzzle, Turn-Based, Singleplayer"
1457800,Zombie Army 4: Mission 9 - Return to Hell,too-obscure,19 Steam reviews,2021-08-03,0,19,False,"Action, Gore, Violent"
1594810,ASMR LIGHTness - Light painting,too-obscure,19 Steam reviews,2021-04-23,0,19,True,"Design & Illustration, Software, Puzzle, Hand-drawn, Replay Value"
2351802,Pinball FX - Indiana Jones: The Pinball Adventure,too-obscure,19 Steam reviews,2023-04-13,0,19,False,"Simulation, Casual, 1990's, Action, Arcade"
2944850,Granblue Fantasy: Relink - Color Pack 5,too-obscure,19 Steam reviews,2024-05-31,0,19,False,"RPG, Action, Adventure"
396610,Quantum Flux,too-obscure,18 Steam reviews,2015-08-21,0,18,True,"Indie, Action"
486350,Square Arena,too-obscure,18 Steam reviews,2016-06-19,0,18,True,"Action, Indie"
486630,Toxic Terror,too-obscure,18 Steam reviews,2016-06-03,0,18,True,"Indie, Action, Adventure, Puzzle, Retro"
636220,CubeWorks,too-obscure,18 Steam reviews,2017-10-31,0,18,True,"Casual, Indie, Strategy, VR"
656330,Outpost L5,too-obscure,18 Steam reviews,2017-07-28,0,18,True,"Indie, Action, Casual, VR, Space"
672910,Hangry Bunnies From Mars,too-obscure,18 Steam reviews,2017-08-23,0,18,True,"Action, Casual, Indie, VR"
705260,Waste Cleaner,too-obscure,18 Steam reviews,2017-09-22,0,18,True,"Indie, Simulation, Puzzle, Physics"
718910,Vitamin Girl / ビタミンガール,too-obscure,18 Steam reviews,2017-10-11,0,18,True,"Action, Indie, Female Protagonist, Anime, Funny"
724130,Radar Warfare,too-obscure,18 Steam reviews,2017-10-25,0,18,True,"Action, Indie, Casual, Shoot 'Em Up, Bullet Hell"
760030,Dizzy Dungeon,too-obscure,18 Steam reviews,2018-05-07,0,18,True,"Strategy, RPG, Indie, Puzzle"
764470,Gear Path,too-obscure,18 Steam reviews,2017-12-20,0,18,True,"Indie, Action, Adventure, Platformer, Metroidvania"
864530,Necro Immortallis,too-obscure,18 Steam reviews,2018-05-31,0,18,True,"Indie, Horror"
1271891,Zombie Army 4: Mission 4 - Damnation Valley,too-obscure,18 Steam reviews,2021-02-18,0,18,False,"Action, Gore, Violent"
1446090,PAGO FOREST: DRAGON'S REVENGE,too-obscure,18 Steam reviews,2020-10-27,0,18,False,"Education, Spelling, Interactive Fiction, Story Rich, 3D"
1581901,Sherlock Holmes Chapter One - Victorian Starter Pack,too-obscure,18 Steam reviews,2021-11-16,0,18,False,"Action, Adventure, Detective, Crime, Open World"
2074410,Anno 1800 - Empire of the Skies,too-obscure,18 Steam reviews,2022-09-20,0,18,False,"Strategy, Simulation"
2799870,Hero Siege - Stormweaver,too-obscure,18 Steam reviews,2024-03-22,0,18,False,"RPG, Action RPG, Pixel Graphics, Hack and Slash, Action Roguelike"
2987650,Pinball M - Texas Chainsaw Massacre Pinball,too-obscure,18 Steam reviews,2024-06-06,0,18,False,"Simulation, Free to Play, Gore, Violent, 3D"
505660,The Crystal Nebula,too-obscure,17 Steam reviews,2016-07-27,0,17,True,"Indie, Action, VR"
557730,I Hate Santa,too-obscure,17 Steam reviews,2016-12-02,0,17,True,"Action, Indie, Casual, VR"
648570,Hell Dimension VR,too-obscure,17 Steam reviews,2017-09-07,0,17,True,"Gore, Action, Violent, VR"
670320,PAPA'S TIME MACHINE,too-obscure,17 Steam reviews,2018-04-02,0,17,True,"Indie, Action, Adventure"
680350,Hurl VR,too-obscure,17 Steam reviews,2017-09-12,0,17,True,"Indie, Casual, Simulation, VR"
760210,Operation Antiterror,too-obscure,17 Steam reviews,,0,17,True,"Indie, Action, FPS"
1235754,The Sims 4 Luxury Party Stuff,too-obscure,17 Steam reviews,2020-06-18,0,17,False,"Simulation, Building, Immersive Sim, Casual, Adventure"
1751320,HotGirls Sliding Puzzle,too-obscure,17 Steam reviews,2021-09-08,0,17,True,"Casual, Puzzle, 2D, Anime, Colorful"
2351840,Pinball FX - Garfield Pinball,too-obscure,17 Steam reviews,2023-04-13,0,17,False,"Casual, Simulation, 3D, Cats, Funny"
2370405,Pinball FX - Williams Pinball Volume 1,too-obscure,17 Steam reviews,2023-04-13,0,17,False,"Simulation, 3D, 1990's, Classic, Physics"
2660530,Pinball M - Dead by Daylight Pinball,too-obscure,17 Steam reviews,2023-11-30,0,17,False,"Simulation, Gore, Violent, Horror, Pinball"
2815240,Pinball M - System Shock Pinball,too-obscure,17 Steam reviews,2024-02-15,0,17,False,"Simulation, Free to Play, Violent, Gore, Action"
3100200,World War Z: Aftermath - Golden Bloom Weapon Skins Pack,too-obscure,17 Steam reviews,2024-09-24,0,17,False,Action
3229800,Pinball M - Camp Bloodbrook,too-obscure,17 Steam reviews,2024-10-24,0,17,False,"Simulation, Free to Play, Gore, Violent, Horror"
3245130,World War Z: Vegas Skin Pack,too-obscure,17 Steam reviews,2024-12-05,0,17,False,"Action, Gore, Violent"
389690,Nightclub Emporium,too-obscure,16 Steam reviews,2015-08-07,0,16,True,"Simulation, Strategy"
493380,ChessVR,too-obscure,16 Steam reviews,2016-07-07,0,16,True,"Tabletop, Strategy, Indie, VR"
523720,Unruly Ghouls,too-obscure,16 Steam reviews,2016-10-19,0,16,True,"Action, VR"
610460,Rise of Balloons,too-obscure,16 Steam reviews,2017-05-18,0,16,True,"Adventure, Indie, Free to Play, Female Protagonist, Puzzle"
614700,Nightmare Grotto,too-obscure,16 Steam reviews,2017-05-18,0,16,True,"Action, VR, Indie, Shooter, Survival Horror"
682020,Karradash - The Lost Dungeons,too-obscure,16 Steam reviews,2017-08-31,0,16,True,"Action, RPG, Indie, Rogue-like"
692310,REPULSE: Galactic Rivals,too-obscure,16 Steam reviews,2017-11-13,0,16,True,"Action, Indie, Casual, Sports, Free to Play"
723880,New World: The Tupis,too-obscure,16 Steam reviews,2018-03-20,0,16,True,"Adventure, Action, Indie"
862850,The Great Story of a Mighty Hero - Remastered,too-obscure,16 Steam reviews,2018-06-05,0,16,True,"Action, Indie, RPG, Hack and Slash"
1137540,Ultimate Fishing Simulator - VR DLC,too-obscure,16 Steam reviews,2019-08-30,0,16,False,"Casual, Sports, Simulation, VR, Realistic"
1424201,Zombie Army 4: Mission 8 - Abaddon Asylum,too-obscure,16 Steam reviews,2021-06-22,0,16,False,"Action, Gore, Violent"
1813090,Cultist Simulator: The Lady Afterwards,too-obscure,16 Steam reviews,2021-11-18,0,16,False,"RPG, Indie, Simulation"
2002540,Otaku Engine,too-obscure,16 Steam reviews,2022-12-01,0,16,False,"Design & Illustration, Level Editor, Sandbox, Visual Novel, Surreal"
2456991,Golf With Your Friends - Fairytale Fables Pack,too-obscure,16 Steam reviews,2023-09-12,0,16,False,"Indie, Casual, Sports"
2512030,Ship of Fools - Water Garden Duo,too-obscure,16 Steam reviews,2023-11-06,0,16,False,"Indie, Action"
367050,Vindicator: Uprising,too-obscure,15 Steam reviews,2015-07-03,0,15,True,"Action, Indie, Casual, Platformer, Pixel Graphics"
377100,UnderEarth,too-obscure,15 Steam reviews,2016-06-22,0,15,True,"Indie, Adventure, Survival, Puzzle"
551060,Creekside Creep Invasion,too-obscure,15 Steam reviews,2017-10-11,0,15,True,"Indie, Action, RPG, 2D, Shooter"
560570,Breaking Bones,too-obscure,15 Steam reviews,2016-11-28,0,15,True,"Indie, Action"
668010,Goalie VR,too-obscure,15 Steam reviews,2017-10-05,0,15,True,"Action, Sports, Simulation, VR"
712660,YBit,too-obscure,15 Steam reviews,2018-01-15,0,15,True,"Indie, Adventure"
780080,Bikour!,too-obscure,15 Steam reviews,2018-01-22,0,15,True,"Casual, Racing, Sports, Strategy, Simulation"
805690,Fear Half Factor,too-obscure,15 Steam reviews,2018-03-02,0,15,True,"Runner, Retro, Minimalist, Casual, 2D"
816280,Amora,too-obscure,15 Steam reviews,2018-06-08,0,15,True,"Indie, Casual, RPGMaker"
854390,Doors Push or Pull,too-obscure,15 Steam reviews,2018-05-21,0,15,True,Casual
2148900,Cities: Skylines - Content Creator Pack: Africa in Miniature,too-obscure,15 Steam reviews,2023-03-22,0,15,False,"Strategy, Simulation"
2351795,Pinball FX - Universal Classics Pinball,too-obscure,15 Steam reviews,2023-04-13,0,15,False,"Simulation, Casual, Pinball, Physics, Nostalgia"
2351798,Pinball FX - Secrets & Shadows Pack,too-obscure,15 Steam reviews,2023-04-13,0,15,False,"Simulation, Casual, Pinball, 3D, Action"
2351799,Pinball FX - Williams Pinball: Universal Monsters Pack,too-obscure,15 Steam reviews,2023-04-13,0,15,False,"Simulation, Casual, 1990's, Horror, Classic"
2384911,Pinball FX - Borderlands: Vault Hunter Pinball,too-obscure,15 Steam reviews,2023-04-14,0,15,False,"Casual, Simulation, Pinball, 3D, Loot"
2765310,The Sinking City - Merciful Madness,too-obscure,15 Steam reviews,2024-01-16,0,15,False,"Action, Adventure, Third-Person Shooter, Lovecraftian, Story Rich"
3051270,FPV Worldwide,too-obscure,15 Steam reviews,2024-09-10,0,15,False,"Exploration, Immersive Sim, Animation & Modeling, Utilities, Simulation"
3169950,Pinball FX - The Princess Bride Pinball,too-obscure,15 Steam reviews,2024-08-29,0,15,False,"Simulation, Free to Play, Pinball, 3D, Physics"
400710,Bleeding Blocks,too-obscure,14 Steam reviews,2015-09-15,0,14,True,"Action, Indie"
437380,Vanquish: The Adventures of Lady Exton,too-obscure,14 Steam reviews,2016-06-20,0,14,True,"Indie, Action, Adventure, Female Protagonist, Platformer"
493770,Awakened,too-obscure,14 Steam reviews,2016-06-29,0,14,True,"RPG, Indie, Casual"
514350,Fancy Slingshot VR,too-obscure,14 Steam reviews,2016-08-18,0,14,True,"Action, Casual, Simulation, VR"
526450,Hack Time,too-obscure,14 Steam reviews,2017-07-18,0,14,True,"Strategy, Adventure, Simulation, Free to Play, Hacking"
552240,Fancy Trangram VR,too-obscure,14 Steam reviews,2016-11-03,0,14,True,"Casual, Strategy, Simulation, VR"
565540,The Turkey of Christmas Past,too-obscure,14 Steam reviews,2016-12-19,0,14,True,"Indie, Action, Hack and Slash, Funny, Zombies"
694140,Undercity,too-obscure,14 Steam reviews,2017-09-19,0,14,True,"Action, Indie"
707720,Ragna Maya,too-obscure,14 Steam reviews,2017-09-08,0,14,True,"Adventure, RPG, Action, Casual, Indie"
727060,The Mystery Room,too-obscure,14 Steam reviews,2017-12-01,0,14,True,"Adventure, Indie"
764370,Realm of the Ghost King,too-obscure,14 Steam reviews,2018-01-15,0,14,True,"RPG, Indie, Strategy, Rogue-like, 2D"
793820,Coffee Crawl,too-obscure,14 Steam reviews,2018-03-21,0,14,True,"Adventure, Indie, RPG, Action, RPGMaker"
821400,Packed Train,too-obscure,14 Steam reviews,2018-07-26,0,14,True,"Casual, Indie, Puzzle, Arcade, Funny"
1144500,Two Point Hospital: Exhibition Items Pack,too-obscure,14 Steam reviews,2020-03-25,0,14,False,"Indie, Simulation"
1376920,Two Point Hospital: Fancy Dress Pack,too-obscure,14 Steam reviews,2020-10-20,0,14,False,"Indie, Simulation"
2130860,Golf With Your Friends - Pizza Party Pack,too-obscure,14 Steam reviews,2022-11-28,0,14,False,"Indie, Casual, Sports"
2351844,Pinball FX - Godzilla vs. Kong Pinball Pack,too-obscure,14 Steam reviews,2023-04-13,0,14,False,"Simulation, Casual, 3D, Action, Pinball"
2355330,Solar System Simulator,too-obscure,14 Steam reviews,2024-03-22,0,14,False,"Simulation, Space Sim, Space, Sandbox, Exploration"
2370406,Pinball FX - Williams Pinball Volume 2,too-obscure,14 Steam reviews,2023-04-13,0,14,False,"Simulation, Pinball, Classic, 1990's, Physics"
2790750,Call of Duty: Modern Warfare III - Tracer Pack: Nuptial Nightmare Ultra Skin Pro Pack,too-obscure,14 Steam reviews,2024-09-25,0,14,False,"FPS, Multiplayer, Action, Shooter, Singleplayer"
3071490,PoetryAdventure,too-obscure,14 Steam reviews,2024-12-06,0,14,False,"Casual, Cartoony, Text-Based, Hand-drawn, Faith"
437710,Magic Flute,too-obscure,13 Steam reviews,2016-02-17,0,13,True,"Adventure, Indie, Casual, Puzzle"
496850,Brick Battalion,too-obscure,13 Steam reviews,2016-08-15,0,13,True,"Indie, Casual, Strategy"
554670,Infektor,too-obscure,13 Steam reviews,2017-03-06,0,13,True,"Casual, Indie, Action"
573260,THOSE DAMN ALIENS! VR,too-obscure,13 Steam reviews,2017-02-14,0,13,True,"Indie, Action, Casual, Adventure, VR"
576370,Cubians VR,too-obscure,13 Steam reviews,2017-02-16,0,13,True,"Strategy, Casual, VR"
652760,Watchlist,too-obscure,13 Steam reviews,2017-07-06,0,13,True,"Rogue-like, Twin Stick Shooter, Local Co-Op, Retro, Shoot 'Em Up"
666320,Watergate Xtreme,too-obscure,13 Steam reviews,2017-08-06,0,13,True,"Action, Indie, 4 Player Local, Local Multiplayer"
688110,BlockGame,too-obscure,13 Steam reviews,2017-09-12,0,13,True,"Casual, Indie"
694150,Abyssal Fall,too-obscure,13 Steam reviews,2017-08-26,0,13,True,"Action, Indie, Casual"
718140,Domino Dungeon,too-obscure,13 Steam reviews,2017-10-04,0,13,True,"Puzzle, Medieval, Physics, Arcade, 3D"
745060,Hunter of Antiques,too-obscure,13 Steam reviews,2017-11-30,0,13,True,"Adventure, Indie, Puzzle, Point & Click, Horror"
752690,The Resistance,too-obscure,13 Steam reviews,2017-12-08,0,13,True,"Action, FPS"
809460,Earth Muncher,too-obscure,13 Steam reviews,2018-04-20,0,13,True,"Indie, Strategy"
1206630,Ultimate Fishing Simulator - Sakura Lures DLC,too-obscure,13 Steam reviews,2019-12-19,0,13,False,"Simulation, Casual, Sports"
1271892,Zombie Army 4: Mission 5 - Alpine Blitz,too-obscure,13 Steam reviews,2021-02-18,0,13,False,"Action, Gore, Violent"
1271893,Zombie Army 4: Mission 6 - Dead Zeppelin,too-obscure,13 Steam reviews,2021-02-18,0,13,False,"Action, Gore, Violent"
2351803,Pinball FX - Williams Pinball: Swords of Fury,too-obscure,13 Steam reviews,2023-04-13,0,13,False,"Simulation, Casual, Pinball, 3D, 1990's"
2351940,Pinball FX - Grimm Tales,too-obscure,13 Steam reviews,2023-04-13,0,13,False,"Casual, Simulation, 3D, Funny, Physics"
2915800,Pinball FX - Universal Pinball: TV Classics,too-obscure,13 Steam reviews,2024-05-16,0,13,False,"Simulation, Free to Play, 3D, Space, 1990's"
3169940,Pinball FX - Goat SImulator Pinball,too-obscure,13 Steam reviews,2024-08-29,0,13,False,"Simulation, Free to Play, Funny, Comedy, Pinball"
3335470,Car Mechanic Simulator 2021 - Taxi DLC,too-obscure,13 Steam reviews,2025-01-17,0,13,False,"Racing, Simulation"
606360,Mech Skeleton,too-obscure,12 Steam reviews,2017-03-21,0,12,True,"Indie, Action, VR, Sci-fi, Shooter"
628650,A New World: Kingdoms,too-obscure,12 Steam reviews,2017-10-05,0,12,True,"Turn-Based Tactics, City Builder, Turn-Based Strategy, 4X, Strategy"
645470,LOG the game,too-obscure,12 Steam reviews,2017-07-06,0,12,True,"Racing, Action, Adventure, Indie"
751950,TACTICAL,too-obscure,12 Steam reviews,2017-12-08,0,12,True,"Indie, Action, Strategy, Tactical, Top-Down Shooter"
822720,The Amazing Bernard,too-obscure,12 Steam reviews,2018-04-11,0,12,True,"Action, Adventure, Indie, Platformer, Runner"
1901921,Golf With Your Friends - Summer Party Pack,too-obscure,12 Steam reviews,2022-06-21,0,12,False,"Indie, Casual, Sports"
2452711,Pinball FX - Williams Pinball: Whirlwind️,too-obscure,12 Steam reviews,2023-06-08,0,12,False,"Simulation, Casual, Classic, Physics, Nostalgia"
428930,Into the Belly of the Beast,too-obscure,11 Steam reviews,2016-06-22,0,11,True,"Action, Casual, Adventure, Indie"
491100,"Human, we have a problem",too-obscure,11 Steam reviews,2016-07-05,0,11,True,"Simulation, Action, Indie, Casual, VR"
510380,GoVenture MICRO BUSINESS,too-obscure,11 Steam reviews,2016-08-09,0,11,True,"Casual, Indie, Strategy, Simulation"
515890,Marty Thinks 4D,too-obscure,11 Steam reviews,2017-09-27,0,11,True,Indie
520510,Tribocalypse VR,too-obscure,11 Steam reviews,2017-02-03,0,11,True,"VR, Indie, Action, Casual, Tower Defense"
542110,FriendShip,too-obscure,11 Steam reviews,2016-12-16,0,11,True,"Casual, VR, Co-op"
559450,Demented Pixie,too-obscure,11 Steam reviews,2016-12-14,0,11,True,"Indie, RPG, Strategy"
569130,Revenge Quest,too-obscure,11 Steam reviews,2017-08-14,0,11,True,"Indie, Action, Casual, Shooter, Beat 'em up"
617060,Virush,too-obscure,11 Steam reviews,2017-06-08,0,11,True,"Action, Great Soundtrack, Arcade, Score Attack, Singleplayer"
618260,Endurance,too-obscure,11 Steam reviews,2018-01-16,0,11,True,"Adventure, Indie, RPG, Strategy"
625160,Scrollonoid,too-obscure,11 Steam reviews,2017-06-15,0,11,True,"Action, Indie, Arcade"
669310,Brave Path,too-obscure,11 Steam reviews,2017-07-26,0,11,True,"RPG, Indie, 2D, Rogue-like, Crafting"
690570,Drone Racer: Canyons,too-obscure,11 Steam reviews,2017-08-29,0,11,True,"Casual, Racing, Indie, Multiplayer"
700230,Supreme Ruler: The Great War DLC,too-obscure,11 Steam reviews,2017-08-31,0,11,False,"Indie, Strategy, Simulation"
731510,The Scrungeon Depths,too-obscure,11 Steam reviews,2017-11-08,0,11,True,"Adventure, Gore, Indie, Action, RPG"
750620,Naughty Elves,too-obscure,11 Steam reviews,2017-12-07,0,11,True,"Indie, Casual, 2D, Puzzle, Relaxing"
816170,Spectrubes Infinity,too-obscure,11 Steam reviews,2018-04-20,0,11,True,"Indie, Adventure, Puzzle, Level Editor, Singleplayer"
2073740,Golf With Your Friends - Sports Pack,too-obscure,11 Steam reviews,2022-09-15,0,11,False,"Indie, Casual, Sports"
2370409,Pinball FX - Williams Pinball Volume 5,too-obscure,11 Steam reviews,2023-04-13,0,11,False,"Simulation, 1990's, Classic, Physics, Pinball"
2815420,The Sims 4 Artist Studio Kit,too-obscure,11 Steam reviews,2024-09-19,0,11,False,"Simulation, Free to Play, Casual, Adventure, Strategy"
3255770,For Honor - Destiny 2 Hero Skin Bundle,too-obscure,11 Steam reviews,2024-10-24,0,11,False,"Action, Gore, Violent"
3383070,Cutie Panda: Find the Legend,too-obscure,11 Steam reviews,2024-12-24,0,11,False,"Casual, Software, Utilities, Board Game, Point & Click"
443070,Insane Insects: The Inception,too-obscure,10 Steam reviews,2016-05-02,0,10,True,"Indie, Action"
517620,Gooblins,too-obscure,10 Steam reviews,2016-12-20,0,10,True,"Casual, Action, Indie, Shooter, VR"
572130,Flock VR,too-obscure,10 Steam reviews,2016-12-24,0,10,True,"Indie, Casual, Simulation, VR"
615590,Solaright,too-obscure,10 Steam reviews,2017-04-13,0,10,True,"Casual, Indie, VR, Puzzle"
652130,Lupus in Fabula,too-obscure,10 Steam reviews,2017-07-13,0,10,True,"Indie, Adventure, Atmospheric, Puzzle-Platformer, Medieval"
672180,Detrita Battlegrounds,too-obscure,10 Steam reviews,,0,10,True,"Indie, Action, Casual"
687270,Divide,too-obscure,10 Steam reviews,2017-11-17,0,10,True,"Indie, Action, Adventure"
704700,TRYON,too-obscure,10 Steam reviews,2017-09-14,0,10,True,"Turn-Based Tactics, Puzzle-Platformer, Puzzle, Difficult, Cute"
704990,OSES,too-obscure,10 Steam reviews,2017-09-14,0,10,True,"Action, Strategy, Indie, Fast-Paced, Casual"
758170,Krampus Quest,too-obscure,10 Steam reviews,2017-12-20,0,10,True,"Indie, Action, Adventure, Retro, Platformer"
825240,Elude,too-obscure,10 Steam reviews,2018-04-06,0,10,True,"Action, Casual, Indie, Arcade, Difficult"
860430,Burgerwise the Clown,too-obscure,10 Steam reviews,2018-05-27,0,10,True,"Indie, Violent"
862790,13 Cycles,too-obscure,10 Steam reviews,2019-03-21,0,10,True,Indie
1895040,Avatar Raiders,too-obscure,10 Steam reviews,2022-02-24,0,10,False,"Software, Zombies, 2D, Team-Based, Indie"
2186530,My Desktop Girlfriend,too-obscure,10 Steam reviews,2022-12-07,0,10,False,"Sexual Content, Anime, Nudity, Puzzle, Female Protagonist"
2244710,The Lamplighters League - Nocturne,too-obscure,10 Steam reviews,2023-10-03,0,10,False,"Strategy, RPG, Adventure"
2246730,Golf With Your Friends - Horrifying Headgear Pack,too-obscure,10 Steam reviews,2023-05-18,0,10,False,"Indie, Casual, Sports"
2251670,At the dream end,too-obscure,10 Steam reviews,2023-04-27,0,10,False,"Adventure, RPG, Software, Puzzle, Choose Your Own Adventure"
3043170,Tank Team - Full Version,too-obscure,10 Steam reviews,2024-06-11,0,10,False,"Indie, Action, Casual"
449420,Mini's Magic World,too-obscure,9 Steam reviews,2016-05-12,0,9,True,"Casual, Indie, Action, Adventure, Platformer"
486550,The Caretaker - Dungeon Nightshift,too-obscure,9 Steam reviews,2016-10-10,0,9,True,"Mystery Dungeon, Dungeon Crawler, Casual, Arcade, First-Person"
514820,Wasps!,too-obscure,9 Steam reviews,2016-08-31,0,9,True,"Action, Casual, VR"
518140,Lectrovolt II,too-obscure,9 Steam reviews,2016-08-23,0,9,True,"Casual, Indie, Strategy, Pixel Graphics, Soundtrack"
527960,Fractured State,too-obscure,9 Steam reviews,2020-04-10,0,9,True,"Indie, Strategy, RTS"
548930,Mankind Defender,too-obscure,9 Steam reviews,,0,9,True,"Indie, Action, RPG, Dark Fantasy, Hack and Slash"
552270,Primitive Road,too-obscure,9 Steam reviews,2016-11-18,0,9,True,"Indie, VR, Minimalist, Shoot 'Em Up"
601940,Fancy Fishing VR,too-obscure,9 Steam reviews,2017-03-02,0,9,True,"Action, Adventure, Casual, VR"
604550,Reality Incognita,too-obscure,9 Steam reviews,2019-10-14,0,9,True,"Adventure, Horror, Sci-fi, Female Protagonist, Indie"
641870,symeCu8e,too-obscure,9 Steam reviews,2017-07-04,0,9,True,"Casual, Strategy, Indie, Puzzle, Turn-Based"
645280,MYSTIC VR,too-obscure,9 Steam reviews,2017-07-21,0,9,True,"Adventure, VR"
656320,Planet Protector VR,too-obscure,9 Steam reviews,2020-11-23,0,9,True,"Indie, Action, Casual, VR"
657420,Pinball FX3 - Marvel Pinball: Marvel Legends Pack,too-obscure,9 Steam reviews,2017-09-26,0,9,False,Simulation
661360,Glitchbuster,too-obscure,9 Steam reviews,2017-11-20,0,9,True,"Action, Adventure, Indie"
664140,IsoBoom,too-obscure,9 Steam reviews,2017-08-14,0,9,True,"Casual, Indie, Puzzle, Isometric, Singleplayer"
673530,Zaba The Frog,too-obscure,9 Steam reviews,2017-08-31,0,9,True,"Action, Indie"
699990,VirtuGO,too-obscure,9 Steam reviews,2017-09-08,0,9,True,"Puzzle, Indie, Strategy, Simulation, Action"
700460,Nine Worlds - A Viking saga,too-obscure,9 Steam reviews,2017-09-15,0,9,True,"Action, Casual, Indie, Adventure, Vikings"
718920,Dead Noir the Heart,too-obscure,9 Steam reviews,2017-10-20,0,9,True,"Indie, Casual, Adventure, Supernatural"
788250,Soul Grabber,too-obscure,9 Steam reviews,2019-02-18,0,9,True,"Action, Casual, Indie, Adventure"
791000,Atomic Heist,too-obscure,9 Steam reviews,2018-04-19,0,9,True,"Indie, Action, RPG, 2D, Space"
817620,Gingerbread Story,too-obscure,9 Steam reviews,2018-03-22,0,9,True,"Casual, Match 3"
849360,Wrecking Towers,too-obscure,9 Steam reviews,2018-05-18,0,9,True,"Action, Casual"
1705470,Doodle Art: Drawing Games,too-obscure,9 Steam reviews,2021-12-06,0,9,False,"Relaxing, Singleplayer, Cute, Point & Click, Colorful"
2298650,Magnet Mania 3D,too-obscure,9 Steam reviews,2023-12-15,0,9,False,"Sokoban, Solitaire, Turn-Based Tactics, Puzzle Platformer, Hidden Object"
2351808,Pinball FX - DreamWorks Pinball,too-obscure,9 Steam reviews,2023-04-13,0,9,False,"Casual, Simulation, 3D, Dragons, Physics"
2370407,Pinball FX - Williams Pinball Volume 3,too-obscure,9 Steam reviews,2023-04-13,0,9,False,"Simulation, Pinball, 1990's, Classic, Physics"
2677500,Pinball FX - Star Trek Pinball,too-obscure,9 Steam reviews,2023-12-07,0,9,False,"Simulation, Free to Play, Pinball, 3D, Space"
2947930,Pinball FX - Pacific Rim Pinball,too-obscure,9 Steam reviews,2024-05-16,0,9,False,"Simulation, Free to Play, 3D, Action, Physics"
3063450,MENSEKI Area maze puzzles,too-obscure,9 Steam reviews,2024-07-17,0,9,False,"Casual, Puzzle, Arcade, Trivia, Utilities"
3087460,Sid Meier's Civilization VII: Tecumseh and Shawnee Pack,too-obscure,9 Steam reviews,2025-02-11,0,9,False,"Strategy, Simulation, Turn-Based Strategy, Grand Strategy, 4X"
3242220,Pacific Drive: Frosted Customization Pack,too-obscure,9 Steam reviews,2024-11-18,0,9,False,"Adventure, Action, Story Rich, Survival, Driving"
371600,F1 Chequered Flag,too-obscure,8 Steam reviews,,0,8,True,"Racing, Indie, Sports, Simulation, Arcade"
399880,Amos From Outer Space,too-obscure,8 Steam reviews,2015-10-06,0,8,False,"Casual, Education, Family Friendly, Software"
468080,Occurrence at JCR Outpost,too-obscure,8 Steam reviews,2016-07-18,0,8,True,"Indie, Adventure"
612150,Conran - The dinky Raccoon,too-obscure,8 Steam reviews,2017-04-13,0,8,True,"Action, Indie, Strategy"
688620,Tiny Force Deluxe,too-obscure,8 Steam reviews,2017-10-12,0,8,True,"Indie, Casual, Strategy, RPG, Arcade"
693560,After Rain: Phoenix Rise,too-obscure,8 Steam reviews,2017-12-15,0,8,True,"Indie, Action, Adventure"
697160,Pixel To The West,too-obscure,8 Steam reviews,2018-02-08,0,8,True,"Action, Casual, Adventure, RPG, Indie"
776440,PROJECT VELOCITY,too-obscure,8 Steam reviews,2018-02-22,0,8,True,"Indie, Action"
1769260,Unity Testing Grounds,too-obscure,8 Steam reviews,2022-10-11,0,8,False,"Simulation, Arcade, Utilities, Runner, 2D"
2370408,Pinball FX - Williams Pinball Volume 4,too-obscure,8 Steam reviews,2023-04-13,0,8,False,"Simulation, Pinball, 1990's, Classic, Physics"
2370410,Pinball FX - Williams Pinball Volume 6,too-obscure,8 Steam reviews,2023-04-13,0,8,False,"Simulation, Pinball, 1990's, Classic, Physics"
374140,Gravity Core - Braintwisting Space Odyssey,too-obscure,7 Steam reviews,,0,7,True,"Simulation, Indie, Action, Strategy, Adventure"
387890,Radial Impact,too-obscure,7 Steam reviews,2015-08-03,0,7,True,"Indie, Casual"
497490,Project Hovercraft,too-obscure,7 Steam reviews,2016-10-19,0,7,True,"Indie, Action, Casual"
592990,ChemCaper™: Act I - Petticles in Peril,too-obscure,7 Steam reviews,2017-11-01,0,7,True,"RPG, Adventure, Education"
604640,Outer Rim,too-obscure,7 Steam reviews,2017-03-30,0,7,True,"Indie, Casual, Action"
649630,DarkMaze,too-obscure,7 Steam reviews,2017-07-08,0,7,True,"Casual, Adventure, Strategy, VR"
652610,Stick Nightmare,too-obscure,7 Steam reviews,2017-07-15,0,7,True,"Indie, 2D, Dark, Platformer, Singleplayer"
655490,Geneticognito,too-obscure,7 Steam reviews,2017-07-20,0,7,True,"Stealth, Platformer, Pixel Graphics, Sci-fi, Female Protagonist"
664040,Staff Wars: Wizard Rumble,too-obscure,7 Steam reviews,2017-08-03,0,7,True,"Indie, Action, Casual"
665790,Dragon Drop,too-obscure,7 Steam reviews,2017-11-08,0,7,True,"Indie, Action, Adventure"
667880,Dog Theatre,too-obscure,7 Steam reviews,2018-01-29,0,7,True,"Casual, Indie"
673230,Galaxy Annihilation,too-obscure,7 Steam reviews,2017-07-28,0,7,True,"Action, Indie, Space, Aliens, Shoot 'Em Up"
773340,WingMen,too-obscure,7 Steam reviews,2018-01-10,0,7,True,"Action, Adventure, Simulation, Indie, Casual"
990470,The Sinking City - Chicago Organ Grinder,too-obscure,7 Steam reviews,2024-01-16,0,7,False,"Action, Adventure, RPG, Gore, Violent"
1901920,Golf With Your Friends - Racing Pack,too-obscure,7 Steam reviews,2022-06-21,0,7,False,"Indie, Casual, Sports"
2133050,Computer Virus Simulator,too-obscure,7 Steam reviews,2023-11-30,0,7,False,"Point & Click, Memes, 1990's, Hacking, Psychological Horror"
2351794,Pinball FX - Star Wars Pinball: Thrill of the Hunt,too-obscure,7 Steam reviews,2023-04-13,0,7,False,"Simulation, Casual, Pinball, 3D, Space"
2357320,Pinball FX - Marvel Pinball: Avengers Chronicles,too-obscure,7 Steam reviews,2023-04-13,0,7,False,"Simulation, Casual, Pinball, 3D, Action"
2370402,Pinball FX - Core Collection,too-obscure,7 Steam reviews,2023-04-13,0,7,False,"Simulation, 3D, Rome, Casual, Classic"
2511190,FPV.SkyDive - Flight School,too-obscure,7 Steam reviews,2023-11-13,0,7,False,"Casual, Racing, Sports, Adventure, Simulation"
2677510,Pinball FX - Game Night Pinball Volume 1,too-obscure,7 Steam reviews,2023-12-07,0,7,False,"Simulation, Free to Play, Pinball, 3D, RPG"
2863570,Golf With Your Friends - Critical Hit Pack,too-obscure,7 Steam reviews,2024-04-18,0,7,False,"Indie, Casual, Sports"
3255720,Fishing Planet: Supernatural Explorer Pack,too-obscure,7 Steam reviews,2024-10-18,0,7,False,"Fishing, Simulation, Multiplayer, Sports, Massively Multiplayer"
491070,Shout Of Survival,too-obscure,6 Steam reviews,2017-11-29,0,6,True,"Indie, Casual, Strategy, Adventure, Multiplayer"
508610,PROJECT XINATRA,too-obscure,6 Steam reviews,2016-08-08,0,6,True,"Action, Indie, Arcade, Platformer"
518680,Kapsul Infinite,too-obscure,6 Steam reviews,2016-08-25,0,6,True,"Indie, Casual, Action"
553910,Mystic Defense,too-obscure,6 Steam reviews,2016-11-23,0,6,True,"Casual, Indie, Action, Tower Defense, Point & Click"
559170,"Ready, Aim, Splat!",too-obscure,6 Steam reviews,2017-01-12,0,6,True,"Indie, Action, Casual, VR"
625900,Ashes of Kanaka,too-obscure,6 Steam reviews,2017-04-25,0,6,True,"RPG, JRPG, RPGMaker, Pixel Graphics, Action RPG"
663530,Dragon's Lunch,too-obscure,6 Steam reviews,2017-09-12,0,6,True,"RPG, Indie, Adventure, Rogue-like, Dragons"
664160,Shn!p,too-obscure,6 Steam reviews,2017-07-14,0,6,True,"Indie, Casual, Puzzle"
667930,StickDodgeVR,too-obscure,6 Steam reviews,2017-08-02,0,6,True,"Indie, Action, Sports, Adventure, VR"
669520,Mino Saga,too-obscure,6 Steam reviews,2017-12-21,0,6,True,"Indie, Action, Casual"
683430,ASSASSINATION STATION,too-obscure,6 Steam reviews,2017-09-29,0,6,True,"Action, Indie"
731430,influence,too-obscure,6 Steam reviews,2018-01-22,0,6,True,"Casual, Indie, Strategy"
753390,The Eerie Adventures Of Kally,too-obscure,6 Steam reviews,2018-05-31,0,6,True,"Indie, Action, Adventure, Simulation, Horror"
1145220,Xtreme Typing,too-obscure,6 Steam reviews,2020-08-25,0,6,False,"Casual, Relaxing, Software, Education, Text-Based"
1679060,Paper Nomad,too-obscure,6 Steam reviews,2022-06-04,0,6,False,"RPG, Party-Based RPG, Action RPG, Board Game, Sandbox"
1803530,经典象棋,too-obscure,6 Steam reviews,2021-11-23,0,6,False,"Casual, Strategy, Singleplayer, Software, 2D"
2351793,Pinball FX - Star Wars Pinball Balance of the Force,too-obscure,6 Steam reviews,2023-04-13,0,6,False,"Casual, Simulation, Pinball, 3D, Epic"
2357270,Pinball FX - Star Wars Pinball: Heroes Within,too-obscure,6 Steam reviews,2023-04-13,0,6,False,"Simulation, Casual, Pinball, 3D, Epic"
2357276,Pinball FX - Marvel Pinball: Marvel Legends Pack,too-obscure,6 Steam reviews,2023-04-13,0,6,False,"Simulation, Casual, Pinball, 3D, Magic"
2790670,Call of Duty: Modern Warfare III - Tracer Pack: Zodiac: Cancer Pro Pack,too-obscure,6 Steam reviews,2024-07-03,0,6,False,"FPS, Multiplayer, Action, Shooter, Singleplayer"
395300,Voxel Blast,too-obscure,5 Steam reviews,2015-10-22,0,5,True,"Indie, Action"
553350,Space Ghost Pirate Zombie Slayer,too-obscure,5 Steam reviews,2016-11-21,0,5,True,"Indie, Action"
619380,The little vampir,too-obscure,5 Steam reviews,2017-06-30,0,5,True,"Casual, Indie, Strategy"
667510,The Elmian Warrior,too-obscure,5 Steam reviews,2017-07-20,0,5,True,"Action-Adventure, Open World, Dungeon Crawler, Action RPG, Exploration"
671290,Deadliners,too-obscure,5 Steam reviews,2017-08-01,0,5,True,"Action, Strategy, Indie, Racing"
677680,DEFENDER OF EARTH VS THE ALIEN ARMADA,too-obscure,5 Steam reviews,2017-09-12,0,5,True,"Action, Strategy, Indie, Tower Defense"
681540,Escape From Space Shredder,too-obscure,5 Steam reviews,2017-07-21,0,5,True,"Action, Adventure, Indie"
684470,Super Blockbreak 3D,too-obscure,5 Steam reviews,2017-07-29,0,5,True,"Action, Indie, Casual, Building, Level Editor"
722070,Hyperide VR,too-obscure,5 Steam reviews,2017-10-26,0,5,True,"Action, Space, Clicker, Space Sim, VR"
759850,DEBUFF,too-obscure,5 Steam reviews,2017-12-14,0,5,True,"Sports, Indie, Action, Casual, RPG"
813280,Sky Hawk,too-obscure,5 Steam reviews,2018-03-28,0,5,True,"Action, War, Flight, Top-Down, Atmospheric"
2019910,Dominion - Prosperity,too-obscure,5 Steam reviews,2022-06-02,0,5,False,"Strategy, Deckbuilding, Card Game, Medieval, Board Game"
2102080,Spacetime Dimension,too-obscure,5 Steam reviews,2022-08-31,0,5,False,"Casual, Simulation, Software, God Game, Space Sim"
2351796,Pinball FX - Jurassic World Pinball,too-obscure,5 Steam reviews,2023-04-13,0,5,False,"Simulation, Casual, Pinball, Dinosaurs, 3D"
3003550,Aqua TV,too-obscure,5 Steam reviews,2024-07-24,0,5,False,"Immersive Sim, Casual, Creature Collector, Sandbox, Education"
568480,Space Slam,too-obscure,4 Steam reviews,2017-01-12,0,4,True,"Indie, Action"
639920,Escape The Gray,too-obscure,4 Steam reviews,2017-06-01,0,4,True,"Indie, Casual, VR"
653920,Darkest Wave,too-obscure,4 Steam reviews,2017-11-24,0,4,True,"Shoot 'Em Up, Bullet Hell, Third-Person Shooter, FPS, Shooter"
661730,Dawn of H'btakh,too-obscure,4 Steam reviews,2017-07-07,0,4,True,"Action, Indie"
675370,Gulu,too-obscure,4 Steam reviews,2017-07-28,0,4,True,"Casual, Indie, Puzzle"
704670,Inexplicable Geeks: Dawn of Just Us,too-obscure,4 Steam reviews,2018-05-03,0,4,True,"Time Management, Visual Novel, Interactive Fiction, Life Sim, Comic Book"
725540,Morps,too-obscure,4 Steam reviews,2017-11-21,0,4,True,Strategy
728020,Lost Home,too-obscure,4 Steam reviews,2017-12-01,0,4,True,"Indie, Adventure, Platformer, 2D, Cartoony"
854500,Dawn of the Celestialpod,too-obscure,4 Steam reviews,2018-06-12,0,4,True,"Indie, Action, Adventure, Violent, Strategy"
1227090,Crapht Box,too-obscure,4 Steam reviews,2020-02-13,0,4,False,"Casual, Simulation, Indie, Sandbox, Physics"
1964280,GG Land,too-obscure,4 Steam reviews,2023-05-25,0,4,False,"Game Development, Building, Level Editor, Sandbox, Design & Illustration"
2177020,Kanji RPG,too-obscure,4 Steam reviews,2022-10-24,0,4,False,"Adventure, RPG, Software, Action RPG, Education"
2244570,Space landing,too-obscure,4 Steam reviews,2023-01-14,0,4,False,"Exploration, Choose Your Own Adventure, Puzzle, Software, 2D"
2351792,Pinball FX - Star Wars Pinball,too-obscure,4 Steam reviews,2023-04-13,0,4,False,"Simulation, Casual, Pinball, 3D, Space"
2370401,Pinball FX - Carnivals & Legends,too-obscure,4 Steam reviews,2023-04-13,0,4,False,"Simulation, 3D, Action, Physics, Pinball"
3032250,Compu-Tron x3000,too-obscure,4 Steam reviews,2024-07-12,0,4,False,"Interactive Fiction, Alternate History, Exploration, Visual Novel, Text-Based"
3041150,Golf With Your Friends - Legends of Olympus Pack,too-obscure,4 Steam reviews,2024-09-05,0,4,False,"Indie, Casual, Sports"
486320,Orbit: Satellite Defense,too-obscure,3 Steam reviews,2018-03-26,0,3,True,"Strategy, Indie, Space, Action, Aliens"
521140,King Machine,too-obscure,3 Steam reviews,2016-11-02,0,3,True,"Indie, Puzzle"
536920,Groggers!,too-obscure,3 Steam reviews,2016-11-10,0,3,True,"Indie, Action, Casual, Adventure"
619100,Spirit Guide Crucible,too-obscure,3 Steam reviews,2017-04-24,0,3,True,"Action, Indie, Casual, VR"
645770,Dies irae ~Amantes amentes~ Act I: Omnia Vincit Amor (Kasumi & Marie scenario),too-obscure,3 Steam reviews,2017-06-02,0,3,False,"Adventure, Violent, Sexual Content, Visual Novel"
690000,Slimebrawl,too-obscure,3 Steam reviews,2017-11-20,0,3,True,"Casual, Indie, Action, 4 Player Local, Local Multiplayer"
713760,Turf Wars,too-obscure,3 Steam reviews,2017-11-10,0,3,True,"Action, Indie, 4 Player Local"
2014220,Game Cycle,too-obscure,3 Steam reviews,2023-01-20,0,3,False,"Action, Casual, Arcade, Software, Interactive Fiction"
2068140,FaceWorld Pro,too-obscure,3 Steam reviews,2022-12-11,0,3,False,"Simulation, RPG, Utilities, Action RPG, Dating Sim"
2131980,Lamp Simulator,too-obscure,3 Steam reviews,2022-10-10,0,3,False,"Simulation, Utilities, FPS, 3D, First-Person"
2357278,Pinball FX - Marvel Pinball: Heavy Hitters,too-obscure,3 Steam reviews,2023-04-13,0,3,False,"Simulation, Casual, Pinball, 3D, Action"
2558330,Monolith O Pesadelo,too-obscure,3 Steam reviews,2023-09-06,0,3,False,"Horror, Dark, Exploration, Supernatural, Atmospheric"
556090,FIGHTING SPACE,too-obscure,2 Steam reviews,2016-12-20,0,2,True,"Action, Indie, Shoot 'Em Up"
662390,Squish and the Corrupted Crystal,too-obscure,2 Steam reviews,2017-08-08,0,2,True,"Adventure, Casual, Platformer"
717940,WIL,too-obscure,2 Steam reviews,2018-05-31,0,2,True,"Indie, Action, Adventure, Puzzle, Platformer"
725140,Nogard,too-obscure,2 Steam reviews,2018-03-29,0,2,True,"Indie, Adventure"
1346480,Floor Chess,too-obscure,2 Steam reviews,2023-04-18,0,2,False,"Chess, Sports, Software, Board Game, Strategy"
1379980,Unscripted,too-obscure,2 Steam reviews,2020-12-17,0,2,True,"Choose Your Own Adventure, Immersive Sim, Puzzle Platformer, Interactive Fiction, Visual Novel"
1581513,Dominion - Prosperity,too-obscure,2 Steam reviews,2021-10-04,0,2,False,"Strategy, PvP, Fantasy, Medieval, Tabletop"
1684990,Viaje al Centro de la Tierra - Versión Extendida,too-obscure,2 Steam reviews,2022-08-09,0,2,False,"Action, Software, Arcade, Platformer, Puzzle"
2134760,Math Adventures,too-obscure,2 Steam reviews,2022-10-07,0,2,False,"Adventure, Puzzle, Puzzle Platformer, Colorful, Education"
2357277,Pinball FX - Marvel Pinball: Vengeance and Virtue,too-obscure,2 Steam reviews,2023-04-13,0,2,False,"Casual, Simulation, 3D, Action, Cartoon"
2357321,Pinball FX - Marvel's Women of Power,too-obscure,2 Steam reviews,2023-04-13,0,2,False,"Simulation, Casual, Pinball, 3D, Action"
2474550,Mandela Syndrome,too-obscure,2 Steam reviews,2024-07-25,0,2,False,"Horror, Simulation, Psychological Horror, Puzzle, VR"
2710860,Golf With Your Friends - Teams Mascot Hat Pack,too-obscure,2 Steam reviews,2023-12-07,0,2,False,"Indie, Casual, Sports"
2880850,Just another generic: FPS,too-obscure,2 Steam reviews,2024-03-28,0,2,False,"Action, Simulation, Software, Sandbox, Shooter"
2914620,Ultimate Heroes Pack – FOR HONOR,too-obscure,2 Steam reviews,2024-04-25,0,2,False,"Action, Gore, Violent"
3063460,MENSEKI Genius!: Area maze puzzles,too-obscure,2 Steam reviews,2024-08-01,0,2,False,"Casual, Puzzle, Arcade, Trivia, Utilities"
428240,Hauntsters,too-obscure,1 Steam reviews,2015-12-22,0,1,True,"Action, Indie"
532740,Crazy Flies,too-obscure,1 Steam reviews,2016-10-14,0,1,True,"Simulation, Casual, RPG, VR"
662940,Never Not Shooting,too-obscure,1 Steam reviews,2017-08-21,0,1,True,"Action, Indie, Bullet Hell, Shoot 'Em Up, Arcade"
726100,Queen's Garden: Halloween,too-obscure,1 Steam reviews,2017-12-07,0,1,True,"Casual, Indie, Match 3, City Builder, Puzzle"
813360,Space Duty,too-obscure,1 Steam reviews,2018-03-21,0,1,True,"RPG, Adventure"
1343730,The Last Braincell,too-obscure,1 Steam reviews,2024-02-16,0,1,False,"Singleplayer, Strategy, Casual, Arcade, Board Game"
1438750,Halloween Decoration Sandbox,too-obscure,1 Steam reviews,2020-10-26,0,1,False,"Sandbox, Horror, VR, Level Editor, Immersive Sim"
1578730,ParticuLights,too-obscure,1 Steam reviews,2021-04-01,0,1,False,"Atmospheric, Casual, Relaxing, Minimalist, Cinematic"
1803440,Unnamed Arcade Engine,too-obscure,1 Steam reviews,2022-02-28,0,1,False,"Casual, Arcade, 2D Platformer, Exploration, Puzzle Platformer"
2343330,Skippy's Diner,too-obscure,1 Steam reviews,2023-06-23,0,1,False,"Action, Simulation, Action-Adventure, Utilities, 2D Platformer"
2357279,Pinball FX - Marvel Pinball: Cinematic Pack,too-obscure,1 Steam reviews,2023-04-13,0,1,False,"Simulation, Casual, Pinball, 3D, Action"
2422570,Wine Hunt: Aim Fidelity,too-obscure,1 Steam reviews,2024-07-15,0,1,False,"FPS, Shooter, 3D, eSports, Destruction"
2826220,Tiny House,too-obscure,1 Steam reviews,2024-02-20,0,1,False,"Adventure, Strategy, Software, Board Game, Point & Click"
2914600,Gold Heroes Pack – FOR HONOR,too-obscure,1 Steam reviews,2024-04-25,0,1,False,"Action, Gore, Violent"
3140140,United Assault - Battle of The Bulge DLC,too-obscure,1 Steam reviews,2024-09-04,0,1,False,"Action, Indie, Shooter, FPS, World War II"
32469,<i>Monkey Island</i> 2 Special Edition: LeChuck’s Revenge,too-obscure,0 Steam reviews,,0,0,False,"Point & Click, Adventure, Comedy, Classic, Remake"
336290,Alien Isolation: Trauma,too-obscure,0 Steam reviews,,0,0,False,Action
1209370,Pathfinder: Kingmaker - Royal Ascension DLC,too-obscure,0 Steam reviews,,0,0,False,RPG
2227200,The Bunny Graveyard - All Chapters,too-obscure,0 Steam reviews,,0,0,False,"Indie, Adventure, Action, RPG, Gore"
43110,Metro 2033,duplicate-listing,same game as Metro 2033 Redux (286690): 9.1h,2010-03-16,259,34143,False,"FPS, Post-apocalyptic, Action, Atmospheric, Horror"
2149010,Little Nightmares Enhanced Edition,duplicate-listing,same game as Little Nightmares (424840): 3.6h,2025-10-09,244,2847,False,"Adventure, Puzzle, Platformer, Puzzle Platformer, 2.5D"
34330,Total War: SHOGUN 2,duplicate-listing,same game as Total War: SHOGUN 2 (201270): 27.5h,,187,67672,False,"Strategy, Historical, Turn-Based Strategy, RTS, Grand Strategy"
4560,Company of Heroes - Legacy Edition,duplicate-listing,same game as Company of Heroes (228200): 19.3h,2007-07-17,156,7288,False,"Strategy, World War II, RTS, Multiplayer, Military"
1938090,Call of Duty®,duplicate-listing,same game as Call of Duty® (2003) (2620): 6.8h,2022-10-27,149,779512,False,"FPS, Multiplayer, Shooter, Singleplayer, Action"
221380,Age of Empires II (Retired),duplicate-listing,same game as Age of Empires II: Definitive Edition (813780): 43.0h,2013-04-09,131,102790,False,"Strategy, RTS, Medieval, Multiplayer, Classic"
39140,FINAL FANTASY VII,duplicate-listing,same game as FINAL FANTASY VII (3837340): 36.0h,,121,30379,False,"JRPG, RPG, Classic, Turn-Based, Story Rich"
834530,Yakuza Kiwami (Legacy),duplicate-listing,same game as Yakuza Kiwami (3717330): 17.9h,2019-02-19,117,23310,False,"Action, Story Rich, Adventure, Beat 'em up, RPG"
47830,Medal of Honor™,duplicate-listing,same game as Medal of Honor™ (47790): 5.0h,2010-10-12,110,136,False,"FPS, Action, Shooter, Military, Multiplayer"
34440,Sid Meier's Civilization® IV,duplicate-listing,same game as Sid Meier's Civilization® IV (3900): 13.2h,2006-10-25,106,57,False,"Strategy, Turn-Based Strategy, Turn-Based, 4X, Historical"
34460,Civilization IV: Beyond the Sword,duplicate-listing,same game as Civilization IV: Beyond the Sword (8800): 30.9h,2007-07-24,99,67,False,"Strategy, Turn-Based Strategy, 4X, Turn-Based, Historical"
34450,Civilization IV®: Warlords,duplicate-listing,same game as Civilization IV®: Warlords (3990): 6.5h,2007-04-06,99,15,False,"Strategy, Turn-Based, 4X, Turn-Based Strategy, Historical"
12750,GRID,duplicate-listing,same game as GRID (703860): 21.6h,,97,3798,False,"Racing, Simulation, Driving, Multiplayer, Singleplayer"
927380,Yakuza Kiwami 2 (Legacy),duplicate-listing,same game as Yakuza Kiwami 2 (3717340): 18.5h,2019-05-09,95,17611,False,"Action, Story Rich, RPG, Beat 'em up, Singleplayer"
33910,ARMA 2,duplicate-listing,same game as Arma 2 (33900): 16.4h,2009-06-29,91,461,False,"Action, Strategy, Simulation"
10190,Call of Duty®: Modern Warfare® 2 (2009),duplicate-listing,same game as Call of Duty®: Modern Warfare® 2 (2009) (10180): 6.6h,2009-11-11,88,11661,False,"Action, FPS, Multiplayer, Shooter, First-Person"
410700,System Shock: Classic,duplicate-listing,same game as System Shock: Enhanced Edition (410710): 13.0h,,81,0,False,
105450,Age of Empires® III (2007),duplicate-listing,same game as Age of Empires III: Definitive Edition (933110): 21.9h,2012-01-05,63,32247,False,"Strategy, RTS, Base-Building, Multiplayer, Historical"
650220,Interplanetary: Enhanced Edition,duplicate-listing,same game as Interplanetary (278910): 3.2h,2017-08-02,56,886,False,"Strategy, Simulation, Indie, Space, Turn-Based Strategy"
17340,Crysis Warhead®,duplicate-listing,same game as Crysis Warhead® (17330): 5.1h,2008-09-17,50,76,False,"FPS, Action, Sci-fi, Shooter, Singleplayer"
651660,Halcyon 6: Starbase Commander (LIGHTSPEED EDITION),duplicate-listing,same game as Halcyon 6: Starbase Commander (371200): 15.0h,2017-08-09,44,840,False,"4X, Tactical RPG, Turn-Based, Exploration, Turn-Based Strategy"
209660,Call of Duty®: Advanced Warfare - Gold Edition,duplicate-listing,same game as Call of Duty®: Advanced Warfare - Gold Edition (209650): 7.1h,2014-11-03,37,21896,False,"Dogs, Action"
41210,Eufloria,duplicate-listing,same game as Eufloria HD (221180): 11.8h,2009-10-19,35,714,False,
223870,Ys I & II Chronicles+,duplicate-listing,same game as Ys I & II Chronicles+ (223810): 14.4h,2013-02-14,34,599,False,"JRPG, Great Soundtrack, Action, RPG, Adventure"
239120,Final Fantasy III (3D Remake),duplicate-listing,same game as FINAL FANTASY III (1173790): 16.0h,2014-05-27,33,3570,False,"RPG, JRPG, Turn-Based, Remake, Classic"
1309,SiN Episodes: Emergence,duplicate-listing,same game as SiN Episodes: Emergence (1300): 3.1h,2006-05-09,26,9,False,"Action, FPS, Cyberpunk, Sci-fi, Classic"
382900,FINAL FANTASY VI (Old ver.),duplicate-listing,same game as FINAL FANTASY VI (1173820): 33.0h,2015-12-16,21,2621,False,"JRPG, RPG, Classic, Story Rich, Great Soundtrack"
3556750,"Warhammer 40,000: Dawn of War - Definitive Edition",duplicate-listing,"same game as Warhammer 40,000: Dawn of War - Anniversary Edition (Classic) (4570): 12.5h",2025-08-14,20,12068,False,"Strategy, RTS, Multiplayer, Singleplayer, Base Building"
25990,Majesty Gold HD,duplicate-listing,same game as Majesty Gold HD (73230): 21.1h,2009-09-04,18,568,False,"Strategy, Simulation, Fantasy, Base-Building, RTS"
108700,Death Rally,duplicate-listing,same game as Death Rally (Classic) (358270): 4.5h,2012-08-03,17,804,False,"Racing, Action, Remake, Arcade, Combat Racing"
1058020,"STAR WARS™ Battlefront (Classic, 2004)",duplicate-listing,same game as STAR WARS™ Battlefront (1237980): 7.5h,2019-05-01,16,4689,False,"Action, Multiplayer, Classic, FPS, Third-Person Shooter"
382120,Journey To The Center Of The Earth,duplicate-listing,same game as Journey to the Center of the Earth (474240): 6.9h,2015-09-25,16,696,False,"Indie, Adventure, Casual, Platformer, Free to Play"
31410,Zombie Driver,duplicate-listing,same game as Zombie Driver HD (220820): 5.2h,,15,0,False,
382890,FINAL FANTASY V (Old ver.),duplicate-listing,same game as FINAL FANTASY V (1173810): 30.4h,2015-09-24,14,1452,False,"RPG, JRPG, Class-Based, Story Rich, Fantasy"
345130,Dark Matter,duplicate-listing,same game as Dark Matter (251410): 4.3h,2015-02-27,13,156,False,"Bullet Hell, Shoot 'Em Up, Twin Stick Shooter, Flight, Shooter"
1011670,Totally Reliable Delivery Service,duplicate-listing,same game as Totally Reliable Delivery Service Beta (1106850): 2.9h,2021-04-01,11,1819,False,"Action, Sandbox, Funny, Physics, Casual"
302120,House of 1000 Doors: The Palm of Zoroaster Collector's Edition,duplicate-listing,same game as House of 1000 Doors: The Palm of Zoroaster (1175160): 2.6h,,11,209,False,"Casual, Adventure, Hidden Object, Puzzle, Point & Click"
358400,Shadow Warrior (Classic),duplicate-listing,same game as Shadow Warrior Classic Redux (225160): 9.0h,2014-05-05,11,32,False,"Action, FPS, Classic, 1990's, Boomer Shooter"
4249110,Resident Evil 2 (1998),duplicate-listing,same game as Resident Evil 2 (883710): 8.8h,2026-03-31,9,2009,False,"Survival Horror, Action, Horror, Adventure, Zombies"
49300,Commander: Conquest of the Americas,duplicate-listing,same game as Commander: Conquest of the Americas Gold (254020): 14.0h,2010-07-30,8,180,False,"RTS, Alternate History, Naval Combat, Naval, Diplomacy"
2525,Gumboy - Crazy Adventures™,duplicate-listing,same game as Gumboy - Crazy Adventures™ (2520): 4.2h,2006-12-19,8,103,False,"Casual, Indie, Singleplayer, Platformer"
250640,[Old Edition] Croixleur Sigma,duplicate-listing,same game as Croixleur Sigma - Deluxe Edition (1052440): 1.1h,2014-04-30,7,328,False,"Anime, Action, Hack and Slash, Indie, Female Protagonist"
70210,Governor of Poker 2 - Premium Edition,duplicate-listing,same game as Governor of Poker 2 (70200): 17.9h,,7,305,False,"Casual, Simulation, Indie, Adventure, Card Game"
47900,Dragon Age II,duplicate-listing,same game as Dragon Age II: Ultimate Edition (1238040): 28.4h,,7,0,False,
264360,La Tale,duplicate-listing,same game as La Tale (721030): endless,,6,1492,False,"Anime, Free to Play, RPG, Massively Multiplayer, 2D"
251270,Corpse Party,duplicate-listing,same game as Corpse Party (2021) (1273260): 10.0h,2016-04-25,5,1315,False,"Horror, Anime, Psychological Horror, Gore, Visual Novel"
1094390,Waltz of the Wizard,duplicate-listing,same game as Waltz of the Wizard (Legacy demo) (436820): 0.6h,2019-07-10,5,684,False,"Simulation, Magic, VR, Action, Combat"
391920,Ether One Redux,duplicate-listing,same game as Ether One (265950): 5.6h,,5,0,False,
99830,Crysis 2 - Maximum Edition,duplicate-listing,same game as Crysis 2 - Maximum Edition (108800): 9.0h,2011-03-22,4,8461,False,Action
346810,Marble Age,duplicate-listing,same game as Marble Age: Remastered (383740): 10.2h,2015-03-04,4,725,False,"Indie, Strategy, Singleplayer, Survival, Simulation"
48180,Tom Clancy's H.A.W.X. 2,duplicate-listing,same game as Tom Clancy's H.A.W.X.® 2 (48160): 8.0h,,4,0,False,
1215480,Torchlight III (Alpha),duplicate-listing,same game as Torchlight III (1030210): 15.7h,,4,0,False,
451520,theBlu,duplicate-listing,same game as theBlu (2217730): 0.3h,2016-04-04,3,1277,False,"VR, Simulation, Adventure, Casual, Indie"
3940340,Entropy,duplicate-listing,same game as Entropy (255500): endless,2026-08-17,3,157,False,"CRPG, Dark Fantasy, Dystopian, Pixel Graphics, Horror"
1100420,Praetorians - HD Remaster,duplicate-listing,same game as Praetorians (277460): 17.2h,2020-01-24,2,985,False,"Strategy, RTS, Old School, Multiplayer, Real Time Tactics"
3660220,Syberia - Remastered,duplicate-listing,same game as Syberia (46500): 9.7h,2025-11-06,2,710,False,"Exploration, Puzzle, Point & Click, Visual Novel, Female Protagonist"
457860,Apollo 11 VR,duplicate-listing,same game as Apollo 11 VR HD (953840): 1.0h,2016-04-01,2,608,False,"Simulation, Adventure, VR, Space"
724490,Protocol,duplicate-listing,same game as Protocol (378020): 2.0h,2018-11-20,2,309,False,"Action, Indie, Adventure, Cyberpunk, Dark Humor"
844040,RUSH,duplicate-listing,same game as RUSH (38720): 3.1h,2018-07-13,2,229,False,"Racing, Simulation, Sports, Action, Flight"
382940,HITMAN™,duplicate-listing,same game as HITMAN™ (236870): 10.7h,2016-03-11,2,0,False,"Stealth, Action, Assassin, Third Person, Singleplayer"
3710840,House Flipper Remastered Collection,duplicate-listing,same game as House Flipper (613100): 13.2h,2026-06-03,1,801,False,"Simulation, Design & Illustration, Decorating, Cleaning, Building"
745740,Reflex,duplicate-listing,same game as RefleX (281860): 2.4h,2017-11-23,1,785,False,"Indie, Casual, Action, Puzzle"
245730,Flashback,duplicate-listing,same game as Flashback (961620): 6.2h,2013-10-01,1,552,False,"Action, Adventure, Platformer, RPG, Cyberpunk"
3057670,Pluto,duplicate-listing,same game as Pluto (389980): not-applicable,2026-03-09,1,547,True,"Strategy, Card Game, Roguelike, Deckbuilding, Dark Fantasy"
2252960,Flashback,duplicate-listing,same game as Flashback (961620): 6.2h,2023-02-20,1,409,False,"Anime, Choices Matter, Multiple Endings, Roguelite, Casual"
1469370,Lighthouse Keeper,duplicate-listing,same game as Lighthouse Keeper (2023050): 4.4h,2020-11-22,1,343,False,"Adventure, Experimental, Horror, Survival Horror, Cinematic"
867150,InFlux Redux,duplicate-listing,same game as InFlux (246980): 3.2h,2024-11-16,1,93,True,"Exploration, 3D Platformer, Puzzle-Platformer, Puzzle, Platformer"
3200,Painkiller: Gold Edition,duplicate-listing,same game as Painkiller (2300120): 5.1h,,1,62,False,"FPS, Action, Fast-Paced, Gore, Classic"
711150,Brick Breaker Ultimate,duplicate-listing,same game as Brick Breaker (539290): 3.0h,2017-10-02,1,58,False,Indie
612670,Moonfall,duplicate-listing,same game as Moonfall Ultimate (853940): 4.5h,2017-04-12,1,43,False,"Action, Indie, Adventure, RPG, Beat 'em up"
663540,Murder...,duplicate-listing,same game as Murder (404080): 0.3h,2017-08-04,1,23,False,"Indie, Puzzle, Mystery"
29660,Aion,duplicate-listing,same game as Aion Collectors Edition (29670): 54.7h,,1,0,False,
39250,FINAL FANTASY XI: Ultimate Collection - Abyssea Edition,duplicate-listing,same game as FINAL FANTASY® XI: Ultimate Collection Seekers Edition (230330): endless,,1,0,False,
504730,MOBIUS FINAL FANTASY,duplicate-listing,same game as MOBIUS FINAL FANTASY™ (536930): 207.7h,,1,0,False,
1118010,Monster Hunter World: Iceborne,duplicate-listing,same game as Monster Hunter World: Iceborne Deluxe Kit (1118012): 1.0h,2020-01-09,0,17861,False,"Action, Multiplayer, Co-op, Open World, Hunting"
1708091,Halo Infinite (Campaign),duplicate-listing,same game as Halo Infinite (1240440): 11.3h,2021-12-08,0,5041,False,"Action, Adventure, FPS, Singleplayer, Open World"
558245,Euro Truck Simulator 2 - Special Transport,duplicate-listing,same game as Euro Truck Simulator 2 (227300): 45.9h,2017-12-13,0,3752,False,"Simulation, Indie, Driving, Open World, Multiplayer"
962750,American Truck Simulator - Special Transport,duplicate-listing,same game as American Truck Simulator (270880): 22.9h,2018-11-07,0,859,False,"Simulation, Indie, Driving"
2313540,Crusader Kings III: Legacy of Persia,duplicate-listing,same game as Crusader Kings III (1158310): 72.6h,2023-11-09,0,605,False,"RPG, Strategy, Simulation, Historical"
817550,Jurassic World Evolution - Deluxe Dinosaur Pack,duplicate-listing,same game as Jurassic World Evolution (648350): 25.3h,2018-06-12,0,406,False,"Simulation, Strategy, Dinosaurs, Violent"
2477660,Age of Empires III: Definitive Edition (Full Game),duplicate-listing,same game as Age of Empires III: Definitive Edition (933110): 21.9h,2023-08-02,0,374,False,"Strategy, RTS, Historical"
2833600,V Rising - Legacy of Castlevania Premium Pack,duplicate-listing,same game as V Rising (1604030): 47.1h,2024-05-08,0,312,False,"Survival, Open World, Vampires, Base Building, Multiplayer"
1098120,Planet Zoo: Deluxe Upgrade Pack,duplicate-listing,same game as Planet Zoo (703080): 34.8h,2019-11-05,0,310,False,"Strategy, Simulation, Sandbox, Management, Singleplayer"
1529930,WolfQuest Anniversary - Lost River,duplicate-listing,same game as WolfQuest: Classic (431180): 5.2h,2022-12-15,0,220,False,"Simulation, Action, RPG"
2427744,Cities: Skylines II - Deluxe Relax Station,duplicate-listing,same game as Cities: Skylines II (949230): 28.3h,2024-03-25,0,214,False,"Simulation, City Builder, Building, Singleplayer, Sandbox"
2243200,Farming Simulator 22 - Premium Expansion,duplicate-listing,same game as Farming Simulator 22 (1248130): 169.2h,2023-11-14,0,196,False,"Simulation, Farming"
951650,American Truck Simulator - Classic Stripes Paint Jobs Pack,duplicate-listing,same game as American Truck Simulator (270880): 22.9h,2018-10-04,0,156,False,"Indie, Simulation"
2562860,Like a Dragon: Infinite Wealth - Special Job Set,duplicate-listing,same game as Like a Dragon: Infinite Wealth (2072450): 57.0h,2024-01-25,0,131,False,"Action, Adventure, Gore, Violent, JRPG"
3093340,Neverwinter Nights: Enhanced Edition Doom of Icewind Dale,duplicate-listing,same game as Neverwinter Nights: Enhanced Edition (704450): 43.0h,2025-02-21,0,113,False,"RPG, Fantasy, Character Customization, CRPG, Multiplayer"
3359740,Hello Kitty Island Adventure - Deluxe Edition,duplicate-listing,same game as Hello Kitty Island Adventure (2495100): 25.7h,2025-01-30,0,105,False,"RPG, Casual, Simulation, Indie, Action"
2625580,Killer Instinct: Anniversary Edition,duplicate-listing,same game as Killer Instinct (577940): 2.4h,2023-11-28,0,100,False,"Action, Fighting, Multiplayer, 2D Fighter, Great Soundtrack"
2874030,WolfQuest Anniversary - Hellroaring Mountain,duplicate-listing,same game as WolfQuest: Classic (431180): 5.2h,2024-04-11,0,67,False,"RPG, Life Sim, Survival, Multiplayer, Open World"
1574600,Hero Siege - Gates of Valhalla,duplicate-listing,same game as Hero Siege - Gates of Valhalla (Collector's Edition) (1574601): endless,2022-06-14,0,59,False,"RPG, Action RPG, Pixel Graphics, Hack and Slash, Action Roguelike"
4468750,LEGO® Batman™: Legacy of the Dark Knight Deluxe Edition Upgrade,duplicate-listing,same game as LEGO® Batman™: Legacy of the Dark Knight (2215200): 13.0h,2026-05-22,0,31,False,"Action, Adventure"
329270,Warhammer Quest,duplicate-listing,same game as Warhammer Quest (Classic) (326670): 27.7h,2015-01-07,0,15,False,"RPG, Strategy"
4676450,Coffee Talk Tokyo Deluxe Edition Upgrade,duplicate-listing,same game as Coffee Talk Tokyo (3161220): 7.1h,2026-05-21,0,8,False,"Visual Novel, Story Rich, Cozy, Interactive Fiction, Indie"
2893880,Police Simulator: Patrol Officers: Special Police Vehicle Pack,duplicate-listing,same game as Police Simulator: Patrol Officers (997010): 14.4h,2024-08-13,0,7,False,"Simulation, Crime, Open World, Multiplayer, Realistic"
4155100,Flats Full of Cats: Gold & Candles,duplicate-listing,same game as Flats Full of Cats (4098230): 0.5h,2026-08-03,0,2,False,"Hidden Object, Wholesome, Cats, Cozy, Story Rich"
56400,"Warhammer 40,000: Dawn of War II: Retribution",hours-blocked,hltb ambiguous (hltb_identity_conflicting_hltb_ids),,121,13128,False,"Warhammer 40K, Strategy, RTS, Tactical, Sci-fi"
637650,FINAL FANTASY XV WINDOWS EDITION,hours-blocked,hltb ambiguous (hltb_identity_conflicting_hltb_ids),2018-03-06,102,57923,False,"RPG, Open World, JRPG, Fantasy, Story Rich"
16810,Sid Meier's Civilization IV: Colonization,hours-blocked,hltb ambiguous (hltb_identity_profile_steam_mismatch),2008-09-23,97,1569,False,"Strategy, Turn-Based Strategy, Turn-Based, 4X, Historical"
1433340,Happy's Humble Burger Farm,hours-blocked,hltb ambiguous (hltb_identity_profile_steam_mismatch),2021-12-03,96,1734,False,"Horror, First-Person, Atmospheric, Dark Humor, Adventure"
4760,Rome: Total War™ - Collection,hours-blocked,hltb ambiguous (hltb_identity_profile_steam_mismatch),2007-08-28,88,16702,False,"Strategy, Historical, Rome, Turn-Based Strategy, RTS"
2552450,KINGDOM HEARTS III + Re Mind (DLC),hours-blocked,hltb ambiguous (hltb_identity_incompatible_game_type),2024-06-13,84,2810,False,"Action, Adventure, RPG, Singleplayer, Action RPG"
368730,No Time To Explain Remastered,hours-blocked,hltb ambiguous (hltb_identity_profile_steam_mismatch),2015-07-17,79,2500,False,"Indie, Action, Adventure, Casual, Platformer"
24780,SimCity™ 4 Deluxe Edition,hours-blocked,hltb ambiguous (hltb_identity_not_exact_title),2010-07-20,78,9108,False,"City Builder, Immersive Sim, Base-Building, Building, Sandbox"
1868170,Etrian Odyssey II HD,hours-blocked,hltb ambiguous (hltb_identity_conflicting_hltb_ids),2023-06-14,70,251,False,"RPG, Adventure, Dungeon Crawler, JRPG, Turn-Based Combat"
329430,State of Decay: YOSE,hours-blocked,hltb ambiguous (hltb_identity_profile_steam_mismatch),2015-04-27,65,12323,False,"Zombies, Survival, Open World, Base Building, Post-apocalyptic"
34030,Total War: NAPOLEON – Definitive Edition,hours-blocked,hltb ambiguous (hltb_identity_profile_steam_mismatch),2010-02-25,61,27478,False,"Strategy, Historical, Grand Strategy, War, Turn-Based Strategy"
107300,Breath of Death VII,hours-blocked,hltb ambiguous (hltb_identity_profile_steam_mismatch),2011-07-13,56,1423,False,"JRPG, RPG, Funny, Indie, Retro"
783050,Bear With Me - Collector's Edition,hours-blocked,hltb ambiguous (hltb_identity_profile_steam_mismatch),2018-02-08,52,362,False,"Adventure, Indie, Point & Click, Noir, Detective"
31170,Tales of Monkey Island: Complete Season,hours-blocked,hltb ambiguous (hltb_identity_not_exact_title),2009-07-07,45,807,False,"Point & Click, Adventure, Comedy, Puzzle, Funny"
31210,Tales of Monkey Island Complete Pack: Chapter 5 - Rise of the Pirate God,hours-blocked,hltb ambiguous (hltb_identity_profile_steam_mismatch),2009-12-09,45,211,False,"Adventure, RPG, Point & Click, Singleplayer, Puzzle"
31180,Tales of Monkey Island Complete Pack: Chapter 2 - The Siege of Spinner Cay,hours-blocked,hltb ambiguous (hltb_identity_profile_steam_mismatch),2009-08-20,45,192,False,"Adventure, RPG, Point & Click, Singleplayer, Puzzle"
31200,Tales of Monkey Island Complete Pack: Chapter 4 - The Trial and Execution of Guybrush Threepwood,hours-blocked,hltb ambiguous (hltb_identity_profile_steam_mismatch),2009-10-30,45,189,False,"Adventure, RPG, Point & Click, Singleplayer, Retro"
31190,Tales of Monkey Island Complete Pack: Chapter 3 - Lair of the Leviathan,hours-blocked,hltb ambiguous (hltb_identity_profile_steam_mismatch),2009-09-29,45,170,False,"Remake, Cult Classic, Retro, Adventure, RPG"
2820,X3: Terran Conflict,hours-blocked,hltb ambiguous (hltb_identity_profile_steam_mismatch),2008-10-16,42,2864,False,"Space, Simulation, Sandbox, Sci-fi, Strategy"
203650,Sonic the Hedgehog 4 - Episode II,hours-blocked,hltb ambiguous (hltb_identity_profile_steam_mismatch),2012-05-15,41,2310,False,"Adventure, Platformer, Co-op, 2D, Action"
70620,Worms Crazy Golf,hours-blocked,hltb ambiguous (hltb_identity_profile_steam_mismatch),2011-10-19,41,729,False,"Sports, Strategy, Golf, Casual, Local Multiplayer"
98100,Trauma,hours-blocked,hltb ambiguous (hltb_identity_conflicting_hltb_ids),2011-08-08,41,681,False,"Indie, Adventure, Casual, Point & Click, Experimental"
280180,Hover,hours-blocked,hltb ambiguous (hltb_identity_release_year_conflict),2017-05-31,39,2122,False,"Singleplayer, Action, Parkour, Adventure, Multiplayer"
2131630,METAL GEAR SOLID - Master Collection Version,hours-blocked,hltb ambiguous (hltb_identity_conflicting_hltb_ids),2023-10-24,38,3291,False,"Action, Stealth, Adventure, Action-Adventure, Story Rich"
361690,STAR WARS™ X-Wing vs TIE Fighter - Balance of Power Campaigns™,hours-blocked,hltb ambiguous (hltb_identity_incompatible_game_type),2015-04-28,37,306,False,"Action, Simulation, Space, Space Sim, Multiplayer"
765890,Leisure Suit Larry 7 - Love for Sail,hours-blocked,hltb ambiguous (hltb_identity_profile_steam_mismatch),2017-12-22,36,252,False,"Adventure, Sexual Content, Nudity, Point & Click, 2D"
520440,GUILTY GEAR Xrd REV 2,hours-blocked,hltb ambiguous (hltb_identity_profile_steam_mismatch),2016-12-14,32,10592,False,"Fighting, Anime, 2D Fighter, Great Soundtrack, Action"
405900,Disgaea PC,hours-blocked,hltb ambiguous (hltb_identity_conflicting_hltb_ids),2016-02-24,30,4812,False,"Strategy RPG, JRPG, Anime, Turn-Based, RPG"
65730,Take On Helicopters,hours-blocked,hltb ambiguous (hltb_identity_profile_steam_mismatch),2011-10-27,29,743,False,"Simulation, Flight, TrackIR, Open World, Sandbox"
264240,CONSORTIUM,hours-blocked,hltb ambiguous (hltb_identity_profile_steam_mismatch),2014-01-08,28,1509,False,"RPG, Sci-fi, Adventure, Indie, Action"
322680,BLACKHOLE,hours-blocked,hltb ambiguous (hltb_identity_conflicting_hltb_ids),2015-02-27,27,1051,False,"Adventure, Indie, Puzzle Platformer, Difficult, Action"
8170,Battlestations Pacific,hours-blocked,hltb ambiguous (hltb_identity_profile_steam_mismatch),2009-05-11,26,2601,False,"World War II, Strategy, Action, Naval, Simulation"
1313,SiN Gold,hours-blocked,hltb ambiguous (hltb_identity_conflicting_hltb_ids),2020-03-18,26,490,False,"Action, FPS, Cult Classic, Shooter, Violent"
21970,R.U.S.E.™,hours-blocked,hltb ambiguous (hltb_identity_profile_steam_mismatch),2010-09-08,24,4548,False,"Strategy, RTS, World War II, Multiplayer, Historical"
331440,bit Dungeon II,hours-blocked,hltb ambiguous (hltb_identity_conflicting_hltb_ids),2014-12-15,23,2213,False,"RPG, Action Roguelike, Pixel Graphics, Indie, Action"
8100,Conflict: Denied Ops,hours-blocked,hltb ambiguous (hltb_identity_profile_steam_mismatch),2008-02-08,21,481,False,"Action, FPS, Singleplayer, Co-op, Shooter"
563840,LOST EMBER,hours-blocked,hltb ambiguous (hltb_identity_profile_steam_mismatch),2019-11-22,20,5178,False,"Atmospheric, Exploration, Singleplayer, Relaxing, Story Rich"
2356780,Dungeon Clawler,hours-blocked,hltb ambiguous (hltb_identity_profile_steam_mismatch),2024-11-21,20,2581,False,"Roguelike Deckbuilder, Replay Value, Arcade, Strategy, Roguelite"
18050,DeathSpank: Thongs of Virtue,hours-blocked,hltb ambiguous (hltb_identity_profile_steam_mismatch),2010-11-30,20,287,False,"Action, RPG, Indie, Action RPG, Local Co-Op"
98300,Toy Soldiers,hours-blocked,hltb ambiguous (hltb_identity_profile_steam_mismatch),2012-04-27,19,1496,False,"Strategy, Tower Defense, Action, Casual, World War I"
34600,Order of War™,hours-blocked,hltb ambiguous (hltb_identity_profile_steam_mismatch),2009-09-17,19,648,False,"Strategy, World War II, RTS, War, Singleplayer"
1880890,LOST EMBER - VR Edition,hours-blocked,hltb ambiguous (hltb_identity_conflicting_hltb_ids),2022-07-12,19,80,False,"Exploration, Walking Simulator, Female Protagonist, 3D, VR"
9180,Commander Keen,hours-blocked,hltb ambiguous (hltb_identity_not_pc),2007-08-03,18,1570,False,"Platformer, Classic, 1990's, 2D, Retro"
237550,Realms of Arkania: Blade of Destiny,hours-blocked,hltb ambiguous (hltb_identity_conflicting_hltb_ids),2013-07-29,17,458,False,"RPG, Adventure, Indie, Turn-Based, Fantasy"
32140,Midnight Mysteries,hours-blocked,hltb ambiguous (hltb_identity_profile_steam_mismatch),2009-09-28,17,174,False,"Adventure, Casual, Hidden Object, Puzzle, Point & Click"
7620,Railroad Tycoon II Platinum,hours-blocked,hltb ambiguous (hltb_identity_conflicting_hltb_ids),2007-05-03,16,1389,False,"Strategy, Management, Trains, Simulation, Economy"
2523770,The Lord of the Rings: War in the North™ - Legacy Edition,hours-blocked,hltb ambiguous (hltb_identity_profile_steam_mismatch),2026-08-10,15,1473,False,"Action, RPG, Hack and Slash, Action RPG, Adventure"
62100,Chime,hours-blocked,hltb ambiguous (hltb_identity_profile_steam_mismatch),2010-09-06,15,762,False,"Casual, Puzzle, Music, Great Soundtrack, Rhythm"
2916430,Fast Food Simulator,hours-blocked,hltb ambiguous (hltb_identity_conflicting_hltb_ids),2024-12-10,14,5773,False,"Simulation, Online Co-Op, Cooking, Multiplayer, Management"
1206620,Soul Axiom Rebooted,hours-blocked,hltb matched,2020-02-27,14,82,False,"Adventure, Indie, VR, Puzzle, Sci-fi"
1580780,NINJA GAIDEN Σ [NINJA GAIDEN: Master Collection],hours-blocked,hltb ambiguous (hltb_identity_not_exact_title),2021-06-09,13,2292,False,"Action, Violent, Gore, Hack and Slash, Ninja"
317620,Space Hulk: Ascension (Classic),hours-blocked,hltb ambiguous (hltb_identity_profile_steam_mismatch),2015-08-12,13,943,False,"Warhammer 40K, Strategy, Turn-Based Tactics, RPG, Games Workshop"
506900,Downward: Enhanced Edition,hours-blocked,hltb matched,2017-07-13,13,536,False,"Parkour, First-Person, Adventure, Indie, Open World"
496730,Sorcerer King: Rivals,hours-blocked,hltb ambiguous (hltb_identity_conflicting_hltb_ids),2016-09-22,13,409,False,"4X, Tactical RPG, Grand Strategy, Sandbox, PvE"
216930,Luxor: Amun Rising HD,hours-blocked,hltb ambiguous (hltb_identity_profile_steam_mismatch),2012-09-03,13,76,False,"Casual, Match 3, Puzzle"
246700,Strike Vector,hours-blocked,hltb ambiguous (hltb_identity_conflicting_hltb_ids),2014-01-28,11,2199,False,"Action, Multiplayer, Indie, Arena Shooter, Fast-Paced"
864060,Marble It Up! Ultra,hours-blocked,hltb ambiguous (hltb_identity_release_year_conflict),2018-11-16,11,1005,False,"3D Platformer, Fast-Paced, Physics, Arcade, Racing"
768450,NUTS,hours-blocked,hltb ambiguous (hltb_identity_conflicting_hltb_ids),2021-02-04,10,890,False,"Story Rich, Detective, Nature, Immersive Sim, Atmospheric"
343810,The Uninvited: MacVenture Series,hours-blocked,hltb matched,2015-01-26,10,78,False,"Adventure, Indie, Point & Click, Horror, Atmospheric"
1413350,Flipper Volcano,hours-blocked,hltb matched,2020-09-15,10,68,False,"Action, Casual, Pinball, 2D Platformer, 2D"
3214610,Cinderia,hours-blocked,hltb matched,2026-03-29,9,4374,False,"Action Roguelike, Hack and Slash, Roguelite, Roguelike, Action"
312650,Battlezone Gold Edition,hours-blocked,hltb ambiguous (hltb_identity_conflicting_hltb_ids),2017-05-11,9,435,False,"Action, VR, Tanks, Shooter, Multiplayer"
423710,Invasion: Brain Craving,hours-blocked,hltb ambiguous (hltb_identity_conflicting_hltb_ids),2016-06-22,9,349,False,"Indie, RPG, Adventure, Action, Strategy"
35310,Clutch,hours-blocked,hltb ambiguous (hltb_identity_conflicting_hltb_ids),2009-07-20,9,232,False,"Combat Racing, Racing, Action, Zombies, Open World"
2084300,Schism,hours-blocked,hltb matched,2025-03-07,9,112,False,"Action Roguelike, RPG, Gun Customization, Bullet Hell, Replay Value"
1372280,MELTY BLOOD: TYPE LUMINA,hours-blocked,hltb ambiguous (hltb_identity_conflicting_hltb_ids),2021-09-29,8,9602,False,"Vampires, Fighting, 2D Fighter, Anime, Pixel Graphics"
339790,rFactor,hours-blocked,hltb ambiguous (hltb_identity_conflicting_hltb_ids),2015-03-02,8,885,False,"Racing, Simulation, Sports, Moddable, Automobile Sim"
2125420,Zorbus,hours-blocked,hltb matched,2022-09-14,8,376,False,"Traditional Roguelike, Rogue-like, Dungeon Crawler, RPG, Fantasy"
335900,Angels of Fasaria: Version 2.0,hours-blocked,hltb matched,2014-12-09,8,68,False,"RPG, Adventure, Indie, Strategy, Fantasy"
2091410,March of Shrooms,hours-blocked,hltb matched,2023-11-13,8,27,False,"Strategy, RPG, Wholesome, Cute, Psychedelic"
327740,TRON 2.0,hours-blocked,hltb ambiguous (hltb_identity_conflicting_hltb_ids),2014-10-10,7,709,False,"FPS, Action, Sci-fi, First-Person, Cyberpunk"
21660,Street Fighter® IV,hours-blocked,hltb ambiguous (hltb_identity_profile_steam_mismatch),2009-07-07,7,534,False,"Fighting, Action, Arcade, Local Multiplayer, Multiplayer"
377970,Void And Meddler,hours-blocked,hltb ambiguous (hltb_identity_profile_steam_mismatch),2015-10-28,7,294,False,"Adventure, Indie, Cyberpunk, Point & Click, Female Protagonist"
12370,Jagged Alliance 2 Gold,hours-blocked,hltb ambiguous (hltb_identity_profile_steam_mismatch),2006-07-06,7,243,False,
243280,Poöf,hours-blocked,hltb ambiguous (hltb_identity_conflicting_hltb_ids),2013-11-08,7,243,False,"Indie, Action, Strategy, Platformer, Tower Defense"
1932210,Takara Cards,hours-blocked,hltb matched,2025-01-17,7,144,False,"Card Battler, Choices Matter, Rogue-lite, Roguelike Deckbuilder, Spaceships"
2369520,Hunchback's Dungeon,hours-blocked,hltb matched,2024-03-28,7,58,False,"Magic, Action Roguelike, Survival, Dark Fantasy, Bullet Hell"
2114990,Missile Command: Recharged,hours-blocked,hltb ambiguous (hltb_identity_profile_steam_mismatch),2022-11-01,7,47,False,"Action, Arcade, Shooter, 2D, Abstract"
12380,Jagged Alliance 2 Gold,hours-blocked,hltb ambiguous (hltb_identity_profile_steam_mismatch),2006-07-06,7,16,False,
978780,STORY OF SEASONS: Friends of Mineral Town,hours-blocked,hltb ambiguous (hltb_identity_conflicting_hltb_ids),2020-07-14,6,5330,False,"Farming Sim, Simulation, Casual, Dating Sim, RPG"
802880,Muv-Luv,hours-blocked,hltb ambiguous (hltb_identity_profile_steam_mismatch),2018-02-28,6,1646,False,"Visual Novel, Anime, Romance, Mechs, Story Rich"
1032790,Journey of Greed,hours-blocked,hltb matched,2019-10-23,6,1316,False,"Strategy, Indie, Card Game, Trading Card Game, Board Game"
2223700,Driftwood,hours-blocked,hltb ambiguous (hltb_identity_conflicting_hltb_ids),2025-08-01,6,1262,False,"Funny, Cartoony, Stylized, Exploration, Racing"
927270,Accounting+,hours-blocked,hltb ambiguous (hltb_identity_conflicting_hltb_ids),2018-10-18,6,955,False,"Indie, Adventure, Action, VR, Casual"
2980270,HackHub - Ultimate Hacker Simulator,hours-blocked,hltb ambiguous (hltb_identity_conflicting_hltb_ids),2026-07-31,6,877,False,"Hacking, Simulation, Typing, Crime, Puzzle"
323460,Raiden IV: OverKill,hours-blocked,hltb ambiguous (hltb_identity_profile_steam_mismatch),2015-09-01,6,584,False,"Action, Shoot 'Em Up, Arcade, Bullet Hell, 2D"
551620,Approaching Infinity,hours-blocked,hltb matched,2025-04-29,6,486,False,"Sci-fi, Exploration, Open World, Replay Value, Traditional Roguelike"
2117430,Purrrifiers: Cleaning Chaos – Cats & Goofylike Co-op,hours-blocked,hltb matched,2025-11-04,6,82,False,"Simulation, Online Co-Op, Casual, First-Person, Funny"
327650,May’s Mysteries: The Secret of Dragonville,hours-blocked,hltb ambiguous (hltb_identity_profile_steam_mismatch),2014-10-15,6,70,False,"Casual, Indie, Puzzle, Hidden Object"
362290,The Living Dungeon,hours-blocked,hltb matched,2015-11-02,6,59,False,"Strategy, Adventure, Indie, Simulation, Board Game"
296950,Subject 9,hours-blocked,hltb matched,,6,27,False,"Action, Indie, Strategy, Shooter"
2460490,Quantum: Recharged,hours-blocked,hltb ambiguous (hltb_identity_conflicting_hltb_ids),2023-08-17,6,15,False,"Action, Shooter, Arcade, 2D, Controller"
298050,Master of Orion,hours-blocked,hltb ambiguous (hltb_identity_conflicting_hltb_ids),2016-08-25,5,8173,False,"Strategy, 4X, Space, Turn-Based, Sci-fi"
2582560,EA SPORTS™ Madden NFL 25,hours-blocked,hltb ambiguous (hltb_identity_conflicting_hltb_ids),2024-08-15,5,4258,False,"Simulation, Strategy, Football (American), Sports, Competitive"
802890,Muv-Luv Alternative,hours-blocked,hltb ambiguous (hltb_identity_profile_steam_mismatch),2018-02-28,5,3142,False,"Visual Novel, Anime, Mechs, War, Sexual Content"
3119540,Scriptorium: Master of Manuscripts,hours-blocked,hltb matched,2026-04-16,5,1094,False,
2518960,Wizardry: Proving Grounds of the Mad Overlord,hours-blocked,hltb ambiguous (hltb_identity_conflicting_hltb_ids),2024-05-23,5,947,False,"Dungeon Crawler, Party-Based RPG, CRPG, Exploration, RPG"
1237730,Catlateral Damage: Remeowstered,hours-blocked,hltb ambiguous (hltb_identity_profile_steam_mismatch),2021-09-15,5,286,False,"Cats, Physics, Destruction, Relaxing, Simulation"
377950,Jamestown+,hours-blocked,hltb ambiguous (hltb_identity_profile_steam_mismatch),2019-12-12,5,250,False,"Shoot 'Em Up, Action, Indie, Retro, 4 Player Local"
1693040,Synthwave Burnout,hours-blocked,hltb matched,2025-09-19,5,247,False,"Action, Racing, Sports, Rhythm, 3D"
21640,Flock!,hours-blocked,hltb ambiguous (hltb_identity_profile_steam_mismatch),2009-04-07,5,234,False,"Strategy, Casual, Puzzle, Aliens, Cute"
1185490,Dark Quest 3,hours-blocked,hltb matched,2023-05-24,5,230,False,"Roguelike, Dungeon Crawler, Turn-Based, Tabletop, Procedural Generation"
341390,Vulture for NetHack,hours-blocked,hltb matched,2015-02-02,5,187,False,"Traditional Roguelike, RPG, Roguelike, Procedural Generation, Isometric"
466490,Princess Isabella: The Rise of an Heir,hours-blocked,hltb ambiguous (hltb_identity_profile_steam_mismatch),2016-05-12,5,184,False,"Casual, Adventure, Hidden Object, Puzzle, Point & Click"
594550,Arma: Cold War Assault Mac/Linux,hours-blocked,hltb ambiguous (hltb_identity_profile_steam_mismatch),2017-03-14,5,139,False,"Action, Simulation, Strategy, Violent, Gore"
280460,Pulstar,hours-blocked,hltb ambiguous (hltb_identity_conflicting_hltb_ids),2014-06-11,5,132,False,"Indie, Action, Shooter, Singleplayer, 2D"
442220,Iron Madness,hours-blocked,hltb ambiguous (hltb_identity_conflicting_hltb_ids),2016-03-02,5,99,False,"Racing, Action, Indie, Early Access, Casual"
305390,World War 2: Time of Wrath,hours-blocked,hltb matched,2014-06-06,5,98,False,"Strategy, Indie, World War II, Turn-Based, Turn-Based Strategy"
257770,Signal Ops,hours-blocked,hltb matched,2013-11-18,5,96,False,"FPS, Real Time Tactics, Noir, Co-op, Stealth"
2526880,Defender Bros,hours-blocked,hltb matched,2024-10-02,5,85,False,"Strategy, Tower Defense, Tactical, Funny, Military"
337110,Bard to the Future,hours-blocked,hltb matched,2015-02-27,5,73,True,"Indie, Action, Adventure, Platformer"
2527710,TEXNOPLAZM,hours-blocked,hltb matched,2025-08-04,5,73,True,
347790,Terraform,hours-blocked,hltb matched,2015-05-08,5,44,False,"Indie, Strategy, Simulation, Puzzle, Turn-Based"
431410,Mazement,hours-blocked,hltb matched,2016-03-07,5,33,False,"Indie, Action, Casual, Puzzle"
2347280,Usurper,hours-blocked,hltb ambiguous (hltb_identity_profile_steam_mismatch),2024-09-09,5,33,False,"Roguelike Deckbuilder, Chess, Turn-Based Tactics, Roguelite, Roguelike"
322520,DYNASTY WARRIORS 8 Empires,hours-blocked,hltb ambiguous (hltb_identity_conflicting_hltb_ids),2015-02-26,4,1573,False,"Action, Character Customization, Hack and Slash, Musou, Strategy"
1011390,Field of Glory: Empires,hours-blocked,hltb matched,2019-07-11,4,838,False,"Strategy, Grand Strategy, Turn-Based, Rome, Historical"
1915550,Nemesis: Lockdown,hours-blocked,hltb ambiguous (hltb_identity_conflicting_hltb_ids),2022-05-31,4,726,False,"Board Game, Multiplayer, Turn-Based Tactics, Singleplayer, Choices Matter"
289600,Marauder,hours-blocked,hltb ambiguous (hltb_identity_conflicting_hltb_ids),2014-04-04,4,723,False,"RPG, Strategy, Tactical, Survival, Post-apocalyptic"
3124230,Jackal,hours-blocked,hltb ambiguous (hltb_identity_conflicting_hltb_ids),2026-02-05,4,575,False,
2877540,Heretical,hours-blocked,hltb matched,2024-10-30,4,443,False,"Action Roguelike, Roguelite, Replay Value, Action RPG, Souls-like"
42210,Nancy Drew®: Secrets Can Kill REMASTERED,hours-blocked,hltb ambiguous (hltb_identity_conflicting_hltb_ids),2011-07-25,4,313,False,"Adventure, Point & Click, Puzzle, Detective, Female Protagonist"
3091340,Metal Thunder,hours-blocked,hltb matched,2024-11-01,4,278,False,"Vehicular Combat, Flight, Military, Top-Down Shooter, Realistic"
92900,Agricultural Simulator 2011: Extended Edition,hours-blocked,hltb ambiguous (hltb_identity_profile_steam_mismatch),2011-02-23,4,181,False,"Simulation, Farming Sim, Adventure, Agriculture, Farming"
3930510,Don't Let It Starve,hours-blocked,hltb matched,2026-06-11,4,180,False,"Strategy, Roguelike, Roguelite, Horror, Cooking"
2307170,Everwarder,hours-blocked,hltb matched,2025-02-06,4,72,False,"Tower Defense, Survival, Strategy, Roguelite, Building"
3385370,Maze Mice,hours-blocked,hltb matched,2025-07-11,4,69,False,"Bullet Heaven, Action Roguelike, Bullet Time, Time Manipulation, Arcade"
363270,O3DX,hours-blocked,hltb matched,2016-01-22,4,64,True,"Indie, Racing, Action, Offroad, Driving"
343170,Cyberpunk 3776,hours-blocked,hltb matched,2015-03-24,4,63,False,"Indie, Action, Shoot 'Em Up, Cyberpunk, Side Scroller"
555280,M.A.C.E.,hours-blocked,hltb matched,2017-03-16,4,59,False,"Indie, Action, Casual, Shoot 'Em Up, Arcade"
409360,Faron's Fate,hours-blocked,hltb matched,2015-10-15,4,41,False,"Action Roguelike, Indie, Action, RPG, Roguelike"
424320,Anomaly 1729,hours-blocked,hltb matched,2015-12-30,4,35,False,"Indie, Casual, Adventure, Puzzle"
395150,Dark Storm: VR Missions,hours-blocked,hltb matched,2015-08-19,4,24,False,"Action, Indie, Early Access, Adventure, Stealth"
2191500,Vampires: Bloodlord Rising,hours-blocked,hltb matched,2026-01-30,3,1592,False,"Vampires, Adventure, Open World, Base Building, Survival"
2776090,Lay of the Land,hours-blocked,hltb matched,2026-04-07,3,1153,False,"Adventure, Action, Voxel, Sandbox, RPG"
2918310,Mama's Sleeping Angels,hours-blocked,hltb matched,2026-03-11,3,989,False,"Horror, Multiplayer, Procedural Generation, Adventure, Exploration"
1328990,Godsworn,hours-blocked,hltb matched,2024-03-28,3,666,False,"RTS, Mythology, Co-op, Singleplayer, Action RTS"
1200330,Strategic Mind: Blitzkrieg,hours-blocked,hltb matched,2020-05-22,3,488,False,"Tactical RPG, Board Game, Turn-Based Tactics, Wargame, Military"
1759350,Space Trash Scavenger,hours-blocked,hltb matched,2024-11-14,3,470,False,"Open World Survival Craft, Automation, Survival, Crafting, Space"
347940,Forsaken Isle,hours-blocked,hltb matched,2025-07-18,3,453,False,"Survival, Adventure, Pixel Graphics, Crafting, Indie"
3548520,DOG WITCH,hours-blocked,hltb matched,2025-11-05,3,418,True,
1148560,Buccaneers!,hours-blocked,hltb ambiguous (hltb_identity_conflicting_hltb_ids),2022-03-07,3,381,False,"Pirates, Action, Naval, RPG, Open World"
451600,CounterAttack: Uprising,hours-blocked,hltb matched,2019-03-11,3,330,False,"Shoot 'Em Up, Side Scroller, Bullet Hell, 4 Player Local, Online Co-Op"
2736690,Void Sols,hours-blocked,hltb ambiguous (hltb_identity_profile_steam_mismatch),2024-11-12,3,297,False,"Exploration, Difficult, Souls-like, Action RPG, Action-Adventure"
1982120,Paper Animal Adventure,hours-blocked,hltb matched,2025-08-07,3,228,True,
1145630,BEAST: False Prophet,hours-blocked,hltb matched,2023-10-25,3,227,False,"Gothic, Historical, Perma Death, Cinematic, Horror"
4252700,Archon Soul,hours-blocked,hltb matched,2026-07-28,3,149,False,"Roguelike Deckbuilder, Dice, Card Battler, Turn-Based, Strategy"
461780,Moonstone Tavern - A Fantasy Tavern Sim!,hours-blocked,hltb matched,2016-05-13,3,138,False,"Indie, RPG, Simulation, Crafting, Sandbox"
1193590,Abomi Nation,hours-blocked,hltb matched,2021-07-28,3,138,False,"Indie, Creature Collector, RPG, Rogue-like, Turn-Based Combat"
3007660,Bella Wants Blood,hours-blocked,hltb matched,2024-07-24,3,131,False,"Tower Defense, Roguelike, Horror, Funny, Hand-drawn"
1896570,Final Stardust: Cosmic Nexus,hours-blocked,hltb matched,2024-06-24,3,113,False,"Adventure, Strategy, Creature Collector, PvE, Card Game"
2241380,Ancient Kingdoms,hours-blocked,hltb matched,2025-01-15,3,111,False,"Exploration, CRPG, Dungeon Crawler, PvE, Action RPG"
307430,Othello,hours-blocked,hltb ambiguous (hltb_identity_not_pc),2015-03-19,3,100,False,"Strategy, Casual, Indie, Board Game"
1717410,Prince of Qin,hours-blocked,hltb ambiguous (hltb_identity_profile_steam_mismatch),2021-10-26,3,90,False,"Exploration, RPG, Tactical RPG, Action, Action RPG"
2411560,Debtors' Club,hours-blocked,hltb matched,2024-08-26,3,75,False,"Minigames, Satire, Rogue-lite, Job Simulator, Resource Management"
342530,Heroes Never Lose: Professor Puzzler's Perplexing Ploy,hours-blocked,hltb matched,2015-11-23,3,73,False,"Indie, Action, Casual, Early Access, Puzzle"
31980,Nancy Drew: Ransom of the Seven Ships,hours-blocked,hltb ambiguous (hltb_identity_profile_steam_mismatch),2009-07-21,3,67,False,"Adventure, Puzzle, Point & Click, Funny, Classic"
593680,Rocking Pilot,hours-blocked,hltb matched,2017-05-15,3,64,False,"Indie, Action, Arcade, Shoot 'Em Up, Retro"
511190,Graveyard Shift,hours-blocked,hltb ambiguous (hltb_identity_conflicting_hltb_ids),2016-10-20,3,62,False,"FPS, Action, Survival Horror, Horror, Indie"
350510,HassleHeart,hours-blocked,hltb matched,,3,47,True,"Indie, 2D, Action, Singleplayer, Pixel Graphics"
416200,Door To Door,hours-blocked,hltb matched,2016-08-02,3,47,False,"Adventure, Indie, Casual, Detective, Noir"
441510,The Incredible Baron,hours-blocked,hltb matched,2016-05-27,3,44,False,"Indie, Strategy, Adventure, Pixel Graphics, Tower Defense"
555890,Burgers 2,hours-blocked,hltb matched,2017-01-13,3,35,True,"Indie, Action, RPG, Adventure, Top-Down Shooter"
589470,Myrne: The Quest,hours-blocked,hltb matched,2017-05-31,3,34,False,"Action, RPG, Indie, First-Person, Dungeon Crawler"
311490,Spirit Run - Fire vs. Ice,hours-blocked,hltb matched,2015-02-12,3,33,False,"Indie, Action, Runner, Platformer"
483260,Rover The Dragonslayer,hours-blocked,hltb matched,,3,33,True,"Action, Adventure, Indie, RPG, Hack and Slash"
611140,Dark Passenger,hours-blocked,hltb matched,2017-04-26,3,32,False,"Indie, Action, Casual, Violent, Horror"
3880700,Sokker,hours-blocked,hltb matched,2025-10-24,3,31,False,
341260,Isaac the Adventurer,hours-blocked,hltb matched,2015-03-02,3,29,False,"Indie, Action, Casual, Adventure, Platformer"
3329220,Yet Another Climbing Game,hours-blocked,hltb matched,2024-11-28,3,29,False,"Strategy, Platformer, Psychological, Perma Death, Precision Platformer"
282740,Organic Panic,hours-blocked,hltb matched,2014-05-14,3,27,True,"Action, Casual, Indie, Physics"
3072480,Buffet Knight - Decadent Full Course,hours-blocked,hltb matched,2025-03-06,3,24,False,"Nostalgia, Adventure, Action-Adventure, Multiple Endings, JRPG"
545660,Roofbot,hours-blocked,hltb matched,2017-02-17,3,20,True,"Indie, Casual, Adventure, Puzzle, Relaxing"
2464680,Necrodome,hours-blocked,hltb matched,2023-06-28,3,20,False,"Arena Shooter, Combat Racing, 3D, Old School, Racing"
428920,WinKings,hours-blocked,hltb matched,2016-10-28,3,18,False,"Action, Platformer, Local Multiplayer, Co-op, Indie"
2702090,Star Command (1988),hours-blocked,hltb ambiguous (hltb_identity_conflicting_hltb_ids),2023-12-19,3,6,False,"RPG, Party-Based RPG, Space, Exploration, Turn-Based Tactics"
998400,Trans-Siberian Railway Simulator,hours-blocked,hltb matched,2024-05-30,2,1415,False,"Trains, Simulation, Driving, Survival, First-Person"
2678830,Halcyon Days at Taoyuan,hours-blocked,hltb matched,2026-01-19,2,1320,False,"Simulation, Farming Sim, Exploration, Pixel Graphics, Creature Collector"
3646460,Devil Spire Falls,hours-blocked,hltb matched,2025-07-06,2,1008,False,"Action RPG, Procedural Generation, Open World, Immersive Sim, Dungeon Crawler"
1521970,Goblin Stone,hours-blocked,hltb matched,2024-03-12,2,753,False,"Singleplayer, Base Building, Roguelike, Cute, Dungeon Crawler"
32620,Delta Force 1,hours-blocked,hltb ambiguous (hltb_identity_profile_steam_mismatch),2009-06-18,2,640,False,"Action, FPS, Military, Classic, Shooter"
1348390,I am an Air Traffic Controller 4,hours-blocked,hltb matched,2020-10-15,2,516,False,"Flight, Simulation, Strategy, Real Time Tactics, RTS"
1837480,Vietnam War,hours-blocked,hltb matched,2025-04-25,2,490,False,"Open World, FPS, Singleplayer, Vehicular Combat, Historical"
2514460,GUARDS!,hours-blocked,hltb ambiguous (hltb_identity_conflicting_hltb_ids),2024-03-01,2,461,False,"Online Co-Op, Co-op, First-Person, Fantasy, PvE"
364300,Space Rogue,hours-blocked,hltb ambiguous (hltb_identity_conflicting_hltb_ids),2016-09-15,2,448,False,"Space, Strategy, Survival, Indie, Sandbox"
4163030,Cat Chess,hours-blocked,hltb matched,2026-07-13,2,434,False,"Cats, Cute, Chess, Strategy, Tabletop"
2230070,House of Lizards,hours-blocked,hltb matched,2023-12-15,2,424,False,"Simulation, Horror, Psychological Horror, Wargame, Adventure"
2847740,Super Drift Blade,hours-blocked,hltb matched,2025-08-12,2,402,True,
1556490,Retreat To Enen,hours-blocked,hltb matched,2022-08-01,2,384,False,"Exploration, Survival, Relaxing, Sandbox, Fishing"
1167100,Mind,hours-blocked,hltb matched,2022-04-25,2,372,False,"Singleplayer, Procedural Generation, RPG, Character Customization, Artificial Intelligence"
1380650,Draft of Darkness,hours-blocked,hltb matched,2023-08-23,2,309,False,"Roguelike Deckbuilder, Survival Horror, Dungeon Crawler, Card Battler, Perma Death"
3962020,EXD - Extra Dimensional,hours-blocked,hltb matched,2026-04-15,2,304,False,"Action-Adventure, RPG, VR, Hack and Slash, Action"
287220,Autocraft,hours-blocked,hltb ambiguous (hltb_identity_conflicting_hltb_ids),2017-09-20,2,294,False,"Sandbox, Simulation, Building, Indie, Physics"
1724030,Eyes of Hellfire,hours-blocked,hltb matched,2025-08-27,2,266,True,
3375890,Ogre Chambers 2222,hours-blocked,hltb matched,2026-06-08,2,265,False,
1905980,Farmer's Father: Save the Innocence,hours-blocked,hltb matched,2024-03-25,2,242,True,"Immersive Sim, Realistic, Farming Sim, Exploration, Sandbox"
958320,A Front Too Far: Normandy,hours-blocked,hltb matched,2018-12-20,2,207,False,"Action, Adventure, Indie, RPG, Strategy"
12460,BC Kings,hours-blocked,hltb matched,2009-06-16,2,203,False,"Strategy, RTS, Multiplayer"
1146170,KingSim,hours-blocked,hltb matched,2020-05-28,2,200,False,"Strategy RPG, Choose Your Own Adventure, Management, Medieval, Simulation"
288860,Realms of Arkania: Star Trail,hours-blocked,hltb ambiguous (hltb_identity_conflicting_hltb_ids),2017-08-10,2,187,False,"RPG, Adventure, Indie, Remake, Turn-Based"
2973830,Crime Shop Simulator: A Prison Boss Game,hours-blocked,hltb matched,2025-07-10,2,187,True,
2764750,The Other Side,hours-blocked,hltb ambiguous (hltb_identity_release_year_conflict),2025-03-07,2,182,False,"Action, Action-Adventure, Horror, FPS, 3D"
371190,Making History: The Calm and the Storm Gold Edition,hours-blocked,hltb ambiguous (hltb_identity_profile_steam_mismatch),2015-05-19,2,176,False,"Strategy, Simulation, World War II, Grand Strategy, Historical"
1584680,Medieval Machines Builder,hours-blocked,hltb matched,2026-04-20,2,138,False,"Early Access, Simulation, Destruction, Medieval, 3D"
3001330,Forest Heroes,hours-blocked,hltb matched,2025-07-17,2,131,False,"Strategy, Tower Defense, Roguelike Deckbuilder, Singleplayer, Card Battler"
2850490,Axyz,hours-blocked,hltb matched,2025-03-27,2,130,True,"Puzzle-Platformer, Puzzle, Singleplayer, Indie, 3D Platformer"
1057600,Booze Masters: Freezing Moonshine,hours-blocked,hltb matched,2023-12-13,2,118,True,"Dark Humor, Funny, Exploration, Memes, Casual"
720470,Caveman Alive,hours-blocked,hltb matched,2017-10-07,2,108,False,"Adventure, Indie, Casual, Simulation"
1284080,Legion Gold,hours-blocked,hltb ambiguous (hltb_identity_conflicting_hltb_ids),2020-07-09,2,104,False,"Strategy, Building, RTS, 2D, 4X"
3357380,NEDRA,hours-blocked,hltb matched,2025-06-23,2,103,True,
464440,Annie Amber,hours-blocked,hltb matched,2016-06-17,2,99,False,"Casual, Indie, Adventure, VR, Walking Simulator"
672460,Genetic Disaster,hours-blocked,hltb matched,2017-12-18,2,99,False,"Indie, Action Roguelike, Action, Co-op, Roguelike"
357890,Vortex Attack: ボルテックスアタック,hours-blocked,hltb matched,2015-05-27,2,98,False,"Shoot 'Em Up, Bullet Hell, Casual, Difficult, Shooter"
760350,Star Sweet,hours-blocked,hltb matched,2017-12-11,2,97,False,"Casual, Indie, Match 3"
1050510,Super Tennis Blast,hours-blocked,hltb matched,2019-05-24,2,88,False,"Sports, Indie, Casual, Tennis, Local Multiplayer"
2172580,Spirit Mancer,hours-blocked,hltb matched,2024-11-22,2,82,True,"Side Scroller, Hack and Slash, 2D, Action-Adventure, Deckbuilding"
394030,Trigonarium,hours-blocked,hltb matched,2015-08-31,2,78,True,"Local Co-Op, Co-op Campaign, Twin Stick Shooter, Colorful, Top-Down Shooter"
2778760,Neoproxima,hours-blocked,hltb matched,2024-03-25,2,73,False,"Narrative, Sci-fi, Point & Click, Mystery, Story Rich"
2329910,SCP Operations,hours-blocked,hltb matched,2024-05-14,2,69,False,"RPG, Tactical RPG, Action RPG, Party-Based RPG, Strategy RPG"
2059570,Forgotlings,hours-blocked,hltb matched,2026-02-17,2,68,False,
458510,Zombie Pinball,hours-blocked,hltb matched,2016-06-21,2,67,False,"Casual, Pinball, Arcade, Zombies, Horror"
623930,Solaria Moon,hours-blocked,hltb matched,2017-09-06,2,67,False,"Adventure, Indie, Female Protagonist, Puzzle"
2993970,Goblin Auto Club Manager,hours-blocked,hltb matched,2024-07-25,2,64,False,"Simulation, Management, Strategy, Racing, Retro"
1487560,StarCrawlers Chimera,hours-blocked,hltb matched,2024-05-13,2,63,False,"RPG, Cyberpunk, First-Person, Dungeon Crawler, CRPG"
3400380,Look Mum No Computer,hours-blocked,hltb matched,2025-07-24,2,62,False,
795570,Odium to the Core,hours-blocked,hltb matched,2018-05-11,2,60,False,"Indie, Action, 2D, Stylized, Singleplayer"
302320,Storm over the Pacific,hours-blocked,hltb matched,2014-06-13,2,57,False,"Strategy, Simulation, World War II, Turn-Based Strategy, Wargame"
897160,Snap & Grab,hours-blocked,hltb matched,2026-04-23,2,56,False,"Comedy, Puzzle, Heist, Female Protagonist, 1980s"
434750,Z-Exemplar,hours-blocked,hltb matched,2016-11-25,2,53,False,"Action, Indie, Shoot 'Em Up, Retro, Pixel Graphics"
408750,Starsphere,hours-blocked,hltb matched,2015-10-26,2,49,False,"Indie, Casual, Platformer"
350880,Archamon,hours-blocked,hltb matched,2017-11-24,2,48,False,"Strategy, Indie, City Builder"
445840,Undead vs Plants,hours-blocked,hltb matched,2016-02-25,2,48,False,"Casual, Indie, Action, Adventure, Psychological Horror"
504410,Escape from Pleasure Planet,hours-blocked,hltb matched,2016-12-15,2,48,False,"Adventure, LGBTQ+, Nudity, Point & Click"
311170,Moonlight Minions,hours-blocked,hltb matched,2014-10-22,2,47,False,"Indie, Casual, Tower Defense"
566270,Child Of Ault,hours-blocked,hltb matched,2017-01-24,2,47,False,"Action, Adventure, VR, Casual, Sports"
381130,Karma,hours-blocked,hltb ambiguous (hltb_identity_conflicting_hltb_ids),2015-07-14,2,46,False,"Indie, Simulation, Strategy"
396260,World's Fastest Pizza,hours-blocked,hltb matched,2016-03-15,2,46,True,"Indie, Action, Simulation, Comedy, Great Soundtrack"
574690,Triangle,hours-blocked,hltb ambiguous (hltb_identity_profile_steam_mismatch),2017-01-31,2,45,False,"Adventure, RPG, Indie, JRPG, Party-Based RPG"
534570,Survival Kingdom,hours-blocked,hltb matched,2016-10-13,2,44,False,"Indie, Strategy, Pixel Graphics"
467330,Just a Cleric,hours-blocked,hltb matched,2016-05-19,2,43,True,"RPG, Indie, Action, Pixel Graphics, Difficult"
1766200,Apocalich,hours-blocked,hltb matched,2021-10-07,2,40,False,"RPG, Action, Adventure, Action RPG, Action-Adventure"
1822230,Kokoro Clover Season1,hours-blocked,hltb matched,2022-08-03,2,40,False,"Adventure, Pixel Graphics, Anime, Visual Novel, Action"
488460,Zeus Quest Remastered,hours-blocked,hltb matched,2016-06-27,2,37,False,"Adventure, Indie, Point & Click"
375550,DungeonRift,hours-blocked,hltb matched,2015-07-01,2,36,True,"Early Access, RPG, Indie, Casual, Action"
366350,ROGUS - Kingdom of The Lost Souls,hours-blocked,hltb matched,2015-06-30,2,35,False,Indie
524430,Skool Daze Reskooled,hours-blocked,hltb matched,2018-06-07,2,34,False,"Indie, Action, Casual, Adventure, 1980s"
516410,Football Blitz,hours-blocked,hltb matched,2017-01-04,2,33,False,"Casual, Indie, Action, Sports"
573720,Viking Saga: Epic Adventure,hours-blocked,hltb matched,2017-12-07,2,33,True,"Casual, Adventure, Simulation, Strategy, Vikings"
734700,The Lost Gardens,hours-blocked,hltb matched,2017-10-31,2,33,False,"Action, Adventure, Indie, Early Access, Puzzle"
19080,Biozone,hours-blocked,hltb matched,2010-05-07,2,30,False,"Action, Casual, Adventure"
342240,SCHAR: Blue Shield Alliance,hours-blocked,hltb matched,2015-03-03,2,30,False,"Action, Indie, Local Co-Op, Twin Stick Shooter, Space"
680930,Fairy Lands: Rinka and the Fairy Gems,hours-blocked,hltb matched,2017-08-25,2,30,False,"Indie, Casual, Puzzle, 2D, Action"
521990,Galactic Storm,hours-blocked,hltb ambiguous (hltb_identity_conflicting_hltb_ids),2016-09-16,2,29,False,"Indie, Action, Shoot 'Em Up"
412860,Zombie Office Politics,hours-blocked,hltb matched,,2,27,True,"Indie, RPG, Zombies, Funny, Story Rich"
609100,Gold Rush! 2,hours-blocked,hltb matched,2017-04-28,2,27,False,"Adventure, Strategy, Point & Click, Action, Casual"
1229250,Uniseas,hours-blocked,hltb matched,2020-02-23,2,27,False,"Indie, Strategy, Simulation, RTS, Pirates"
598500,Startide,hours-blocked,hltb matched,2017-09-08,2,26,True,"Action, Indie, Shoot 'Em Up, Shooter, Top-Down Shooter"
768310,Er-Spectro,hours-blocked,hltb matched,2017-12-28,2,25,False,"Indie, Action, 2D, Arcade, Shoot 'Em Up"
547730,Izanami's Dream Battle,hours-blocked,hltb matched,2016-10-30,2,23,True,"Action, Bullet Hell, Anime, Indie, Casual"
2476490,Isekai Rondo,hours-blocked,hltb matched,2023-09-14,2,23,False,"RPG, JRPG, Fantasy, Anime, Pixel Graphics"
380210,Signal to Noise (2015),hours-blocked,hltb matched,2015-11-20,2,22,False,"Indie, Action, Music, Arcade"
242610,Grappledrome,hours-blocked,hltb matched,2017-02-13,2,20,False,"Indie, Action, Early Access, FPS"
562090,Kronos,hours-blocked,hltb matched,2017-02-03,2,20,False,"RPG, Indie, Action"
761100,Jump! Jump! Jump!,hours-blocked,hltb matched,2017-12-28,2,19,False,"Indie, Casual, Action, Runner, 2D"
517230,Spinning Maze,hours-blocked,hltb matched,2016-10-17,2,17,True,"Casual, Puzzle"
323020,Destructamundo,hours-blocked,hltb matched,2015-01-28,2,15,False,"Indie, Casual"
1135150,Zoo Packs,hours-blocked,hltb ambiguous (hltb_identity_release_year_conflict),2020-01-17,2,15,False,"Indie, Action, Strategy, Cute, Turn-Based"
512610,Gochi-Show! for Girls -How To Learn Japanese Cooking Game-,hours-blocked,hltb matched,2016-09-07,2,14,True,"Adventure, Otome, Visual Novel, Cooking, Anime"
1723680,LOFI Katana,hours-blocked,hltb matched,2023-12-01,2,11,False,"VR, Rhythm, Swordplay, Music-Based Procedural Generation, Procedural Generation"
846210,Sea Explorer,hours-blocked,hltb matched,2018-05-29,2,10,True,"RPG, Indie, Adventure"
514200,Mythic Victory Arena,hours-blocked,hltb matched,2016-10-03,2,7,False,"Casual, RPG, Strategy, Early Access"
665180,Dark Elf,hours-blocked,hltb ambiguous (hltb_identity_profile_steam_mismatch),2017-08-02,1,4875,False,"Sexual Content, Nudity, Anime, RPG, Female Protagonist"
2201710,Three Kingdoms Zhao Yun,hours-blocked,hltb matched,2024-01-17,1,4328,False,"Action RPG, Drama, Hack and Slash, Historical, Martial Arts"
508190,Dragon Knight,hours-blocked,hltb ambiguous (hltb_identity_conflicting_hltb_ids),2018-02-09,1,2592,False,"Hentai, Sexual Content, Nudity, Anime, Action"
2834910,Rocksmith+,hours-blocked,hltb ambiguous (hltb_identity_conflicting_hltb_ids),2024-06-06,1,2098,False,"Music, Education, Simulation, Rhythm, Software"
1536070,Sword and Fairy 3,hours-blocked,hltb ambiguous (hltb_identity_profile_steam_mismatch),2021-04-14,1,1808,False,"RPG, Story Rich, Multiple Endings, Singleplayer, 3D"
3587140,Ark Re:Code,hours-blocked,hltb matched,2025-08-26,1,1684,False,"Sexual Content, Free to Play, Nudity, Hentai, Anime"
2305640,Bladesong,hours-blocked,hltb matched,2026-01-22,1,1605,False,"Early Access, Shop Keeper, Crafting, Medieval, RPG"
883860,Cadria Item Shop,hours-blocked,hltb needs_review (hltb_no_duration_conflict),2018-08-23,1,1554,False,"Time Management, Idler, Shop Keeper, City Builder, Building"
2957700,Sensei! I Like You So Much!,hours-blocked,hltb matched,2025-08-05,1,1508,False,"Early Access, Character Customization, Simulation, Life Sim, Immersive Sim"
3446920,Mecharashi,hours-blocked,hltb ambiguous (hltb_identity_not_pc),2025-07-30,1,1493,False,"Strategy, Mechs, Turn-Based Strategy, Turn-Based Tactics, Tactical RPG"
3906660,Sacred 2 Remaster,hours-blocked,hltb ambiguous (hltb_identity_profile_steam_mismatch),2025-11-11,1,1331,False,"Adventure, RPG, Action RPG, Hack and Slash, Third Person"
3649580,FrostBound,hours-blocked,hltb matched,2025-11-26,1,1271,True,
1315180,Spark in the Dark,hours-blocked,hltb matched,2026-04-07,1,1223,False,"Early Access, Dungeon Crawler, Dark Fantasy, Adventure, RPG"
3861430,Bongo Waifu,hours-blocked,hltb matched,2026-04-27,1,1079,True,
439940,Lucid9: Inciting Incident,hours-blocked,hltb matched,2016-04-14,1,1035,False,"Free to Play, Visual Novel, Anime, Mystery, Story Rich"
767320,Granblue Fantasy,hours-blocked,hltb ambiguous (hltb_identity_release_year_conflict),2026-03-10,1,921,False,"RPG, JRPG, Party-Based RPG, Online Co-Op, 2D Platformer"
2620730,DEVIATOR,hours-blocked,hltb matched,2024-08-01,1,917,False,"Action, Metroidvania, Souls-like, 2D Platformer, Platformer"
1184790,SCP: Fragmented Minds,hours-blocked,hltb matched,2025-01-27,1,842,False,"Horror, FPS, Combat, Psychological Horror, Survival Horror"
610960,红石遗迹 - Red Obsidian Remnant,hours-blocked,hltb matched,2017-09-04,1,832,False,"Action Roguelike, Action, Indie, RPG, Rogue-like"
4833450,Money for Girls: Amortized,hours-blocked,hltb matched,2026-08-24,1,815,False,"Visual Novel, Horror, LGBTQ+, Romance, Dating Sim"
3043710,Diplomacy is Not an Option: Shareware,hours-blocked,hltb matched,2025-04-30,1,806,True,
421660,Harmonia,hours-blocked,hltb ambiguous (hltb_identity_profile_steam_mismatch),2016-09-22,1,741,False,"Adventure, Visual Novel, Casual, Anime, Simulation"
907090,Cursed Armor,hours-blocked,hltb matched,2018-11-14,1,684,False,"Sexual Content, RPG, Adventure, Nudity, Casual"
2652600,SealChain: Call of Blood,hours-blocked,hltb matched,2026-02-20,1,613,True,
650670,Grimoire : Heralds of the Winged Exemplar (V2),hours-blocked,hltb matched,2017-08-04,1,612,False,"RPG, Dungeon Crawler, Memes, Party-Based RPG, Indie"
3116700,Reap and Rush,hours-blocked,hltb ambiguous (hltb_identity_conflicting_hltb_ids),2026-07-20,1,593,False,"Action, Action-Adventure, Action Roguelike, Top-Down, Anime"
3468330,Fish Hunters: Most Lethal Fishing Simulator 🐟,hours-blocked,hltb matched,2026-01-30,1,592,False,"Multiplayer, Fishing, Online Co-Op, Co-op, Physics"
1540570,Fractal Block World,hours-blocked,hltb matched,2021-10-18,1,570,False,"Exploration, Open World, Surreal, FPS, Voxel"
2480200,Sex of Thrones 👑,hours-blocked,hltb matched,2024-05-25,1,545,False,
2163060,Summer Crush,hours-blocked,hltb matched,2022-11-25,1,523,True,
2494450,The Last Soldier of the Ming Dynasty,hours-blocked,hltb matched,2023-12-06,1,518,False,"Action, Hack and Slash, Martial Arts, Action RPG, Action-Adventure"
2776500,Time Treker,hours-blocked,hltb matched,2024-11-12,1,485,False,"Rogue-lite, Rogue-like, Time Travel, Bullet Hell, Gun Customization"
3634590,Coloring Voxels,hours-blocked,hltb matched,2025-08-15,1,460,False,"Free to Play, Casual, Indie, Voxel, 3D"
2660230,Kill The Shadow,hours-blocked,hltb matched,2026-08-03,1,373,False,"Adventure, Story Rich, Dialogue Heavy, RPG, 3D"
2168450,DREAMWILD,hours-blocked,hltb matched,2022-10-31,1,365,False,"Action, FPS, Shooter, Stylized, Psychedelic"
1343620,Nemesis: Distress,hours-blocked,hltb ambiguous (hltb_identity_conflicting_hltb_ids),2022-06-15,1,354,False,"Survival Horror, FPS, Shooter, First-Person, Strategy"
3509430,Replicat,hours-blocked,hltb matched,2025-11-18,1,336,True,
306630,Civil War II,hours-blocked,hltb matched,2014-07-03,1,334,False,"Strategy, Simulation, Historical, Turn-Based Strategy, Grand Strategy"
1087270,Franchise Hockey Manager 6,hours-blocked,hltb matched,2019-10-11,1,331,False,"Sports, Indie, Strategy, Simulation, Management"
37700,Darkest of Days,hours-blocked,hltb ambiguous (hltb_identity_profile_steam_mismatch),2010-02-08,1,327,False,"Action, FPS, Time Travel, Historical, World War I"
3765010,Forensics: Crime Scene Detective,hours-blocked,hltb matched,2026-07-13,1,316,False,"Simulation, Investigation, Crime, Choices Matter, Immersive Sim"
384080,Industry Manager: Future Technologies,hours-blocked,hltb matched,2016-10-06,1,310,False,"Simulation, Management, Economy, Realistic, Open World"
3415570,Die For The Lich,hours-blocked,hltb matched,2025-11-10,1,299,True,
704640,Evolution of Ages: Settlements,hours-blocked,hltb matched,2018-08-03,1,287,False,"Indie, Strategy, Simulation, RPG, Management"
2390480,Beach Invasion 1945 - Pacific,hours-blocked,hltb matched,2023-12-19,1,273,False,"Shooter, World War II, On-Rails Shooter, Tower Defense, Arcade"
2694020,Starbreed,hours-blocked,hltb matched,2026-07-30,1,272,False,
3024640,None Shall Intrude: Descent,hours-blocked,hltb ambiguous (hltb_identity_conflicting_hltb_ids),2024-09-27,1,270,False,"Strategy, Dragons, Card Battler, Roguelite, Card Game"
1733110,Of Life and Land,hours-blocked,hltb matched,2025-05-16,1,263,False,"Strategy, City Builder, Simulation, Base Building, Colony Sim"
2417940,Hero Emblems II,hours-blocked,hltb matched,2024-08-05,1,245,False,"JRPG, Match 3, Turn-Based Combat, 2.5D, Indie"
445020,Frozen Synapse 2,hours-blocked,hltb matched,2018-09-13,1,238,False,"Strategy, Indie, Turn-Based Tactics, Turn-Based, Singleplayer"
1044340,The 7th Guest: 25th Anniversary Edition,hours-blocked,hltb ambiguous (hltb_identity_profile_steam_mismatch),2019-04-02,1,238,False,"Adventure, FMV, Horror, Puzzle, Point & Click"
4158870,Japanese Rural Life Adventure,hours-blocked,hltb matched,2026-03-03,1,236,False,"Life Sim, Simulation, Farming Sim, Pixel Graphics, City Builder"
366290,Carp Fishing Simulator,hours-blocked,hltb matched,2021-10-14,1,235,False,"Simulation, Sports, Fishing, Relaxing, Multiplayer"
2147530,Raining Blood: Hellfire,hours-blocked,hltb matched,2025-07-11,1,233,False,"Early Access, Bullet Hell, Survival, Zombies, Top-Down Shooter"
2116920,Runic Survivor,hours-blocked,hltb matched,2023-12-31,1,231,False,"Action, Casual, Strategy, Action Roguelike, Action RPG"
2484580,Mushroom Musume,hours-blocked,hltb matched,2025-06-20,1,230,True,
1459500,Atlas Architect,hours-blocked,hltb matched,2021-04-26,1,219,False,"Casual, Building, Procedural Generation, Exploration, Sandbox"
457580,The Visitor,hours-blocked,hltb ambiguous (hltb_identity_conflicting_hltb_ids),2016-03-30,1,207,False,"Indie, Casual, VR, Horror"
4508570,Veritas Tales: Witch of the Dark Castle,hours-blocked,hltb matched,2026-07-07,1,202,False,"Choose Your Own Adventure, Interactive Fiction, RPG, Hand-drawn, Story Rich"
631540,Community Inc,hours-blocked,hltb matched,2017-08-03,1,195,False,"Simulation, Indie, Strategy, City Builder, Management"
2858150,Airships: Lost Flotilla,hours-blocked,hltb matched,2025-01-23,1,194,False,"Arcade, Roguelike, Singleplayer, Action Roguelike, Bullet Hell"
2149630,1 Trait Escape,hours-blocked,hltb matched,2024-12-07,1,179,False,"Action, Action Roguelike, Adventure, Third Person, Singleplayer"
254760,Empire Earth: Gold Edition,hours-blocked,hltb ambiguous (hltb_identity_not_exact_title),2026-05-25,1,178,False,"Strategy, RTS, Wargame, Top-Down, Combat"
749850,DragonFangZ - The Rose & Dungeon of Time,hours-blocked,hltb matched,2018-02-27,1,178,False,"RPG, Indie, Strategy, Rogue-like, Mystery Dungeon"
575570,ICED,hours-blocked,hltb matched,2017-05-15,1,176,False,"Simulation, Adventure, Indie, Action, Survival"
3600990,Sinker sound,hours-blocked,hltb matched,2026-03-14,1,175,False,"Fishing, Rhythm, Cute, Music, Difficult"
2749380,Lust Theory Season 3,hours-blocked,hltb matched,2025-12-19,1,173,True,
3629400,Loophole,hours-blocked,hltb matched,2025-07-14,1,167,False,
457600,Emerge: Cities of the Apocalypse,hours-blocked,hltb matched,2016-04-27,1,161,False,"Zombies, Tower Defense, Turn-Based Strategy, Trading Card Game"
1457550,Melody/心跳旋律,hours-blocked,hltb matched,2020-12-18,1,160,False,"Music, Rhythm, Casual, Anime, 2D"
339570,Enemy,hours-blocked,hltb matched,2015-03-17,1,159,False,"Strategy, RPG, Indie, Turn-Based Tactics, Roguelike"
844420,Demon's Rise - Lords of Chaos,hours-blocked,hltb matched,2018-04-24,1,156,False,"RPG, Strategy, Indie, Action, Gore"
3565080,Cyber Rats,hours-blocked,hltb matched,2025-10-27,1,152,False,"Action, Procedural Generation, Singleplayer, Gore, Indie"
911510,Paws and Soul,hours-blocked,hltb matched,2020-07-16,1,151,False,"Adventure, Indie, Singleplayer, Atmospheric, Story Rich"
1063030,Monaco 2,hours-blocked,hltb matched,2025-04-10,1,149,False,"Co-op, Heist, Indie, Arcade, Top-Down"
1266610,ZOE Begone!,hours-blocked,hltb matched,2025-09-17,1,147,False,"Shoot 'Em Up, Bullet Hell, Stylized, Arcade, Action"
2624740,Sex Lens: A Porn Story 🍓🎥,hours-blocked,hltb matched,2023-11-04,1,146,True,
579120,Unlucky Seven,hours-blocked,hltb matched,2024-02-06,1,145,False,"Indie, Story Rich, Pixel Graphics, Choices Matter, Singleplayer"
858100,Grimshade,hours-blocked,hltb matched,2019-03-26,1,142,False,"RPG, Adventure, Indie, Strategy, Turn-Based Combat"
1417720,Gemini,hours-blocked,hltb matched,2020-09-23,1,142,False,"Action, Casual, Roguelite, Tower Defense, 2D"
3530820,Puzzling Places - 3D Jigsaw Sim,hours-blocked,hltb ambiguous (hltb_identity_conflicting_hltb_ids),2026-04-08,1,141,False,"Puzzle, Relaxing, VR, Realistic, Wholesome"
585290,Lifeline,hours-blocked,hltb ambiguous (hltb_identity_not_pc),2017-03-17,1,137,False,"Interactive Fiction, Adventure, Indie, Strategy, Text-Based"
1552500,Slimekeep,hours-blocked,hltb matched,2025-04-07,1,137,False,"Action Roguelike, Rogue-like, Twin Stick Shooter, Nonlinear, Perma Death"
313660,Alea Jacta Est,hours-blocked,hltb matched,2014-11-04,1,131,False,"Strategy, Simulation, Rome, Grand Strategy, Historical"
2827750,Fatal Claw,hours-blocked,hltb matched,2025-11-18,1,130,False,"Metroidvania, Souls-like, Difficult, 2D Platformer, Exploration"
314220,Bombing Bastards,hours-blocked,hltb matched,2014-12-04,1,123,False,"Action, Indie, Arcade, Local Multiplayer"
2575370,Wildwood Down,hours-blocked,hltb matched,2025-08-07,1,123,True,
1708950,Battle Train,hours-blocked,hltb matched,2025-06-17,1,122,True,
1293540,Outerverse,hours-blocked,hltb matched,2022-08-29,1,121,False,"Voxel, RPG, Action, Singleplayer, First-Person"
316240,Professional Lumberjack 2015,hours-blocked,hltb matched,2015-03-05,1,120,False,"Simulation, Singleplayer"
3721490,Yollen,hours-blocked,hltb matched,2025-08-18,1,119,False,"Action, Adventure, RPG, Casual, Action RPG"
776190,Galactic Battles,hours-blocked,hltb matched,2018-01-31,1,118,False,"Action, Indie, Adventure, Retro, Shoot 'Em Up"
2225480,REMORE: INFESTED KINGDOM,hours-blocked,hltb matched,2023-10-30,1,118,False,"Tactical RPG, Strategy RPG, Turn-Based Strategy, Pixel Graphics, Post-apocalyptic"
109700,Achron,hours-blocked,hltb matched,2011-08-29,1,113,False,"Strategy, Indie, Time Travel, RTS, Multiplayer"
883880,Faraway: Puzzle Escape,hours-blocked,hltb ambiguous (hltb_identity_release_year_conflict),2021-03-05,1,113,False,"Adventure, Puzzle, First-Person, Mystery, Casual"
1789370,Girl Genius: Adventures In Castle Heterodyne,hours-blocked,hltb matched,2023-09-05,1,112,False,"Action-Adventure, Female Protagonist, Action, Exploration, Steampunk"
1088400,DungeonMaze,hours-blocked,hltb matched,,1,111,False,"Strategy, Indie, RPG, Pixel Graphics, Rogue-like"
843900,Demon's Rise - War for the Deep,hours-blocked,hltb matched,2018-04-29,1,109,False,"RPG, Strategy, Indie, Gore, Violent"
1493060,Immortal Legacy: The Jade Cipher[VR],hours-blocked,hltb matched,2021-03-18,1,106,False,"Action, Adventure, VR, Horror, First-Person"
2333930,Kitchen Sync: Aloha!,hours-blocked,hltb matched,2025-04-07,1,106,False,"Time Management, Visual Novel, Crafting, Romance, Management"
2383820,Super 10 Pin,hours-blocked,hltb matched,2025-07-18,1,103,False,"Singleplayer, Bowling, Retro, Simulation, Arcade"
656740,Cosmonator,hours-blocked,hltb matched,2019-01-21,1,102,False,"Action, Indie, RPG, Shoot 'Em Up, Top-Down Shooter"
377980,Mortos,hours-blocked,hltb matched,2016-11-14,1,101,False,"Violent, Action, Indie, Casual, Zombies"
1342740,Moose Life,hours-blocked,hltb matched,2020-08-13,1,101,False,"Shoot 'Em Up, Action, Arcade, Psychedelic, Colorful"
734980,Prosperity,hours-blocked,hltb matched,2018-05-28,1,100,True,"Indie, Strategy, Simulation, Casual, Early Access"
4294860,Loot Frog,hours-blocked,hltb matched,2026-08-24,1,98,True,
2290010,Beyond the Wall,hours-blocked,hltb ambiguous (hltb_identity_conflicting_hltb_ids),2023-03-21,1,93,False,"Adventure, Point & Click, 2D, Cartoon, Cute"
728990,Pixel Car,hours-blocked,hltb matched,2017-10-31,1,90,False,"Indie, Casual, Racing"
2294640,Letifer,hours-blocked,hltb matched,2026-01-13,1,90,False,"Early Access, Action Roguelike, Arena Shooter, Bullet Hell, Twin Stick Shooter"
382070,Neoncube,hours-blocked,hltb matched,2015-10-02,1,89,True,"Adventure, Indie, Colorful, Level Editor, 2D"
4618590,The Silver Crow,hours-blocked,hltb matched,2026-07-30,1,89,True,
3459420,Y2ROLL,hours-blocked,hltb matched,2025-07-18,1,88,False,"Precision Platformer, Action, Arcade, 3D, Controller"
2452900,TerraForge,hours-blocked,hltb matched,2025-11-20,1,87,False,"Mining, Relaxing, Time Management, Cozy, Simulation"
2563920,Otokonoko Fishing,hours-blocked,hltb matched,2024-07-12,1,83,False,"Action, Adventure, Beat 'em up, Dating Sim, 3D Platformer"
2304240,Moving Through Life,hours-blocked,hltb matched,2023-08-15,1,79,False,"Cozy, Relaxing, Design & Illustration, Cute, Casual"
1871000,Furry Futanari: 3 in 1 ⚧🏳️‍🌈,hours-blocked,hltb matched,2022-03-03,1,77,True,
2511210,Gunboat God,hours-blocked,hltb matched,2026-04-13,1,77,False,
4180990,Jenny the Witch,hours-blocked,hltb matched,2026-07-22,1,77,False,"Hack and Slash, Spectacle fighter, Third-Person Shooter, Cyberpunk, Action"
508410,SKIPCHASER,hours-blocked,hltb matched,2018-06-04,1,75,False,"Indie, RPG, Action, Action Roguelike, Twin Stick Shooter"
678760,Simon the Sorcerer - Mucusade: 25th Anniversary Edition,hours-blocked,hltb ambiguous (hltb_identity_not_exact_title),2018-04-03,1,71,False,"Adventure, Retro, Point & Click, 2D, 1990's"
763090,Aqua Fish,hours-blocked,hltb matched,2017-12-28,1,70,False,"Action, Casual, Indie, Strategy, Puzzle"
451660,Trucker,hours-blocked,hltb matched,2016-10-21,1,69,True,"Automobile Sim, Racing, Simulation, Action"
561450,Mutant Fighting Cup 2,hours-blocked,hltb matched,2017-02-15,1,69,False,"Indie, RPG, Action, Fighting, Turn-Based"
1051840,Paradox Vector,hours-blocked,hltb matched,2020-10-15,1,69,False,"Retro, Lovecraftian, FPS, Shooter, 3D Platformer"
459020,Melting Hearts: Our Love Will Grow 2,hours-blocked,hltb matched,2016-04-29,1,68,False,"Farming Sim, Simulation, Life Sim, Adventure, Indie"
254780,Empire Earth II: Gold Edition,hours-blocked,hltb ambiguous (hltb_identity_not_exact_title),2026-05-25,1,67,False,"Strategy, Real Time Tactics, Top-Down, Building, Combat"
832710,The 7th Circle - Endless Nightmare,hours-blocked,hltb matched,2018-09-10,1,66,False,"RPG, Gore, Violent, Dungeon Crawler, Horror"
1678320,Heat Death,hours-blocked,hltb ambiguous (hltb_identity_release_year_conflict),2022-07-18,1,65,False,"Roguelike Deckbuilder, Card Battler, Turn-Based Tactics, Difficult, Card Game"
2171570,Whisker Waters,hours-blocked,hltb matched,2024-04-25,1,65,False,"RPG, Casual, Adventure, Fishing, Life Sim"
4424950,Skyship Quest Story,hours-blocked,hltb matched,2026-05-30,1,65,False,"RPG, Casual, Simulation, Colony Sim, City Builder"
793600,Bully Beatdown,hours-blocked,hltb matched,2018-11-16,1,63,False,"Hack and Slash, Action, Indie, Beat 'em up, Fighting"
683230,Defendoooooor!!,hours-blocked,hltb matched,2017-08-31,1,62,False,"Action, Indie, Adventure, Singleplayer, Arcade"
708850,Reverie,hours-blocked,hltb ambiguous (hltb_identity_conflicting_hltb_ids),2017-10-03,1,62,False,"Indie, Casual, Puzzle, Hidden Object"
1159450,Hayfever,hours-blocked,hltb matched,2020-02-24,1,61,False,"Precision Platformer, Fast-Paced, Cute, Funny, Collectathon"
1606210,Heck Deck,hours-blocked,hltb matched,2022-01-11,1,60,False,"Arcade, Card Game, Bullet Hell, Strategy, Card Battler"
3885860,Gnomeball,hours-blocked,hltb matched,2025-10-24,1,60,True,
1610500,Bibots,hours-blocked,hltb matched,2022-10-05,1,59,False,"Action Roguelike, Bullet Hell, Difficult, Action, Indie"
3298910,Once a Pawn a King,hours-blocked,hltb matched,2026-06-25,1,58,True,
1722660,Hamster on Rails,hours-blocked,hltb matched,2023-10-26,1,57,False,"Cozy, Strategy, Puzzle, Casual, Anime"
347730,Wait - Extended,hours-blocked,hltb matched,2015-10-29,1,56,False,"Indie, Adventure, Horror, Lovecraftian, Mystery"
1419060,Retchid,hours-blocked,hltb matched,2023-08-18,1,55,False,"Exploration, FPS, Shoot 'Em Up, Puzzle, Shooter"
451140,Drawn®: Dark Flight™ Collector's Edition,hours-blocked,hltb ambiguous (hltb_identity_profile_steam_mismatch),2016-03-08,1,54,False,"Casual, Strategy, Simulation, Hidden Object, Puzzle"
1195410,Trial of the Gods: Siralim CCG,hours-blocked,hltb matched,2020-03-13,1,54,False,"Trading Card Game, Card Battler, Collectathon, Deckbuilding, Creature Collector"
1865170,Eden's Last Sunrise,hours-blocked,hltb matched,2022-12-02,1,51,False,"Tactical RPG, Turn-Based Tactics, Strategy RPG, Fantasy, Sci-fi"
3449470,Poly Bricks,hours-blocked,hltb matched,2026-04-23,1,51,False,
4030400,Loot Line - Season 2,hours-blocked,hltb matched,2025-12-19,1,51,False,"Nudity, Sexual Content, Indie, Adventure, Casual"
708260,Text Wormhole,hours-blocked,hltb matched,2017-11-02,1,50,False,"Action, Indie, Casual, Shoot 'Em Up, Bullet Hell"
987000,Shadow Uprising,hours-blocked,hltb matched,2018-12-14,1,50,False,"Action, VR, Stealth, Dystopian, Singleplayer"
1855580,DreadHaunt,hours-blocked,hltb matched,2024-09-23,1,50,False,"Horror, Online Co-Op, Survival Horror, Multiplayer, Third Person"
2003880,The Creepy Syndrome,hours-blocked,hltb matched,2023-04-27,1,50,False,"Choices Matter, Story Rich, Retro, Multiple Endings, Puzzle"
800240,Ghostly Matter,hours-blocked,hltb matched,2018-07-12,1,49,True,"Action, Indie, Adventure, Metroidvania, Pixel Graphics"
2231170,Gravity Castle,hours-blocked,hltb matched,2024-11-15,1,49,True,"2D Platformer, Puzzle, Metroidvania, Adventure, Pixel Graphics"
3100650,Quantum Witch,hours-blocked,hltb matched,2025-06-24,1,48,True,
793990,Dupio,hours-blocked,hltb matched,2018-03-06,1,47,False,"Indie, Casual"
816670,Slayer Of Traitors,hours-blocked,hltb matched,2018-05-13,1,47,False,"Indie, Action"
2816570,The Land of the Magnates,hours-blocked,hltb matched,2024-08-27,1,47,False,"Action, Mythology, Action-Adventure, Adventure, Atmospheric"
390460,Tyler,hours-blocked,hltb matched,2016-01-14,1,46,False,"Indie, Action, Casual, Puzzle"
514810,Eldritch Hunter,hours-blocked,hltb matched,2017-01-27,1,45,False,"Action, Indie, Platformer, Female Protagonist, 2D"
472690,Sombrero: Spaghetti Western Mayhem,hours-blocked,hltb matched,2016-10-27,1,44,False,"Indie, Action, Western, Multiplayer, Local Multiplayer"
296590,Draconian Wars,hours-blocked,hltb matched,2014-08-28,1,43,False,"Strategy, Indie, Card Game"
485970,Cyber Sentinel,hours-blocked,hltb matched,2016-07-29,1,43,True,"Indie, Puzzle, Programming, Simulation, Education"
1246230,Boom Blaster,hours-blocked,hltb matched,2020-07-17,1,43,False,"Hero Shooter, Side Scroller, 2D Platformer, Shoot 'Em Up, Bullet Hell"
2517220,ENTITY: THE BLACK DAY,hours-blocked,hltb matched,2023-11-14,1,43,False,"Horror, Action, Survival Horror, Third-Person Shooter, Singleplayer"
782380,Mirage of Dragon,hours-blocked,hltb matched,2018-01-26,1,42,False,"Indie, Action, Adventure, Puzzle Platformer, Platformer"
796650,Frio2 - Memory of my sister,hours-blocked,hltb matched,2018-03-15,1,42,False,"Adventure, Simulation, Horror"
867800,Gravity Jump,hours-blocked,hltb matched,2018-06-12,1,42,False,"Indie, Casual, Relaxing, Fast-Paced, Atmospheric"
789220,★ Fallalypse ★ Death or Cress ♝,hours-blocked,hltb matched,2018-02-06,1,41,True,"Action, Adventure, Indie, RPG, Strategy"
354230,Devouring Stars,hours-blocked,hltb matched,2015-07-03,1,40,True,"Indie, Strategy"
793940,MOAI 5: New Generation Collector’s Edition,hours-blocked,hltb ambiguous (hltb_identity_profile_steam_mismatch),2018-03-29,1,40,False,"Casual, Simulation, Singleplayer, Time Management"
796130,Virus Petya,hours-blocked,hltb matched,2018-02-13,1,40,False,"Indie, Adventure, Outbreak Sim, Simulation, 2D"
1915520,Pipkin,hours-blocked,hltb matched,2025-10-28,1,40,True,
779060,Cyborg Invasion Shooter 2: Battle Of Earth,hours-blocked,hltb matched,2018-02-28,1,39,False,"Indie, Action"
1372460,AaaaaAAaaaAAAaaAAAAaAAAAA!!! Remastered,hours-blocked,hltb matched,2024-01-25,1,39,False,"Action, Arcade, Flight, Score Attack, Sports"
1875670,Gigant,hours-blocked,hltb matched,2022-08-12,1,39,True,"Point & Click, Adventure, 2D, Horror, Casual"
806240,RollingBall,hours-blocked,hltb matched,2018-03-07,1,38,False,Indie
3367690,Void Sails,hours-blocked,hltb matched,2025-05-14,1,38,False,"Exploration, Sailing, RPG, Atmospheric, Lovecraftian"
614660,Magic Technology,hours-blocked,hltb matched,2018-01-29,1,37,False,"Indie, Strategy, Tower Defense"
858030,Paranoia: Happiness is Mandatory,hours-blocked,hltb matched,2023-12-21,1,37,False,"Strategy, RPG, Singleplayer, Turn-Based Strategy, Character Customization"
1042960,We Are The Caretakers,hours-blocked,hltb matched,2023-01-06,1,37,False,"Turn-Based Combat, Grand Strategy, Strategy RPG, RPG, RTS"
1783750,Winds & Leaves,hours-blocked,hltb matched,2021-12-08,1,36,False,"VR, Adventure, Stylized, Time Manipulation, Simulation"
2864290,Aggelos 2,hours-blocked,hltb matched,2026-08-27,1,35,True,
848300,GROW: Wild West,hours-blocked,hltb matched,2018-05-24,1,34,False,"Indie, Casual, Singleplayer, Cute, Adventure"
444210,Strike Force: Desert Thunder,hours-blocked,hltb matched,2016-04-25,1,33,False,"Indie, Action, FPS"
822700,Beer and Skittls VR,hours-blocked,hltb matched,2018-03-29,1,33,False,"Sports, Simulation, Indie, Strategy, Casual"
836550,Viking Brothers 3,hours-blocked,hltb matched,2018-04-30,1,33,True,"Indie, Casual, Adventure, Strategy, Time Management"
1868820,Contact,hours-blocked,hltb matched,2022-02-11,1,33,True,"Adventure, Point & Click, 2D, Horror, Psychological Horror"
254800,Empire Earth III,hours-blocked,hltb ambiguous (hltb_identity_release_year_conflict),2026-05-25,1,32,False,"Strategy, RTS, Wargame, Top-Down, Building"
496540,Zone of Lacryma,hours-blocked,hltb matched,2018-07-23,1,31,False,"Shoot 'Em Up, Pixel Graphics, Female Protagonist, Story Rich, Dystopian"
512120,Nakiti Generations,hours-blocked,hltb matched,2017-12-14,1,31,True,"Action, Metroidvania, Early Access, Indie, Adventure"
540640,Tales of the Elements,hours-blocked,hltb matched,2016-10-13,1,31,False,"JRPG, Action RPG, Soundtrack, 2D, 4 Player Local"
576380,Abrix 2 - Diamond version,hours-blocked,hltb matched,2017-03-17,1,31,False,"Casual, Indie, Strategy"
372720,The Language Game,hours-blocked,hltb matched,2015-07-09,1,30,True,"Indie, Education"
813250,Unicorn Dungeon,hours-blocked,hltb matched,2018-05-24,1,30,False,"Indie, Adventure, Point & Click"
2452320,Folly Of The Wizards,hours-blocked,hltb matched,2025-09-19,1,30,True,
3812620,Brain School,hours-blocked,hltb matched,2025-12-18,1,30,True,
3840950,Bitter Harvest,hours-blocked,hltb matched,2026-05-22,1,30,False,
373880,Fleeting Ages,hours-blocked,hltb matched,2016-05-02,1,29,False,"Indie, Action, Survival"
622810,Invasion,hours-blocked,hltb ambiguous (hltb_identity_conflicting_hltb_ids),2018-06-15,1,29,False,"Indie, Action, Arcade, Bullet Hell, 2D"
854060,Bob The Cube,hours-blocked,hltb matched,2018-05-21,1,29,True,"Indie, Action, Adventure, Platformer, 3D Platformer"
519020,Shuttle Siege,hours-blocked,hltb matched,2016-12-30,1,28,False,"Indie, Strategy, Tower Defense"
775730,Dialing,hours-blocked,hltb matched,2018-03-02,1,28,False,"Indie, Casual, Puzzle, 2D, Minimalist"
796840,Molecule - a chemical challenge,hours-blocked,hltb matched,2018-03-02,1,28,False,"Indie, Puzzle, Science, Education, Difficult"
833390,En Tactico,hours-blocked,hltb matched,2018-04-10,1,28,False,"Casual, Strategy, Indie"
912650,Time Carnage,hours-blocked,hltb matched,2018-09-12,1,28,True,"Indie, Action, Violent, VR, FPS"
4733610,Tilt It! Golf,hours-blocked,hltb matched,2026-06-15,1,28,True,
496320,Running Gods,hours-blocked,hltb matched,2016-09-13,1,27,False,"Casual, Indie, Action, Adventure"
777640,Lightform,hours-blocked,hltb matched,2018-02-19,1,27,False,"Indie, Adventure, Puzzle, 2D, Platformer"
559350,EURGAVA™: Fight for Haaria,hours-blocked,hltb matched,2016-12-01,1,25,False,"RPG, Indie, Casual, Strategy, Isometric"
471730,Rocket Ski Racing,hours-blocked,hltb matched,2016-10-13,1,24,True,"Racing, Indie, Sports, Action"
712240,Sneaky Bears,hours-blocked,hltb matched,2017-10-17,1,24,True,"Casual, Indie, Action, Adventure, VR"
1236450,Incredible Dracula: Ocean's Call,hours-blocked,hltb matched,2020-02-26,1,24,False,"Indie, Casual, Adventure, Time Management, Singleplayer"
3008240,How We Die,hours-blocked,hltb matched,2024-09-13,1,22,False,"Rogue-lite, Rogue-like, Deckbuilding, Card Game, Board Game"
1174680,Ashland Dossier,hours-blocked,hltb matched,2022-04-20,1,21,True,"Adventure, Simulation, Puzzle, Tactical, Atmospheric"
263800,Spaceforce Constellations,hours-blocked,hltb matched,2013-12-12,1,20,False,Strategy
276380,My Pet Hotel,hours-blocked,hltb matched,2014-03-27,1,20,False,"Casual, Simulation, Family Friendly"
671330,Lit the Torch,hours-blocked,hltb matched,2017-08-02,1,20,False,"Indie, Adventure, Puzzle"
281560,D.W.A.R.F.S.,hours-blocked,hltb matched,2014-03-20,1,19,False,"Adventure, Dwarves, Puzzle"
495230,Hypnorain,hours-blocked,hltb matched,2016-07-08,1,19,True,"Bullet Hell, Anime, Action, Indie, Retro"
580930,Redneck Deer Huntin',hours-blocked,hltb matched,2017-06-20,1,19,False,"Action, Hunting, FPS, Shooter, Violent"
1070180,Rescue Team 6,hours-blocked,hltb ambiguous (hltb_identity_profile_steam_mismatch),2019-04-22,1,18,False,"Casual, Indie, Adventure, Time Management, Singleplayer"
2194660,Criminal Expert,hours-blocked,hltb matched,2023-01-13,1,18,False,"Detective, Casual, Investigation, Crime, FMV"
535840,Marblize,hours-blocked,hltb matched,2016-11-25,1,17,True,"Casual, Indie, Puzzle"
690850,Magibot,hours-blocked,hltb matched,2017-12-18,1,17,False,"Action, Indie, Adventure, Strategy, Platformer"
807850,Build Bridges,hours-blocked,hltb matched,2018-03-11,1,17,False,"Casual, Building, 2D, Indie, Destruction"
347080,Naught Reawakening,hours-blocked,hltb matched,2015-09-10,1,16,False,"Adventure, Action, Platformer"
424210,SodaCity,hours-blocked,hltb matched,2015-12-08,1,16,True,"Indie, Action, Shoot 'Em Up, Beat 'em up, Fast-Paced"
449150,PataNoir,hours-blocked,hltb matched,2016-06-01,1,16,True,"Indie, Interactive Fiction, Adventure, Text-Based, Story Rich"
533660,Ziggy's Chase,hours-blocked,hltb matched,2016-12-29,1,16,False,"Indie, Action, Adventure, Casual, VR"
1385320,Pipe Mania,hours-blocked,hltb ambiguous (hltb_identity_not_pc),2020-08-11,1,16,False,"Puzzle, Arcade, Retro, Strategy, Casual"
629400,Mall Mayhem,hours-blocked,hltb matched,2017-10-06,1,15,True,"Action, Indie"
755580,Daddy's gone a-hunting,hours-blocked,hltb matched,2017-12-12,1,15,False,"Indie, Action, Casual, Adventure"
1002420,Agartha,hours-blocked,hltb matched,2019-03-20,1,15,True,"Action, Indie, 2D, Pixel Graphics, Platformer"
3320100,Drowned God: Conspiracy of the Ages.,hours-blocked,hltb ambiguous (hltb_identity_release_year_conflict),2025-02-14,1,15,False,"Adventure, Puzzle, First-Person, Dark, Aliens"
807950,Piano Cat,hours-blocked,hltb matched,2018-03-16,1,14,False,"Indie, Adventure, 2D, Platformer, Music"
598590,Escape 2042 - The Truth Defenders,hours-blocked,hltb matched,2017-03-31,1,13,True,"Action, Adventure, Indie, Retro, Platformer"
2633490,Shadow Vault,hours-blocked,hltb ambiguous (hltb_identity_release_year_conflict),2024-01-06,1,13,False,"RPG, Action, Adventure, Strategy RPG, Turn-Based Strategy"
453700,prog.1,hours-blocked,hltb matched,2016-06-23,1,11,False,"Indie, Platformer, Puzzle, Puzzle-Platformer, Controller"
1059710,New Yankee 6: In Pharaoh's Court,hours-blocked,hltb matched,2019-04-03,1,10,False,"Indie, Casual, Adventure, Time Management, Strategy"
2804940,MIRO,hours-blocked,hltb matched,2025-04-28,1,10,False,"Casual, Interactive Fiction, Walking Simulator, Exploration, FPS"
627420,Sorgina: A Tale of Witches,hours-blocked,hltb matched,2017-05-30,1,9,True,"Indie, Adventure, Family Friendly, Female Protagonist, 3D Platformer"
571330,Idioctopus,hours-blocked,hltb matched,2017-02-10,1,8,False,"Casual, Indie, Puzzle"
307530,Whispered Legends: Tales of Middleport,hours-blocked,hltb matched,,1,7,False,"Casual, Adventure, Hidden Object"
564100,Deadly Edge,hours-blocked,hltb matched,2017-07-28,1,6,False,"Indie, Action, Adventure"
1367170,Planet's Edge,hours-blocked,hltb ambiguous (hltb_identity_not_exact_title),2021-02-05,1,6,False,"CRPG, Sci-fi, Open World, Space Sim, RPG"
3532920,Sex Adventures - Naughty Sisters - Episode 5,hours-blocked,hltb matched,,1,0,False,
4084710,Rayman Legends Retold,hours-blocked,hltb ambiguous (hltb_identity_conflicting_hltb_ids),2026-09-30,1,0,False,"Action-Adventure, Platformer, Side Scroller, Local Co-Op, Fast-Paced"
2868390,Brotato: Abyssal Terrors,hours-blocked,hltb ambiguous (hltb_identity_incompatible_game_type),2024-10-25,0,2454,False,"Singleplayer, Roguelike, Action Roguelike, Sci-fi, Survival"
3763700,Starfield - Terran Armada,hours-blocked,hltb ambiguous (hltb_identity_incompatible_game_type),2026-04-07,0,893,False,"Space, Open World, Singleplayer, RPG, Sci-fi"
2060280,Lost Judgment - The Kaito Files Story Expansion,hours-blocked,hltb ambiguous (hltb_identity_incompatible_game_type),2022-09-14,0,677,False,"Adventure, Action, Violent, Gore, Sexual Content"
1630590,Paint Drying Simulator,hours-blocked,hltb matched,2021-07-13,0,402,False,"Simulation, Utilities, Idler, Realistic, Comedy"
2210141,Assassin's Creed Valhalla - The Siege of Paris,hours-blocked,hltb ambiguous (hltb_identity_incompatible_game_type),2022-12-06,0,209,False,"RPG, Action, Adventure"
733140,ENDLESS Space 2 - Vaulters,hours-blocked,hltb matched,2018-01-25,0,191,False,"Strategy, Space, 4X"
3972570,Escape Simulator: Spy DLC,hours-blocked,hltb matched,2025-09-22,0,131,False,"Indie, Casual, Adventure, Simulation"
2140440,Chivalry 2 - King's Edition Content,hours-blocked,hltb ambiguous (hltb_identity_profile_steam_mismatch),2022-10-04,0,128,False,"Action, Gore, Violent, Medieval"
501190,Axis Football 2016,hours-blocked,hltb matched,2016-07-29,0,124,False,"Sports, Simulation, Singleplayer, Football (American), Strategy"
3454110,Starship Troopers: Terran Command - The Eradicators,hours-blocked,hltb matched,2026-05-26,0,124,False,"Strategy, RTS, Singleplayer, Military, Tactical"
880130,Lawless Lands,hours-blocked,hltb matched,2020-08-14,0,119,False,"Choose Your Own Adventure, Dungeons & Dragons, Character Customization, RPG, Dark Fantasy"
979810,Grave Keeper,hours-blocked,hltb matched,2019-03-29,0,110,False,"Casual, Adventure, Indie, Singleplayer, Arcade"
2574770,Megaquarium: Deep Freeze - Deluxe Expansion,hours-blocked,hltb matched,2023-10-18,0,84,False,"Indie, Casual, Strategy, Simulation, Management"
4114070,Two Point Museum: Arty-Facts,hours-blocked,hltb matched,2026-05-07,0,84,False,"Simulation, Casual, Strategy, Building, City Builder"
2938080,Tropico 6 - Tropican Shores,hours-blocked,hltb matched,2024-06-18,0,71,False,"Strategy, Simulation, City Builder, Economy, Management"
2504670,Ship Graveyard Simulator 2 - Steel Giants DLC,hours-blocked,hltb matched,2024-03-11,0,67,False,"Simulation, Indie, Casual, Action, Destruction"
676240,TAURONOS,hours-blocked,hltb matched,2017-08-04,0,63,False,"Horror, Survival, Survival Horror, Top-Down, Atmospheric"
660320,M.A.C.E. Tower Defense,hours-blocked,hltb matched,2017-07-16,0,60,False,"Strategy, Action, Indie, Tower Defense, Sci-fi"
575590,Balloon Popping Pigs: Deluxe,hours-blocked,hltb matched,2017-01-30,0,59,False,"Indie, Casual, Arcade, Singleplayer, Pixel Graphics"
3252020,Atomfall Story Expansion Pack: The Red Strain,hours-blocked,hltb ambiguous (hltb_identity_incompatible_game_type),2025-09-16,0,59,False,"Gore, Violent, Adventure, Action"
586390,Missile Cards,hours-blocked,hltb matched,2017-04-07,0,58,False,"Card Battler, Strategy, Indie, Card Game, Retro"
654770,Ballway,hours-blocked,hltb matched,2017-07-20,0,58,False,"Indie, Casual, 2D, Puzzle, Physics"
1549200,Anachronism\>,hours-blocked,hltb matched,2021-05-04,0,52,False,"Interactive Fiction, Text-Based, 1990's, Typing, Visual Novel"
762370,Everything is going to be OK,hours-blocked,hltb ambiguous (hltb_identity_release_year_conflict),2023-04-13,0,51,False,"Software, Adventure, Point & Click, Interactive Fiction, Visual Novel"
370050,Scarab Tales,hours-blocked,hltb matched,2015-07-01,0,50,False,"Casual, Indie, Strategy, Puzzle"
644890,DarkLast,hours-blocked,hltb matched,2018-02-15,0,47,False,"Action, Indie, Adventure, FPS, Horror"
1424240,Mineirinho Classic (Miner Ultra Adventures),hours-blocked,hltb ambiguous (hltb_identity_conflicting_hltb_ids),2020-09-24,0,46,False,"Action, Indie, Casual, Psychological Horror, Sexual Content"
594160,The Last Patient,hours-blocked,hltb matched,2017-03-16,0,45,False,"Action, Gore, Violent, Indie, Horror"
656400,Attrition: Tactical Fronts,hours-blocked,hltb matched,2018-03-06,0,43,False,"Indie, Casual, Strategy, Simulation, Hex Grid"
857850,Dwarf Defense,hours-blocked,hltb matched,2024-02-10,0,41,False,"Dwarf, Strategy, Indie, Action, Adventure"
675130,AEGYPTUS,hours-blocked,hltb matched,2017-08-15,0,40,False,"Adventure, Indie, Simulation, Early Access, Action-Adventure"
511250,Cloudbase Prime,hours-blocked,hltb matched,2017-07-25,0,37,False,"Indie, Adventure, Action, Sci-fi, Shooter"
676700,Heroes of Delum,hours-blocked,hltb matched,2018-01-19,0,37,False,"Strategy, Indie, Action, Co-op, Tower Defense"
834380,Cube Zone,hours-blocked,hltb matched,2018-05-15,0,34,False,"Casual, Indie, Action, Puzzle, Singleplayer"
1115610,The Lost and The Wicked,hours-blocked,hltb matched,2022-03-24,0,34,False,"Twin Stick Shooter, Action-Adventure, Top-Down Shooter, Shooter, Surreal"
618270,Spiritlands,hours-blocked,hltb matched,2018-03-29,0,31,False,"Strategy, Indie, Adventure, Casual, Simulation"
690630,Light Fantastik,hours-blocked,hltb matched,2018-03-12,0,30,False,"Indie, Puzzle, Platformer, Minimalist, Difficult"
407100,Gulf of Aden - Task Force Somalia,hours-blocked,hltb matched,2015-12-14,0,29,False,"Strategy, Action, Indie, Simulation"
421870,Quatros Origins,hours-blocked,hltb matched,2016-07-29,0,27,False,"Casual, Indie, Puzzle"
3291710,Orcs Must Die! Deathtrap - Supporter Pack,hours-blocked,hltb ambiguous (hltb_identity_profile_steam_mismatch),2025-01-28,0,24,False,"Action, Indie, Strategy"
496480,Vex,hours-blocked,hltb matched,2016-09-13,0,23,False,"Indie, Casual, Adventure, Strategy, Arcade"
529580,Kyurinaga's Revenge,hours-blocked,hltb matched,2016-10-25,0,21,False,"Adventure, Platformer, 3D Platformer"
703720,ERSATZ,hours-blocked,hltb matched,2017-09-13,0,20,False,"Action, Platformer, Rhythm, Music, Minimalist"
527520,Strike Force: Arctic Storm,hours-blocked,hltb matched,2016-09-21,0,19,False,"Indie, Action, Gore, FPS"
644110,Lone Pirate VR,hours-blocked,hltb matched,2017-05-26,0,19,False,"Action, Adventure, Pirates, VR"
729980,Happy Neighbors,hours-blocked,hltb matched,2017-11-08,0,19,False,"Indie, Casual"
676850,Guardian,hours-blocked,hltb matched,2017-09-08,0,16,False,"Action, Indie, Adventure, Female Protagonist, Metroidvania"
528860,Proxy - Ultimate Hacker,hours-blocked,hltb matched,2016-10-14,0,15,False,"Simulation, Hacking, Puzzle, Indie"
674230,Light of the Mountain,hours-blocked,hltb matched,2018-02-01,0,15,False,"Adventure, Walking Simulator"
547740,Across,hours-blocked,hltb matched,2016-11-04,0,13,False,"Indie, Action, VR"
717960,SoTo,hours-blocked,hltb matched,2017-12-19,0,13,False,"Casual, Indie, Action, Difficult, Puzzle"
597190,Lunaform,hours-blocked,hltb matched,2017-07-18,0,12,False,"Casual, Indie, Action, Puzzle"
655950,Exocomets,hours-blocked,hltb matched,2017-07-13,0,12,False,"Indie, Action"
831510,Another Brick in Space,hours-blocked,hltb matched,2018-04-11,0,11,False,"Indie, Casual, Space, Singleplayer, 2D"
850740,The Princess Adventure,hours-blocked,hltb matched,2018-11-08,0,11,False,"Indie, Casual, Adventure, Platformer, Pixel Graphics"
717540,De Mambo,hours-blocked,hltb matched,2025-11-25,0,10,False,"Action, Indie, Early Access"
3113160,Bonfire,hours-blocked,hltb ambiguous (hltb_identity_hltb_page_shared_across_steam_appids),2024-09-30,0,9,False,"Free to Play, Early Access, Game Development, VR, Software"
655600,PHAT STACKS 2,hours-blocked,hltb matched,2017-08-15,0,7,False,"Strategy, Indie, Casual"
803780,Toon War,hours-blocked,hltb matched,2018-03-01,0,6,False,"Action, Indie, Adventure"
364660,Luminoso,hours-blocked,hltb matched,2015-04-17,0,5,False,"Indie, Casual, Puzzle"
648380,Bullet Dodge,hours-blocked,hltb matched,2017-06-15,0,2,False,"Indie, Action, Casual, VR"
2190930,VOID Definitive Edition,hours-blocked,hltb ambiguous (hltb_identity_profile_steam_mismatch),2023-03-15,0,1,False,"Precision Platformer, 2D Platformer, Puzzle Platformer, Difficult, Platformer"
367540,Starbound - Unstable,not-a-game,"demo, beta, test build or regional duplicate",,193,0,False,
774941,Squad - Public Testing,not-a-game,"demo, beta, test build or regional duplicate",,116,0,False,
524440,Tom Clancy's The Division PTS,not-a-game,"demo, beta, test build or regional duplicate",,71,0,False,
208610,Skullgirls Endless Beta,not-a-game,"demo, beta, test build or regional duplicate",,57,0,False,
584210,Tom Clancy's Ghost Recon® Wildlands Open Beta,not-a-game,"demo, beta, test build or regional duplicate",,27,4652,False,"Action, Adventure, Open World, Multiplayer, Third-Person Shooter"
247750,The Stanley Parable Demo,not-a-game,"demo, beta, test build or regional duplicate",2013-10-09,17,2174,False,"Indie, Adventure"
961440,"RESIDENT EVIL 2 / BIOHAZARD RE:2 ""1-Shot Demo""",not-a-game,"demo, beta, test build or regional duplicate",,16,11285,False,"Gore, Action, Violent, Zombies, Survival Horror"
590,Left 4 Dead 2 Demo,not-a-game,"demo, beta, test build or regional duplicate",,16,0,False,
230170,Divinity: Dragon Commander Beta,not-a-game,"demo, beta, test build or regional duplicate",,16,0,False,
217980,Dishonored (RU),not-a-game,"demo, beta, test build or regional duplicate",,14,0,False,
247890,Europa Universalis IV Demo,not-a-game,"demo, beta, test build or regional duplicate",2013-08-07,10,29,False,Strategy
802240,SOS: Test Server,not-a-game,"demo, beta, test build or regional duplicate",,6,0,False,
531800,Mirage: Arcane Warfare OPEN BETA,not-a-game,"demo, beta, test build or regional duplicate",,5,384,False,"Gore, Action, Violent, Indie, FPS"
3763830,Dead as Disco Demo,not-a-game,"demo, beta, test build or regional duplicate",2025-05-29,4,7132,False,
1227800,Quantum League - Free Open Beta,not-a-game,"demo, beta, test build or regional duplicate",2020-02-21,4,740,False,"Free to Play, Action, Strategy, Sports, FPS"
696260,Tree of Life - Public Test Realm,not-a-game,"demo, beta, test build or regional duplicate",,4,0,False,
1141550,CUCKOLD SIMULATOR: Life as a Beta Male Cuck,not-a-game,"demo, beta, test build or regional duplicate",2025-11-16,3,1958,False,"Indie, Memes, Satire, Casual, Dark Comedy"
1019100,Attack on Titan 2 - A.O.T.2 - 進撃の巨人２ Demo,not-a-game,"demo, beta, test build or regional duplicate",,3,1031,False,"Anime, Action, Character Customization, Multiplayer, RPG"
572540,Tin Hearts: Prologue,not-a-game,"demo, beta, test build or regional duplicate",2018-11-08,2,52,False,"Early Access, Puzzle, Puzzle-Platformer, Lemmings, 3D Platformer"
3241970,Heroes of Might and Magic: Olden Era Demo,not-a-game,"demo, beta, test build or regional duplicate",2025-10-08,1,5414,False,"Strategy, Turn-Based Strategy, Simulation, Tactical, War"
4261860,REPLACED Demo,not-a-game,"demo, beta, test build or regional duplicate",2026-02-11,1,2308,False,
3559900,Voidling Bound Demo,not-a-game,"demo, beta, test build or regional duplicate",2025-05-12,1,1482,False,"Creature Collector, Action, PvE, Third-Person Shooter, Singleplayer"
1904980,Espresso Tycoon Prologue: Underwater,not-a-game,"demo, beta, test build or regional duplicate",2022-11-04,1,636,False,
1030760,SteamDolls - Prologue Demo FREE,not-a-game,"demo, beta, test build or regional duplicate",2024-10-04,1,122,False,"Action, Indie, Metroidvania, Gore, Violent"
772160,4 for the Money Demo,not-a-game,"demo, beta, test build or regional duplicate",2018-01-17,1,74,False,"Free to Play, Indie, Action, Multiplayer"
2370510,Deadlink: Prologue,not-a-game,"demo, beta, test build or regional duplicate",2023-07-19,1,48,True,"Free to Play, Action Roguelike, Cyberpunk, Fast-Paced, Arena Shooter"
549920,VRchaeology: Prologue,not-a-game,"demo, beta, test build or regional duplicate",2016-12-01,1,44,True,"Free to Play, Adventure, Casual, VR"
1394220,Blue Fire Demo,not-a-game,"demo, beta, test build or regional duplicate",2020-10-06,1,0,False,
388477,Euro Truck Simulator 2 - Schwarzmüller Trailer Pack,not-a-game,"demo, beta, test build or regional duplicate",2016-09-16,0,989,False,"Simulation, Indie, Singleplayer, Multiplayer, Driving"
933610,Euro Truck Simulator 2 - Krone Trailer Pack,not-a-game,"demo, beta, test build or regional duplicate",2018-09-17,0,851,False,"Simulation, Indie, Open World, Multiplayer, Driving"
2569750,Euro Truck Simulator 2 - TIRSAN Trailer Pack,not-a-game,"demo, beta, test build or regional duplicate",2023-10-30,0,413,False,"Simulation, Indie, Multiplayer"
2455690,Euro Truck Simulator 2 - Wielton Trailer Pack,not-a-game,"demo, beta, test build or regional duplicate",2023-07-17,0,244,False,"Simulation, Indie"
2833100,Euro Truck Simulator 2 - Schmitz Cargobull Trailer Pack,not-a-game,"demo, beta, test build or regional duplicate",2024-07-22,0,226,False,"Simulation, Indie"
2193220,Euro Truck Simulator 2 - Feldbinder Trailer Pack,not-a-game,"demo, beta, test build or regional duplicate",2022-11-30,0,221,False,"Simulation, Indie"
2149790,Beautiful Mystic Survivors: Prologue,not-a-game,"demo, beta, test build or regional duplicate",2022-09-28,0,205,True,"Casual, Action Roguelike, Shoot 'Em Up, Bullet Hell, Action"
1737040,Motor Town: Behind The Wheel Beta Demo,not-a-game,"demo, beta, test build or regional duplicate",2021-09-11,0,0,False,
1773210,HumanitZ Demo,not-a-game,"demo, beta, test build or regional duplicate",2021-09-29,0,0,False,Violent
2252840,Mika and The Witch's Mountain Demo,not-a-game,"demo, beta, test build or regional duplicate",2023-02-06,0,0,False,
2296400,Until Then Demo,not-a-game,"demo, beta, test build or regional duplicate",2024-02-05,0,0,False,
640820,Pathfinder: Kingmaker — Enhanced Plus Edition,unclear,established game with no times on HowLongToBeat,2018-09-25,126,35066,False,"RPG, Party-Based RPG, Fantasy, CRPG, Isometric"
24980,Mass Effect 2 (2010 Edition),unclear,established game with no times on HowLongToBeat,,112,15544,False,"RPG, Sci-fi, Story Rich, Third-Person Shooter, Action"
517630,Just Cause 4 Reloaded,unclear,established game with no times on HowLongToBeat,2018-12-04,85,30298,False,"Open World, Action, Destruction, Singleplayer, Adventure"
760620,Deiland,unclear,established game with no times on HowLongToBeat,,71,4670,False,"Adventure, Casual, Indie, RPG, Simulation"
231200,Kentucky Route Zero: PC Edition,unclear,established game with no times on HowLongToBeat,2013-02-22,67,4443,False,"Adventure, Atmospheric, Indie, Point & Click, Surreal"
32460,Monkey Island™ 2 Special Edition: LeChuck’s Revenge™,unclear,established game with no times on HowLongToBeat,2010-07-07,65,2998,False,"Point & Click, Adventure, Comedy, Classic, Remake"
1579380,Shadow Tactics: Aiko's Choice,unclear,established game with no times on HowLongToBeat,2021-12-06,63,4824,False,"Real Time Tactics, Strategy, Isometric, Stealth, Action"
214950,Total War: ROME II - Emperor Edition,unclear,established game with no times on HowLongToBeat,2013-09-02,55,87856,False,"Strategy, Historical, Turn-Based Strategy, Grand Strategy, Rome"
42690,Call of Duty®: Modern Warfare® 3,unclear,established game with no times on HowLongToBeat,,54,21428,False,"Action, FPS, Multiplayer, Shooter, First-Person"
504130,Manual Samuel - Last Tuesday Edition,unclear,established game with no times on HowLongToBeat,2016-10-14,54,3371,False,"Dark Humor, Singleplayer, Local Co-Op, Adventure, Funny"
246420,Kingdom Rush  - Tower Defense,unclear,established game with no times on HowLongToBeat,2014-01-06,52,17037,False,"Tower Defense, Strategy, Singleplayer, 2D, Tactical"
597760,Yuppie Psycho: Executive Edition,unclear,established game with no times on HowLongToBeat,2019-04-25,44,8444,False,"Puzzle, Pixel Graphics, Psychological Horror, Horror, 2D"
2012840,Portal with RTX,unclear,established game with no times on HowLongToBeat,2022-12-08,37,19161,False,"Action, Puzzle, First-Person, Singleplayer, Sci-fi"
218410,Defender's Quest: Valley of the Forgotten (DX edition),unclear,established game with no times on HowLongToBeat,2012-10-30,34,3460,False,"Tower Defense, Female Protagonist, Tactical RPG, Strategy, RPG"
282900,Hyperdimension Neptunia Re;Birth1,unclear,established game with no times on HowLongToBeat,2015-01-29,33,12106,False,"Anime, JRPG, Female Protagonist, Cute, RPG"
252150,Grimm,unclear,established game with no times on HowLongToBeat,2014-01-06,29,11295,False,"Indie, Free to Play, Villain Protagonist, Funny, Casual"
1135260,The Falconeer: Revolution Remaster,unclear,established game with no times on HowLongToBeat,2020-11-10,29,627,False,"Combat, Open World, Dragons, Flight, Fantasy"
260750,Neighbours from Hell Compilation,unclear,established game with no times on HowLongToBeat,2013-11-07,28,2940,False,"Comedy, Casual, Classic, Funny, Puzzle"
2229880,Command & Conquer™ Tiberian Sun™ and Firestorm™,unclear,established game with no times on HowLongToBeat,2024-03-07,28,1280,False,"Strategy, Action, Singleplayer, RTS, Classic"
1269260,Artifact Foundry,unclear,established game with no times on HowLongToBeat,,27,1002,False,"Strategy, Card Game, Board Game, Top-Down, Puzzle"
1658040,I Am Future: Cozy Apocalypse Survival,unclear,established game with no times on HowLongToBeat,2024-11-13,20,4036,False,"Casual, Singleplayer, RPG, Crafting, Simulation"
211050,Battle vs Chess,unclear,established game with no times on HowLongToBeat,,19,976,False,"Strategy, Chess, Casual, Board Game, Turn-Based Strategy"
1721470,Poppy Playtime,unclear,established game with no times on HowLongToBeat,2021-10-12,17,141259,False,"Horror, Free to Play, Singleplayer, Puzzle, First-Person"
1200230,Ludus,unclear,established game with no times on HowLongToBeat,2020-02-20,17,796,True,"Simulation, Action, RPG, Strategy, Indie"
245550,Free to Play,unclear,established game with no times on HowLongToBeat,2014-03-19,15,11021,False,"Free to Play, Documentary, e-sports, Masterpiece, Epic"
329110,Gems of War - Puzzle RPG,unclear,established game with no times on HowLongToBeat,2014-11-20,15,8790,False,"Free to Play, Match 3, Puzzle, Card Game, PvE"
33250,Anno 1404,unclear,established game with no times on HowLongToBeat,,15,767,False,"Strategy, City Builder, Resource Management, Multiplayer, Simulation"
921590,DISSIDIA FINAL FANTASY NT Free Edition,unclear,established game with no times on HowLongToBeat,2019-03-12,12,3556,False,"Free to Play, Action, Fighting, Multiplayer, Anime"
211340,Magical Diary: Horse Hall,unclear,established game with no times on HowLongToBeat,2012-05-31,11,1014,False,"Visual Novel, Dating Sim, Female Protagonist, Anime, RPG"
2671230,BLADECHIMERA,unclear,established game with no times on HowLongToBeat,2025-01-15,9,1455,False,"Metroidvania, Side Scroller, Exploration, 2D Platformer, Martial Arts"
446790,Diluvion: Resubmerged,unclear,established game with no times on HowLongToBeat,2017-02-02,9,1105,True,"Underwater, Action, Adventure, RPG, Indie"
1478220,Puzzle Together Multiplayer Jigsaw Puzzles,unclear,established game with no times on HowLongToBeat,2020-12-09,8,4438,False,"Puzzle, Casual, Multiplayer, Free to Play, Online Co-Op"
244630,NEOTOKYO,unclear,established game with no times on HowLongToBeat,2014-07-03,8,2896,True,"Free to Play, Multiplayer, FPS, Cyberpunk, Shooter"
228880,Ashes of the Singularity,unclear,established game with no times on HowLongToBeat,,8,1662,False,"Strategy, RTS, Multiplayer, Sci-fi, Indie"
346850,Chip's Challenge 1,unclear,established game with no times on HowLongToBeat,2015-05-28,7,889,False,"Puzzle, Sokoban, Reboot, Logic, Free to Play"
316390,sZone-Online,unclear,established game with no times on HowLongToBeat,,6,8236,True,"Free to Play, Survival, Open World, Multiplayer, Zombies"
2230980,Caribbean Legend,unclear,established game with no times on HowLongToBeat,2024-02-15,6,2063,True,"Pirates, RPG, Open World, Naval, Romance"
879420,Agony UNRATED,unclear,established game with no times on HowLongToBeat,2018-10-30,5,3721,False,
576440,Horror Hospital,unclear,established game with no times on HowLongToBeat,,5,551,True,"Horror, Indie, Action, Adventure, Violent"
1357210,Galactic Civilizations IV,unclear,established game with no times on HowLongToBeat,2023-10-19,4,1887,False,"Space, Grand Strategy, Simulation, 4X, Strategy"
410850,DRAGON QUEST HEROES™ Slime Edition,unclear,established game with no times on HowLongToBeat,2015-12-03,4,1312,False,"Action, RPG, Hack and Slash, JRPG, Anime"
2485180,Travellin Cats in Georgia,unclear,established game with no times on HowLongToBeat,2024-02-11,4,958,False,"Cats, Hidden Object, Wholesome, Puzzle, Cozy"
1843730,Last Group Out,unclear,established game with no times on HowLongToBeat,2022-02-17,4,597,True,"Action, Shooter, Pixel Graphics, Looter Shooter, Survival"
1228520,[Chilla's Art] The Convenience Store | 夜勤事件,unclear,established game with no times on HowLongToBeat,2020-02-17,3,2921,False,"Horror, Indie, Psychological Horror, Adventure, Simulation"
2176560,Dreamland,unclear,established game with no times on HowLongToBeat,2022-10-31,3,2040,True,
2719290,Night Raider,unclear,established game with no times on HowLongToBeat,2024-01-26,3,1757,False,"Adventure, Gun Customization, Top-Down Shooter, Inventory Management, Pixel Graphics"
1922010,Breachers™,unclear,established game with no times on HowLongToBeat,2023-04-13,3,1451,False,"Action, Shooter, VR, FPS, 3D"
1711950,GWENT: Rogue Mage (Single-Player Expansion),unclear,established game with no times on HowLongToBeat,2022-07-07,3,1126,False,"Strategy, Card Game, Board Game, Puzzle, Roguelike"
336150,Virtual Pool 4,unclear,established game with no times on HowLongToBeat,2015-05-11,3,755,False,"Sports, Billiards, Simulation, Multiplayer, Snooker"
243320,Rekoil,unclear,established game with no times on HowLongToBeat,,3,518,True,"Action, FPS, Multiplayer, Shooter, First-Person"
1144400,Senren＊Banka,unclear,established game with no times on HowLongToBeat,2020-02-14,2,31226,True,"Visual Novel, Dating Sim, Third-Person Shooter, First-Person, Anime"
850170,EMERGENCY,unclear,established game with no times on HowLongToBeat,2023-08-15,2,6893,False,"Free to Play, Multiplayer, Strategy, RTS, Action"
1008080,SYNCED,unclear,established game with no times on HowLongToBeat,2023-09-07,2,4980,False,
38830,CrimeCraft: GangWars,unclear,established game with no times on HowLongToBeat,,2,2033,True,"Free to Play, Action, Massively Multiplayer, RPG, Multiplayer"
695920,Super Seducer : How to Talk to Girls,unclear,established game with no times on HowLongToBeat,2018-03-06,2,1801,False,"Sexual Content, Dating Sim, Simulation, Comedy, FMV"
429180,Project CARS - Pagani Edition,unclear,established game with no times on HowLongToBeat,2016-10-27,2,1494,True,"Racing, Automobile Sim, Simulation, Multiplayer, Free to Play"
331500,Executive Assault,unclear,established game with no times on HowLongToBeat,2015-07-17,2,1458,True,"Strategy, RTS, Action, FPS, Base-Building"
312980,Graviteam Tactics: Mius-Front,unclear,established game with no times on HowLongToBeat,2016-03-04,2,1133,True,"Simulation, Strategy, World War II, Wargame, Tanks"
842150,Wild West Saga: Idle Tycoon Clicker,unclear,established game with no times on HowLongToBeat,2018-12-18,2,783,False,"Idler, Time Management, Incremental, Real-Time, Strategy"
1638390,Indies' Lies,unclear,established game with no times on HowLongToBeat,2023-01-15,2,755,True,"Roguelike Deckbuilder, Card Game, Card Battler, Deckbuilding, Roguelike"
316930,Kings of Kung Fu,unclear,established game with no times on HowLongToBeat,2015-06-25,2,711,True,"Action, Fighting, Indie, Martial Arts, 2D Fighter"
108210,Memoir '44 Online,unclear,established game with no times on HowLongToBeat,2011-10-12,2,615,True,"Strategy, Casual, Board Game, Simulation, World War II"
1292020,Armoured Commander II,unclear,established game with no times on HowLongToBeat,2021-09-04,2,603,True,"Tanks, World War II, Rogue-like, Historical, Strategy"
291910,Firefighters 2014,unclear,established game with no times on HowLongToBeat,2014-05-21,2,599,True,"Simulation, Action, First-Person, Open World, Singleplayer"
265970,Worlds of Magic,unclear,established game with no times on HowLongToBeat,2015-03-19,2,590,True,"Strategy, RPG, Turn-Based, 4X, Fantasy"
1028350,Pupperazzi: The Dog Photography Game,unclear,established game with no times on HowLongToBeat,2022-01-20,2,514,False,"Exploration, Photo Editing, Family Friendly, Collectathon, Cute"
2336220,Feed the Cups,unclear,established game with no times on HowLongToBeat,2024-02-20,1,13208,True,"Cute, Simulation, Cooking, Online Co-Op, Crafting"
1696810,Railroads Online,unclear,established game with no times on HowLongToBeat,2024-12-05,1,6024,True,"Trains, Multiplayer, Online Co-Op, Open World, Automobile Sim"
1976440,CounterSide,unclear,established game with no times on HowLongToBeat,2022-09-01,1,4149,True,"Free to Play, JRPG, Anime, Cartoon, Story Rich"
461870,Police Simulator: Patrol Duty,unclear,established game with no times on HowLongToBeat,2019-06-18,1,4105,True,"Simulation, Open World, Multiplayer, Villain Protagonist, Crime"
2103130,Matchmaking Inc.,unclear,established game with no times on HowLongToBeat,2025-01-20,1,3974,True,"Casual, Dating Sim, RPG, Time Management, Multiple Endings"
1280780,War on the Sea,unclear,established game with no times on HowLongToBeat,2021-02-02,1,3255,True,"Strategy, Simulation, Naval, World War II, Naval Combat"
2197910,Dawnlands,unclear,established game with no times on HowLongToBeat,2023-08-09,1,3162,True,"Open World Survival Craft, Adventure, Multiplayer, Online Co-Op, Survival"
1956800,Thriving City: Song,unclear,established game with no times on HowLongToBeat,2024-05-29,1,2921,True,"Simulation, City Builder, Strategy, Historical, Resource Management"
1918680,Sword and Fairy Inn 2,unclear,established game with no times on HowLongToBeat,2022-07-07,1,2280,True,"Casual, Simulation, RPG, City Builder, Life Sim"
356640,Metro Conflict,unclear,established game with no times on HowLongToBeat,,1,1954,True,"Free to Play, FPS, Action, Shooter, Multiplayer"
239660,Soldier Front 2,unclear,established game with no times on HowLongToBeat,2013-07-03,1,1937,True,"Free to Play, Action, FPS, Multiplayer, Shooter"
3188550,Trainee Death Simulator,unclear,established game with no times on HowLongToBeat,2024-11-12,1,1703,True,"Indie, Simulation, Card Game, Choices Matter, Multiple Endings"
421670,CUPID - A free to play Visual Novel,unclear,established game with no times on HowLongToBeat,2016-03-04,1,1300,False,"Free to Play, Sexual Content, Visual Novel, Nudity, Indie"
2599270,Gem Defender: Soyjak Survivors,unclear,established game with no times on HowLongToBeat,2023-10-23,1,1243,True,"Action, Bullet Hell, Shooter, Stylized, Strategy"
389280,Flight Sim World,unclear,established game with no times on HowLongToBeat,,1,1229,True,"Simulation, Flight, Multiplayer, Atmospheric, Realistic"
980940,My Little Blacksmith Shop,unclear,established game with no times on HowLongToBeat,2025-02-09,1,1100,True,"Crafting, Singleplayer, Simulation, Relaxing, Medieval"
1269690,Attack on Toys,unclear,established game with no times on HowLongToBeat,2021-09-24,1,998,True,"Action RTS, Third-Person Shooter, Real Time Tactics, Grand Strategy, RTS"
335070,VRC PRO,unclear,established game with no times on HowLongToBeat,2015-03-24,1,977,True,"Racing, Simulation, Sports, Indie, Action"
346730,GOCCO OF WAR,unclear,established game with no times on HowLongToBeat,2015-11-17,1,967,True,"Anime, Cute, Casual, Action, Multiplayer"
673210,Frontier Pilot Simulator,unclear,established game with no times on HowLongToBeat,2021-12-07,1,955,True,"Economy, Space, Exploration, Flight, Transportation"
1893820,Jumplight Odyssey,unclear,established game with no times on HowLongToBeat,2023-08-21,1,952,True,"Strategy, Simulation, Management, Colony Sim, Building"
1258780,B100X - Auto Dungeon RPG,unclear,established game with no times on HowLongToBeat,2021-01-26,1,932,False,"RPG, Casual, Strategy, Auto Battler, Strategy RPG"
219870,Football Superstars,unclear,established game with no times on HowLongToBeat,,1,919,True,"Free to Play, Sports, Football, Soccer, Massively Multiplayer"
635940,Little Busters! English Edition,unclear,established game with no times on HowLongToBeat,2017-11-01,1,906,False,"Visual Novel, Anime, Adventure, Simulation, Casual"
330760,Running Shadow,unclear,established game with no times on HowLongToBeat,,1,825,True,"Free to Play, Action, Parkour, Adventure, Multiplayer"
1995730,Volzerk : Monsters and Lands Unknown,unclear,established game with no times on HowLongToBeat,2023-01-25,1,818,True,"Action, Action RPG, Collectathon, 3D Platformer, Exploration"
3144640,Skoof Simulator,unclear,established game with no times on HowLongToBeat,2024-09-05,1,807,False,"Life Sim, First-Person, Memes, Dark Humor, Funny"
994930,Soccer Manager 2019,unclear,established game with no times on HowLongToBeat,2018-12-19,1,704,True,"Sports, Football (Soccer), Free to Play, Management, Simulation"
2061150,Ikki Unite,unclear,established game with no times on HowLongToBeat,2023-02-14,1,700,True,"Casual, Action, Action Roguelike, Bullet Hell, Online Co-Op"
228940,Carnage Racing ™,unclear,established game with no times on HowLongToBeat,,1,697,True,"Racing, Action, Multiplayer, Free to Play"
788130,Otaku's Fantasy 2,unclear,established game with no times on HowLongToBeat,2018-03-30,1,668,True,"Sexual Content, Nudity, Adventure, RPG, Indie"
283620,World of Subways 3 – London Underground Circle Line,unclear,established game with no times on HowLongToBeat,2014-05-12,1,659,True,"Simulation, Trains, Casual, Driving, Realistic"
369530,Void Destroyer 2,unclear,established game with no times on HowLongToBeat,2020-02-06,1,647,True,"Space Sim, Open World, Sandbox, Action, Strategy"
420520,Lost Technology,unclear,established game with no times on HowLongToBeat,2017-08-09,1,628,True,"Anime, Simulation, Indie, Strategy, Wargame"
465780,New Retro Arcade: Neon,unclear,established game with no times on HowLongToBeat,2016-08-01,1,627,True,"Simulation, VR, Retro, Casual, Indie"
1547670,A Day Out,unclear,established game with no times on HowLongToBeat,2024-06-27,1,620,True,"Horror, Hunting, Online Co-Op, Supernatural, Demons"
829420,Fun Hospital,unclear,established game with no times on HowLongToBeat,2018-06-21,1,613,True,"Casual, Strategy, Simulation, Free to Play, Indie"
436160,Panic Room: House of secrets,unclear,established game with no times on HowLongToBeat,2016-04-27,1,607,True,"Free to Play, Hidden Object, Adventure, Puzzle, Casual"
649600,Swords and Sandals 2 Redux,unclear,established game with no times on HowLongToBeat,2017-06-29,1,587,True,"2D Fighter, Turn-Based Combat, RPG, Nostalgia, Fighting"
2994430,Sarah's Adventure: Time Travel,unclear,established game with no times on HowLongToBeat,2024-06-25,1,504,True,"Casual, Simulation, Free to Play, Farming Sim, City Builder"
2306620,Risk of Rain 2 - EXXXXXXX-X,unclear,established game with no times on HowLongToBeat,2024-08-27,0,11373,False,"Action, Indie, Great Soundtrack, Action Roguelike, Roguelike"
1607890,Risk of Rain 2: Survivors of the Void,unclear,established game with no times on HowLongToBeat,2022-03-01,0,5386,False,"Action, Indie, Co-op, Great Soundtrack, Roguelike"
304212,Euro Truck Simulator 2 - Scandinavia,unclear,established game with no times on HowLongToBeat,2015-05-14,0,4779,True,"Simulation, Driving, Realistic, Open World, Multiplayer"
1039880,Hellsplit: Arena,unclear,established game with no times on HowLongToBeat,2019-09-09,0,3958,True,"VR, Action, Gore, RPG, Swordplay"
2689210,Persona 3 Reload: Expansion Pass,unclear,established game with no times on HowLongToBeat,2024-03-12,0,3585,False,"RPG, Adventure, Strategy, JRPG, Party-Based RPG"
1348661,Expansion - Hearts of Iron IV: No Step Back,unclear,established game with no times on HowLongToBeat,2021-11-23,0,3528,False,"Strategy, Simulation, World War II, Historical, Grand Strategy"
1056760,Euro Truck Simulator 2 - Road to the Black Sea,unclear,established game with no times on HowLongToBeat,2019-12-05,0,3337,True,"Simulation, Automobile Sim, Indie, Open World, Driving"
1135280,Dead by Daylight - Stranger Things Chapter,unclear,established game with no times on HowLongToBeat,2019-09-17,0,3290,False,"Action, Gore, Violent, Horror, Multiplayer"
1392840,RimWorld - Ideology,unclear,established game with no times on HowLongToBeat,2021-07-20,0,3280,False,"Colony Sim, Base Building, Survival, Strategy, Simulation"
1303182,Crusader Kings III: Royal Court,unclear,established game with no times on HowLongToBeat,2022-02-08,0,3196,False,"Strategy, Simulation, RPG, Medieval"
227310,Euro Truck Simulator 2 - Going East!,unclear,established game with no times on HowLongToBeat,2013-09-19,0,3085,True,"Simulation, Driving, Indie, Open World, Multiplayer"
1826140,RimWorld - Biotech,unclear,established game with no times on HowLongToBeat,2022-10-21,0,3085,False,"Colony Sim, Base Building, Survival, Strategy, Simulation"
1880650,Expansion - Hearts of Iron IV: By Blood Alone,unclear,established game with no times on HowLongToBeat,2022-09-27,0,2949,False,"Strategy, Simulation, World War II, Grand Strategy, Alternate History"
1348660,Expansion - Hearts of Iron IV: Battle for the Bosporus,unclear,established game with no times on HowLongToBeat,2020-10-15,0,2849,False,"Simulation, Strategy, World War II, Grand Strategy, Historical"
2380740,RimWorld - Anomaly,unclear,established game with no times on HowLongToBeat,2024-04-11,0,2824,False,"Colony Sim, Base Building, Survival, Strategy, Simulation"
2059190,Total War: WARHAMMER III - Forge of the Chaos Dwarfs,unclear,established game with no times on HowLongToBeat,2023-04-13,0,2822,False,"Dwarves, Strategy, Action, Violent, Short"
1731080,Resident Evil Village - Winters’ Expansion,unclear,established game with no times on HowLongToBeat,2022-10-27,0,2770,False,"Action, Gore, Violent, Horror, Survival Horror"
925580,Euro Truck Simulator 2 - Beyond the Baltic Sea,unclear,established game with no times on HowLongToBeat,2018-11-29,0,2609,True,"Simulation, Automobile Sim, Open World, Indie, Driving"
874310,Total War: THREE KINGDOMS - Reign of Blood,unclear,established game with no times on HowLongToBeat,2019-06-27,0,2525,False,"Action, Strategy, Gore, Violent"
531131,Euro Truck Simulator 2 - Heavy Cargo Pack,unclear,established game with no times on HowLongToBeat,2017-05-12,0,2425,False,"Simulation, Indie, Driving, Open World, Multiplayer"
1149640,RimWorld - Royalty,unclear,established game with no times on HowLongToBeat,2020-02-24,0,2421,False,"Colony Sim, Base Building, Survival, Strategy, Simulation"
2695150,Hearts of Iron IV: Trial of Allegiance,unclear,established game with no times on HowLongToBeat,2024-03-07,0,2287,False,"Strategy, World War II, Grand Strategy, War, Historical"
1209460,Euro Truck Simulator 2 - Iberia,unclear,established game with no times on HowLongToBeat,2021-04-08,0,2283,True,"Simulation, Indie, Open World, Driving, Realistic"
1158100,Expansion - Hearts of Iron IV: La Résistance,unclear,established game with no times on HowLongToBeat,2020-02-25,0,2216,False,"Strategy, Simulation, World War II, Alternate History, Grand Strategy"
1227700,Arma 3 Creator DLC: S.O.G. Prairie Fire,unclear,established game with no times on HowLongToBeat,2021-05-06,0,2153,False,"Simulation, Action, Strategy, Violent, Multiplayer"
2700340,X4: Timelines,unclear,established game with no times on HowLongToBeat,2024-06-20,0,2153,False,"Sandbox, Space Sim, Economy, Trading, Space"
2671070,Crusader Kings III: Roads to Power,unclear,established game with no times on HowLongToBeat,2024-09-24,0,2052,False,"Strategy, RPG, Simulation, Medieval"
558244,Euro Truck Simulator 2 - Italia,unclear,established game with no times on HowLongToBeat,2017-12-05,0,1959,True,"Simulation, Indie, Driving, Open World, Realistic"
700280,Dead by Daylight - Leatherface,unclear,established game with no times on HowLongToBeat,2017-09-14,0,1947,False,"Action, Gore, Violent, Horror"
2183930,Expansion - Hearts of Iron IV: Arms Against Tyranny,unclear,established game with no times on HowLongToBeat,2023-10-10,0,1943,False,"Strategy, Simulation, World War II, War, Historical"
617870,Total War: WARHAMMER II - Rise of the Tomb Kings,unclear,established game with no times on HowLongToBeat,2018-01-23,0,1934,False,"Strategy, Action, RTS, Fantasy, Turn-Based"
531130,Euro Truck Simulator 2 - Vive la France !,unclear,established game with no times on HowLongToBeat,2016-12-05,0,1928,True,"Simulation, Driving, Indie, Open World, Realistic"
700282,Dead by Daylight - A Nightmare on Elm Street,unclear,established game with no times on HowLongToBeat,2017-10-26,0,1880,False,"Action, Gore, Violent, Horror, Multiplayer"
581450,Call of Duty: Black Ops III - Zombies Chronicles,unclear,established game with no times on HowLongToBeat,2017-06-15,0,1866,False,"Zombies, FPS, Action, Shooter, Co-op"
433090,XCOM 2: Alien Hunters,unclear,established game with no times on HowLongToBeat,2016-05-12,0,1804,True,"Strategy, Turn-Based"
304214,Euro Truck Simulator 2 - High Power Cargo Pack,unclear,established game with no times on HowLongToBeat,2014-08-14,0,1774,False,"Simulation, Indie, Driving, Multiplayer, Singleplayer"
3152780,Expansion - Hearts of Iron IV: Götterdämmerung,unclear,established game with no times on HowLongToBeat,2024-11-14,0,1763,False,"Strategy, World War II, Grand Strategy, War, Historical"
2004210,Euro Truck Simulator 2 - West Balkans,unclear,established game with no times on HowLongToBeat,2023-10-19,0,1762,False,"Simulation, Indie, Driving, Open World, Multiplayer"
1021790,Arma 3 Contact,unclear,established game with no times on HowLongToBeat,2019-07-25,0,1716,False,"Simulation, Strategy, Action, Military, Aliens"
2091330,The Long Dark: Tales from the Far Territory,unclear,established game with no times on HowLongToBeat,2022-12-05,0,1677,True,"Adventure, Indie, Simulation, Strategy, Survival"
2671060,Crusader Kings III: Legends of the Dead,unclear,established game with no times on HowLongToBeat,2024-03-04,0,1641,False,"RPG, Strategy, Simulation"
461244,Euro Truck Simulator 2 - Mighty Griffin Tuning Pack,unclear,established game with no times on HowLongToBeat,2016-06-28,0,1639,False,"Simulation, Indie, Open World, Multiplayer, Driving"
1089270,Dead by Daylight: Ghost Face,unclear,established game with no times on HowLongToBeat,2019-06-18,0,1638,False,"Action, Gore, Violent, Horror, Multiplayer"
1284820,Desktop Kanojo,unclear,established game with no times on HowLongToBeat,2020-04-23,0,1635,True,"Anime, Sexual Content, Software, Casual, Simulation"
2114760,Crusader Kings III: Friends & Foes,unclear,established game with no times on HowLongToBeat,2022-09-08,0,1624,False,"Strategy, RPG, Simulation"
630940,theHunter: Call of the Wild - ATV SABER 4X4,unclear,established game with no times on HowLongToBeat,2017-06-15,0,1609,False,"Adventure, Simulation, Sports, Hunting, Multiplayer"
1154760,Total War: THREE KINGDOMS - Mandate of Heaven,unclear,established game with no times on HowLongToBeat,2020-01-16,0,1591,False,"Strategy, Action, Violent, Historical"
1634040,Dead by Daylight - Resident Evil Chapter,unclear,established game with no times on HowLongToBeat,2021-06-15,0,1571,False,"Action, Gore, Violent, Zombies, Multiplayer"
1102310,Total War: THREE KINGDOMS - Eight Princes,unclear,established game with no times on HowLongToBeat,2019-08-08,0,1566,False,"Strategy, Action, Violent, Historical"
2095000,The Long Dark: WINTERMUTE,unclear,established game with no times on HowLongToBeat,2022-12-05,0,1556,False,"Simulation, Indie, Strategy, Adventure, Survival"
1522090,Stellaris: Nemesis,unclear,established game with no times on HowLongToBeat,2021-04-15,0,1546,False,"Strategy, Simulation, 4X, Grand Strategy, RTS"
716670,Stellaris: Apocalypse,unclear,established game with no times on HowLongToBeat,2018-02-22,0,1488,False,"Strategy, Simulation, 4X, Space, Grand Strategy"
750381,Dead by Daylight - the Saw Chapter,unclear,established game with no times on HowLongToBeat,2018-01-23,0,1486,False,"Action, Gore, Violent, Horror, Multiplayer"
1209120,Total War: WARHAMMER II - The Warden & The Paunch,unclear,established game with no times on HowLongToBeat,2020-05-21,0,1474,False,"Strategy, Action, Violent, Fantasy, RTS"
642280,Grim Dawn - Ashes of Malmouth Expansion,unclear,established game with no times on HowLongToBeat,2017-10-11,0,1447,False,"RPG, Action, Hack and Slash, Adventure, Indie"
1546670,theHunter: Call of the Wild - Bloodhound,unclear,established game with no times on HowLongToBeat,2021-03-30,0,1442,False,"Simulation, Adventure, Sports, Dogs, Hunting"
2311920,Crusader Kings III: Tours & Tournaments,unclear,established game with no times on HowLongToBeat,2023-05-11,0,1431,False,"RPG, Strategy, Simulation, Medieval"
1074320,Total War: WARHAMMER II - The Hunter & The Beast,unclear,established game with no times on HowLongToBeat,2019-09-11,0,1426,False,"Strategy, Action, Violent"
712640,Don't Starve: Hamlet,unclear,established game with no times on HowLongToBeat,2018-11-08,0,1422,False,"Adventure, Indie, Simulation, Survival, Singleplayer"
835670,Total War: WARHAMMER II - Curse of the Vampire Coast,unclear,established game with no times on HowLongToBeat,2018-11-08,0,1384,False,"Strategy, Action, Violent, Vampires, Pirates"
468410,PAYDAY 2: Sydney Character Pack,unclear,established game with no times on HowLongToBeat,2016-05-12,0,1380,False,"Action, RPG, FPS, Co-op, Multiplayer"
1324970,Dead By Daylight - Silent Hill Chapter,unclear,established game with no times on HowLongToBeat,2020-06-16,0,1379,False,"Action, Gore, Violent, Horror, Multiplayer"
2612950,Warm Snow - The End Of Karma,unclear,established game with no times on HowLongToBeat,2023-12-05,0,1349,False,"Action, RPG, Indie, Adventure"
2604420,Euro Truck Simulator 2 - Greece,unclear,established game with no times on HowLongToBeat,2024-12-04,0,1294,True,"Simulation, Indie, Driving, Multiplayer, Open World"
259800,Total War: ROME II - Blood & Gore,unclear,established game with no times on HowLongToBeat,2013-10-31,0,1237,False,"Strategy, Gore, Rome, Realistic, Historical"
1889490,Stellaris: Overlord,unclear,established game with no times on HowLongToBeat,2022-05-12,0,1232,False,"Strategy, Simulation, Sci-fi, Grand Strategy, 4X"
1542360,Stormworks: Search and Destroy,unclear,established game with no times on HowLongToBeat,2021-10-05,0,1226,False,"Simulation, Strategy, War, Action, Sandbox"
2325832,Total War: WARHAMMER III – Elspeth – Thrones of Decay,unclear,established game with no times on HowLongToBeat,2024-04-30,0,1214,False,"Strategy, Turn-Based Strategy, Grand Strategy, Action, RTS"
348090,PAYDAY 2: The OVERKILL Pack,unclear,established game with no times on HowLongToBeat,2015-03-06,0,1204,False,"Action, RPG, Heist, FPS, Co-op"
1452490,Oxygen Not Included - Spaced Out!,unclear,established game with no times on HowLongToBeat,2021-12-16,0,1204,False,"Simulation, Indie, Colony Sim, Base Building, Survival"
1977570,A Dance of Fire and Ice - Neo Cosmos,unclear,established game with no times on HowLongToBeat,2022-05-30,0,1181,False,"Indie, Rhythm, Music, 2D, Difficult"
965220,Total War: WARHAMMER II - The Prophet & The Warlock,unclear,established game with no times on HowLongToBeat,2019-04-17,0,1175,False,"Strategy, Action, Violent, Fantasy, Dinosaurs"
758420,PAYDAY 2: h3h3 Character Pack,unclear,established game with no times on HowLongToBeat,2017-11-22,0,1158,False,"Psychological Horror, Villain Protagonist, Horror, Hentai, Action"
3085820,BlazBlue Entropy Effect - Rachel Character Pack,unclear,established game with no times on HowLongToBeat,2024-07-25,0,1156,False,"Indie, Action, Adventure"
944290,Stellaris: MegaCorp,unclear,established game with no times on HowLongToBeat,2018-12-06,0,1149,False,"Strategy, Simulation, 4X, Sci-fi, Space"
2411231,Victoria 3: Sphere of Influence,unclear,established game with no times on HowLongToBeat,2024-06-24,0,1144,False,"Strategy, Simulation"
534331,Total War: WARHAMMER - Realm of The Wood Elves,unclear,established game with no times on HowLongToBeat,2016-12-08,0,1128,False,"Strategy, Action, Violent, Fantasy, Elves"
404010,Total War: WARHAMMER - Chaos Warriors,unclear,established game with no times on HowLongToBeat,2016-05-24,0,1102,False,"Strategy, Action, Fantasy, War, Turn-Based Strategy"
2081050,GGST Additional Character 6 - Bridget,unclear,established game with no times on HowLongToBeat,2022-08-08,0,1102,False,"Cute, Action, LGBTQ+, Female Protagonist, Fighting"
2515990,Dead by Daylight - Alien Chapter Pack,unclear,established game with no times on HowLongToBeat,2023-08-29,0,1102,False,"Action, Gore, Violent, Multiplayer, Survival Horror"
2447590,Call to Arms - Gates of Hell: Liberation,unclear,established game with no times on HowLongToBeat,2023-11-29,0,1096,True,"Action, Strategy, World War II, Online Co-Op, Singleplayer"
1303183,Crusader Kings III: Northern Lords,unclear,established game with no times on HowLongToBeat,2021-03-16,0,1095,True,"RPG, Strategy, Simulation, Vikings"
897670,Grim Dawn - Forgotten Gods Expansion,unclear,established game with no times on HowLongToBeat,2019-03-27,0,1086,False,"RPG, Adventure, Indie, Action, Hack and Slash"
2805520,Age of Empires II: DE - Chronicles: Battle for Greece,unclear,established game with no times on HowLongToBeat,2024-11-14,0,1086,False,"Strategy, RTS, Historical, Story Rich"
1209110,Total War: THREE KINGDOMS - A World Betrayed,unclear,established game with no times on HowLongToBeat,2020-03-19,0,1076,False,"Strategy, Action, Violent, Historical"
2534090,Stellaris: Astral Planes,unclear,established game with no times on HowLongToBeat,2023-11-16,0,1075,False,"Space, Strategy, Grand Strategy, Sci-fi, Simulation"
2891710,Total War: WARHAMMER III - Malakai – Thrones of Decay,unclear,established game with no times on HowLongToBeat,2024-04-30,0,1064,False,"Strategy, Action, Dwarves, Short"
259381,PAYDAY 2: Gage Mod Courier,unclear,established game with no times on HowLongToBeat,2014-04-10,0,1037,False,"Action, RPG, FPS, Shooter, Co-op"
2282100,Victoria 3: Voice of the People,unclear,established game with no times on HowLongToBeat,2023-05-22,0,1016,False,"Strategy, Simulation, Historical"
684630,American Truck Simulator - New Mexico,unclear,established game with no times on HowLongToBeat,2017-11-09,0,994,False,"Simulation, Indie, Open World, Driving, Multiplayer"
1343500,Warhammer: Vermintide 2 - Grail Knight Career,unclear,established game with no times on HowLongToBeat,2020-06-23,0,990,False,"Indie, Action, Gore, Violent"
411950,DCS: F/A-18C Hornet,unclear,established game with no times on HowLongToBeat,2018-06-01,0,989,False,"Simulation, Military, VR, Flight, Realistic"
2656010,Dead by Daylight - Chucky Chapter,unclear,established game with no times on HowLongToBeat,2023-11-28,0,986,False,"Action, Gore, Violent, Horror"
1140001,Stellaris: Federations,unclear,established game with no times on HowLongToBeat,2020-03-17,0,971,False,"Strategy, Simulation, Space, Sci-fi, Grand Strategy"
2111850,Gunfire Reborn - Visitors of Spirit Realm,unclear,established game with no times on HowLongToBeat,2022-08-29,0,965,True,"Action, Indie, Adventure, RPG, FPS"
1681170,Arma 3 Creator DLC: Western Sahara,unclear,established game with no times on HowLongToBeat,2021-11-18,0,950,False,"Simulation, Action, Strategy, Violent, Military"
1315750,Total War: WARHAMMER II - The Twisted & The Twilight,unclear,established game with no times on HowLongToBeat,2020-12-03,0,949,False,"Strategy, Action, Violent, Fantasy, Elves"
343464,Total War: ATTILA - Age of Charlemagne Campaign Pack,unclear,established game with no times on HowLongToBeat,2015-12-10,0,942,False,"Strategy, Historical, Turn-Based Strategy, Medieval, War"
515191,Cities: Skylines - Natural Disasters,unclear,established game with no times on HowLongToBeat,2016-11-29,0,936,False,"Simulation, Strategy, Destruction, City Builder, Singleplayer"
2380030,Stellaris: Galactic Paragons,unclear,established game with no times on HowLongToBeat,2023-05-09,0,933,False,"Strategy, Simulation, Space, Grand Strategy, RTS"
547502,Cities: Skylines - Mass Transit,unclear,established game with no times on HowLongToBeat,2017-05-18,0,913,False,"Simulation, Strategy, City Builder, Sandbox, Transportation"
2102730,Dead by Daylight - Resident Evil: PROJECT W Chapter,unclear,established game with no times on HowLongToBeat,2022-08-30,0,906,False,"Action, Gore, Violent, Horror, Sexual Content"
3142540,The Planet Crafter - Planet Humble,unclear,established game with no times on HowLongToBeat,2024-10-09,0,898,False,"Adventure, Survival, Open World Survival Craft, Multiplayer, Base Building"
800370,American Truck Simulator - Oregon,unclear,established game with no times on HowLongToBeat,2018-10-04,0,897,False,"Simulation, Indie, Automobile Sim, Driving, Open World"
1294440,Arma 3 Creator DLC: CSLA Iron Curtain,unclear,established game with no times on HowLongToBeat,2021-06-16,0,896,False,"Action, Simulation, Strategy, Violent, Cold War"
441600,PAYDAY 2: Wolf Pack,unclear,established game with no times on HowLongToBeat,2016-02-11,0,892,False,"Action, RPG, FPS, Heist, Multiplayer"
3062990,Living With Sister: Monochrome Fantasy - Expansion DLC,unclear,established game with no times on HowLongToBeat,2024-12-19,0,890,False,"Sexual Content, Hentai, Indie, Nudity, Cute"
2891700,Total War: WARHAMMER III – Tamurkhan – Thrones of Decay,unclear,established game with no times on HowLongToBeat,2024-04-30,0,864,False,"Strategy, Action"
332350,Arma 3 Marksmen,unclear,established game with no times on HowLongToBeat,2015-04-08,0,857,False,"Simulation, Action, Strategy, Multiplayer, Military"
2383250,Stormworks: Space,unclear,established game with no times on HowLongToBeat,2023-10-12,0,853,False,"Simulation, Space, Sandbox, Building, Open World"
1175380,Arma 3 Creator DLC: Spearhead 1944,unclear,established game with no times on HowLongToBeat,2023-07-25,0,847,False,"Action, Simulation, Strategy, Violent, First-Person"
433080,XCOM 2: Anarchy's Children,unclear,established game with no times on HowLongToBeat,2016-03-17,0,844,False,Strategy
259380,PAYDAY 2: Gage Sniper Pack,unclear,established game with no times on HowLongToBeat,2014-05-08,0,841,False,"Action, RPG, Sniper, FPS, Heist"
331900,PAYDAY 2: Gage Historical Pack,unclear,established game with no times on HowLongToBeat,2014-11-13,0,840,False,"Action, RPG, FPS, Co-op, Stealth"
2840100,Stellaris: The Machine Age,unclear,established game with no times on HowLongToBeat,2024-05-07,0,840,False,"Space, Strategy, Grand Strategy, Sci-fi, Simulation"
1556110,Total War: WARHAMMER II - The Silence & The Fury,unclear,established game with no times on HowLongToBeat,2021-07-14,0,838,False,"Strategy, Action, Violent"
455040,Total War: WARHAMMER - Norsca,unclear,established game with no times on HowLongToBeat,2017-08-10,0,837,False,"Strategy, Action, Violent, Fantasy, Dark Fantasy"
388475,Euro Truck Simulator 2 - Wheel Tuning Pack,unclear,established game with no times on HowLongToBeat,2016-04-13,0,835,False,"Simulation, Indie, Singleplayer, Multiplayer, Driving"
681390,ZomDay,unclear,established game with no times on HowLongToBeat,2020-03-27,0,833,True,"Zombies, VR, Violent, Gore, Action"
420610,Cities: Skylines - Snowfall,unclear,established game with no times on HowLongToBeat,2016-02-18,0,832,False,"Simulation, Strategy, City Builder, Open World, Singleplayer"
2574900,Total War: WARHAMMER III - Gorbad – Omens of Destruction,unclear,established game with no times on HowLongToBeat,2024-12-12,0,832,False,"Strategy, Action"
1299530,Euro Truck Simulator 2 - FH Tuning Pack,unclear,established game with no times on HowLongToBeat,2020-06-02,0,829,False,"Simulation, Indie, Multiplayer, Singleplayer"
1316840,theHunter: Call of the Wild - Silver Ridge Peaks,unclear,established game with no times on HowLongToBeat,2020-06-23,0,828,False,"Simulation, Sports, Adventure, Hunting"
2469400,Dead by Daylight - Nicolas Cage Chapter Pack,unclear,established game with no times on HowLongToBeat,2023-07-25,0,827,False,"Action, Violent, Gore, Survival Horror, Horror"
1303184,Crusader Kings III: Fate of Iberia,unclear,established game with no times on HowLongToBeat,2022-05-31,0,820,False,"RPG, Strategy, Simulation"
461249,Euro Truck Simulator 2 - XF Tuning Pack,unclear,established game with no times on HowLongToBeat,2017-08-18,0,815,False,"Simulation, Indie, Multiplayer, Driving, Open World"
1009821,Dead by Daylight - Ash vs Evil Dead,unclear,established game with no times on HowLongToBeat,2019-04-02,0,814,False,"Action, Gore, Violent, Horror"
942290,House Flipper - Garden DLC,unclear,established game with no times on HowLongToBeat,2019-05-16,0,807,False,"Simulation, Casual, Indie, Singleplayer, Building"
620610,American Truck Simulator - Heavy Cargo Pack,unclear,established game with no times on HowLongToBeat,2017-06-07,0,805,False,"Simulation, Indie, Driving, Open World, Multiplayer"
853360,Total War: THREE KINGDOMS - Yellow Turban Rebellion,unclear,established game with no times on HowLongToBeat,2019-05-23,0,799,False,"Strategy, Action, Violent, Historical"
204371,Castle Crashers - Pink Knight Pack,unclear,established game with no times on HowLongToBeat,2012-09-26,0,792,False,"Action, Indie, Casual, RPG, Adventure"
1824060,Total War: Warhammer III - Champions of Chaos,unclear,established game with no times on HowLongToBeat,2022-08-23,0,792,False,"Strategy, Action, Violent"
2661270,Dead by Daylight - All Things Wicked Chapter,unclear,established game with no times on HowLongToBeat,2024-03-12,0,792,False,"Action, Violent, Gore, Horror"
694880,Total War: ROME II - Empire Divided Campaign Pack,unclear,established game with no times on HowLongToBeat,2017-11-30,0,789,False,"Strategy, Historical, War, Turn-Based Strategy, Rome"
1090850,DCS: F-16C Viper,unclear,established game with no times on HowLongToBeat,2019-10-03,0,782,False,"Simulation, Realistic, Military, VR, Flight"
411893,DCS: F-14A/B Tomcat,unclear,established game with no times on HowLongToBeat,2019-03-13,0,781,False,"Simulation, Realistic, Flight, VR, Military"
204372,Castle Crashers - Blacksmith Pack,unclear,established game with no times on HowLongToBeat,2012-09-26,0,780,False,"Adventure, Indie, RPG, Action, Casual"
384021,PAYDAY 2: Gage Ninja Pack,unclear,established game with no times on HowLongToBeat,2015-07-16,0,780,False,"Action, RPG, Ninja, FPS, Co-op"
601670,Arma 3 Jets,unclear,established game with no times on HowLongToBeat,2017-05-16,0,779,False,"Simulation, Action, Strategy, Flight, Violent"
512034,Sid Meier's Civilization VI: Australia Civilization & Scenario Pack,unclear,established game with no times on HowLongToBeat,2017-02-24,0,777,False,Strategy
1158180,Total War: WARHAMMER II - The Shadow & The Blade,unclear,established game with no times on HowLongToBeat,2019-12-12,0,777,False,"Strategy, Action, Violent, Elves, Fantasy"
2507010,Forza Horizon 5 Italian Exotics Car Pack,unclear,established game with no times on HowLongToBeat,2023-08-15,0,777,False,"Racing, Action, Sports, Adventure, Simulation"
1770480,VTOL VR: AH-94 Attack Helicopter,unclear,established game with no times on HowLongToBeat,2022-01-06,0,760,False,"Indie, Simulation, Action, VR, Flight"
2958440,Dead by Daylight - Dungeons & Dragons,unclear,established game with no times on HowLongToBeat,2024-06-03,0,759,False,"Action, Violent, Gore"
3024580,Dead by Daylight - Tomb Raider Chapter,unclear,established game with no times on HowLongToBeat,2024-07-16,0,758,False,"Action, Gore, Violent, Horror"
715194,Cities: Skylines - Industries,unclear,established game with no times on HowLongToBeat,2018-10-23,0,756,False,"Simulation, Strategy, City Builder, Singleplayer, Management"
3130750,Total War: WARHAMMER III - Skulltaker – Omens of Destruction,unclear,established game with no times on HowLongToBeat,2024-12-12,0,753,False,"Action, Strategy"
3261720,Dead by Daylight - Doomed Course,unclear,established game with no times on HowLongToBeat,2024-11-28,0,747,False,"Horror, Multiplayer, Survival Horror, Online Co-Op, Co-op"
695680,theHunter: Call of the Wild - Medved-Taiga,unclear,established game with no times on HowLongToBeat,2017-10-17,0,743,False,"Simulation, Adventure, Sports, Hunting, Multiplayer"
1776430,theHunter: Call of the Wild - Mississippi Acres Preserve,unclear,established game with no times on HowLongToBeat,2021-12-07,0,741,False,"Adventure, Sports, Simulation, Hunting"
2593750,Muse Dash - Muse Plus,unclear,established game with no times on HowLongToBeat,2023-10-04,0,731,False,"Casual, Indie, Action, Sexual Content, Rhythm"
1093700,theHunter: Call of the Wild - Yukon Valley,unclear,established game with no times on HowLongToBeat,2019-06-25,0,726,False,"Adventure, Sports, Simulation, Hunting"
1209471,American Truck Simulator - Colorado,unclear,established game with no times on HowLongToBeat,2020-11-12,0,724,False,"Simulation, Indie, Driving, Open World, Realistic"
2904660,Call to Arms - Gates of Hell: Airborne,unclear,established game with no times on HowLongToBeat,2024-10-17,0,722,True,"Strategy, World War II, Real Time Tactics, RTS, War"
2055220,Desktop Girlfriend,unclear,established game with no times on HowLongToBeat,2022-08-23,0,719,True,"Sexual Content, Nudity, Hentai, Character Customization, Dating Sim"
779880,Total War: WARHAMMER II - The Queen & The Crone,unclear,established game with no times on HowLongToBeat,2018-05-31,0,717,False,"Strategy, Action, Elves, Fantasy"
1015160,American Truck Simulator - Washington,unclear,established game with no times on HowLongToBeat,2019-06-11,0,714,False,"Simulation, Indie, Automobile Sim, Open World, Driving"
1299591,Total War: THREE KINGDOMS - The Furious Wild,unclear,established game with no times on HowLongToBeat,2020-09-03,0,714,False,"Strategy, Action, Violent"
3368630,Kingdom Rush 5: Alliance TD - Colossal Dwarfare Campaign,unclear,established game with no times on HowLongToBeat,2025-01-30,0,712,True,"Strategy, Tower Defense, Indie, 2D, Cartoon"
1465750,American Truck Simulator - Texas,unclear,established game with no times on HowLongToBeat,2022-11-15,0,708,False,"Simulation, Indie, Driving, Open World, Automobile Sim"
267380,PAYDAY 2: Gage Weapon Pack #01,unclear,established game with no times on HowLongToBeat,2013-12-05,0,683,False,"Action, RPG, FPS, Co-op, Heist"
404013,Total War: WARHAMMER - The Grim and the Grave,unclear,established game with no times on HowLongToBeat,2016-09-01,0,681,False,"Strategy, Action, Fantasy, Turn-Based, Turn-Based Strategy"
1749080,Stellaris: Aquatics Species Pack,unclear,established game with no times on HowLongToBeat,2021-11-22,0,680,False,"Strategy, Simulation, Space, 4X, Sci-fi"
369150,Cities: Skylines - After Dark,unclear,established game with no times on HowLongToBeat,2015-09-24,0,676,False,"Simulation, Strategy, City Builder, Singleplayer, Sandbox"
283740,Kerbal Space Program: Making History Expansion,unclear,established game with no times on HowLongToBeat,2018-03-13,0,674,False,"Simulation, Indie, Space, Sandbox, Space Sim"
850010,Total War: ROME II - Rise of the Republic Campaign Pack,unclear,established game with no times on HowLongToBeat,2018-08-09,0,668,False,"Strategy, Rome, Historical, War, Singleplayer"
2863060,Stellaris: Cosmic Storms,unclear,established game with no times on HowLongToBeat,2024-09-10,0,659,False,"Space, Strategy, Grand Strategy, Sci-fi, Simulation"
1443780,Warhammer: Vermintide 2 - Outcast Engineer Career,unclear,established game with no times on HowLongToBeat,2020-11-19,0,653,False,"Indie, Action, Dwarves, Gore, Violent"
3103150,Dead by Daylight - Castlevania Chapter,unclear,established game with no times on HowLongToBeat,2024-08-27,0,649,False,"Action, Gore, Violent, Vampires, Horror"
2934390,Deep Rock Galactic - Order of the Deep Pack,unclear,established game with no times on HowLongToBeat,2024-06-13,0,638,False,"Action, Dwarves, Co-op, Shooter"
3469800,Company of Heroes 3: Fire & Steel,unclear,established game with no times on HowLongToBeat,2025-02-25,0,634,False,"Strategy, Wargame, RTS, Action RTS, Real Time Tactics"
1235721,The Sims 4 Cats & Dogs,unclear,established game with no times on HowLongToBeat,2020-06-18,0,631,True,"Simulation, Casual, Dogs, Cats, Character Customization"
1629000,Warhammer: Vermintide 2 - Sister of the Thorn,unclear,established game with no times on HowLongToBeat,2021-06-03,0,626,False,"Indie, Action, Gore, Violent, Elves"
1911520,Call to Arms - Gates of Hell: Talvisota,unclear,established game with no times on HowLongToBeat,2022-06-08,0,623,True,"Strategy, Simulation, Action, RTS, Wargame"
1493250,Total War: THREE KINGDOMS - Fates Divided,unclear,established game with no times on HowLongToBeat,2021-03-11,0,622,False,"Strategy, Action, Violent"
1726380,Cities: Skylines - Airports,unclear,established game with no times on HowLongToBeat,2022-01-25,0,621,False,"Simulation, Strategy, Management, City Builder, Flight"
2223240,Sword and Fairy 7 - Dreamlike World Expansion,unclear,established game with no times on HowLongToBeat,2023-02-14,0,621,False,"RPG, Action, Adventure"
2399750,Dead by Daylight - End Transmission Chapter,unclear,established game with no times on HowLongToBeat,2023-06-13,0,619,False,"Action, Violent, Gore"
275590,PAYDAY 2: Gage Weapon Pack #02,unclear,established game with no times on HowLongToBeat,2014-01-30,0,618,False,"Action, RPG, FPS, Online Co-Op, Co-op"
1843410,theHunter: Call of the Wild - Modern Rifle Pack,unclear,established game with no times on HowLongToBeat,2022-02-22,0,615,False,"Sports, Simulation, Adventure"
518910,Stellaris: Leviathans Story Pack,unclear,established game with no times on HowLongToBeat,2016-10-20,0,612,False,"Strategy, Simulation, 4X, Space, Sci-fi"
1899750,Dead by Daylight - Sadako Rising Chapter,unclear,established game with no times on HowLongToBeat,2022-03-08,0,612,False,"Action, Violent, Gore, Cute, Horror"
2615920,Trepang2 - Bladekisser DLC,unclear,established game with no times on HowLongToBeat,2024-07-25,0,610,False,"Action, Indie, Gore, Violent, FPS"
327280,Total War: ROME II - Wrath of Sparta Campaign Pack,unclear,established game with no times on HowLongToBeat,2014-12-16,0,608,False,"Strategy, Historical, RTS, Turn-Based Strategy, Rome"
3450550,PAYDAY 3: Jacket Character Pack,unclear,established game with no times on HowLongToBeat,2025-02-03,0,606,False,"Heist, Co-op, Action, Crime, Multiplayer"
2661250,Dead by Daylight - Alan Wake Chapter,unclear,established game with no times on HowLongToBeat,2024-01-30,0,604,False,"Action, Gore, Violent, Horror"
1829590,HITMAN 3 Access Pass: HITMAN 2 Expansion,unclear,established game with no times on HowLongToBeat,2022-01-20,0,603,False,"Action, Adventure, Violent, Gore, Stealth"
1209470,American Truck Simulator - Idaho,unclear,established game with no times on HowLongToBeat,2020-07-16,0,598,False,"Simulation, Indie, Singleplayer, Open World, Driving"
311050,PAYDAY 2: Gage Shotgun Pack,unclear,established game with no times on HowLongToBeat,2014-07-03,0,591,False,"Action, RPG, FPS, Shooter, Multiplayer"
2562820,Like a Dragon: Infinite Wealth - Master Vacation Bundle,unclear,established game with no times on HowLongToBeat,2024-01-25,0,589,False,"Action, Adventure, RPG, Gore, Violent"
404014,Total War: WARHAMMER - The King and the Warlord,unclear,established game with no times on HowLongToBeat,2016-10-20,0,587,False,"Strategy, Action, Dwarves, Fantasy"
702540,Darkest Dungeon: The Shieldbreaker,unclear,established game with no times on HowLongToBeat,2017-10-26,0,582,False,"RPG, Indie, Strategy, Linear, Conspiracy"
2792150,"Warhammer 40,000: Space Marine 2 - Ultramarines Cosmetic Pack",unclear,established game with no times on HowLongToBeat,2024-10-03,0,577,False,"Action, RPG, Adventure, Gore, Violent"
1782450,Warhammer: Vermintide 2 - Warrior Priest Career,unclear,established game with no times on HowLongToBeat,2021-12-10,0,572,False,"Indie, Action, Violent, Gore"
2223660,Europa Universalis IV: Domination,unclear,established game with no times on HowLongToBeat,2023-04-18,0,561,False,"Strategy, Simulation, Grand Strategy, Historical, Alternate History"
622450,theHunter: Call of the Wild - Tents & Ground Blinds,unclear,established game with no times on HowLongToBeat,2017-04-27,0,558,False,"Adventure, Simulation, Sports, Hunting"
2366470,Golf With Your Friends - Corrupted Forest Course,unclear,established game with no times on HowLongToBeat,2023-05-18,0,554,False,"Indie, Casual, Sports"
844810,Stellaris: Distant Stars Story Pack,unclear,established game with no times on HowLongToBeat,2018-05-22,0,550,False,"Strategy, Space, Sci-fi, 4X, Simulation"
1341520,Stellaris: Necroids Species Pack,unclear,established game with no times on HowLongToBeat,2020-10-29,0,548,False,"Strategy, Simulation, 4X, Sci-fi, Space"
1056761,Euro Truck Simulator 2 - Actros Tuning Pack,unclear,established game with no times on HowLongToBeat,2019-09-04,0,546,False,"Simulation, Indie, Driving, Singleplayer, Multiplayer"
1146930,Cities: Skylines - Sunset Harbor,unclear,established game with no times on HowLongToBeat,2020-03-26,0,545,False,"Simulation, Strategy, City Builder, Management"
612900,PAYDAY 2: Gage Russian Weapon Pack,unclear,established game with no times on HowLongToBeat,2017-03-23,0,543,False,"Action, RPG, FPS, Violent, Shooter"
1184411,PAYDAY 2: Border Crossing Heist,unclear,established game with no times on HowLongToBeat,2019-11-07,0,537,False,"Action, RPG, Gore, Violent, Multiplayer"
2313541,Crusader Kings III: Wards & Wardens,unclear,established game with no times on HowLongToBeat,2023-08-22,0,537,False,"RPG, Strategy, Simulation"
1235733,The Sims 4 Seasons,unclear,established game with no times on HowLongToBeat,2020-06-18,0,535,True,"Simulation, Character Customization, Singleplayer, Funny, Atmospheric"
1104880,American Truck Simulator - Utah,unclear,established game with no times on HowLongToBeat,2019-11-07,0,521,False,"Simulation, Indie, Automobile Sim, Driving, Open World"
2124750,Stormworks: Industrial Frontier,unclear,established game with no times on HowLongToBeat,2022-10-13,0,521,False,"Simulation, Open World, Sandbox"
1648532,Icarus: New Frontiers,unclear,established game with no times on HowLongToBeat,2023-08-24,0,519,False,"Action, Adventure, Simulation, Survival, Crafting"
498870,Stellaris: Plantoids Species Pack,unclear,established game with no times on HowLongToBeat,2016-08-04,0,516,False,"Strategy, Simulation, Sci-fi"
512035,Sid Meier's Civilization VI: Persia and Macedon Civilization & Scenario Pack,unclear,established game with no times on HowLongToBeat,2017-03-28,0,516,False,"Strategy, 4X"
1017030,Dark Deception Chapter 2,unclear,established game with no times on HowLongToBeat,2019-01-22,0,515,False,"Adventure, Indie, Action, RPG, Horror"
2383430,theHunter: Call of the Wild - Emerald Coast Australia,unclear,established game with no times on HowLongToBeat,2023-06-20,0,515,False,"Simulation, Sports, Adventure, Hunting, Relaxing"
1756130,Immersion Pack - Europa Universalis IV: Origins,unclear,established game with no times on HowLongToBeat,2021-11-11,0,513,False,"Strategy, Simulation, Grand Strategy"
2104240,DREDGE - Blackstone Key,unclear,established game with no times on HowLongToBeat,2023-03-30,0,507,False,"Adventure, RPG, Fishing, Lovecraftian"
827240,Expansion - Europa Universalis IV: Dharma,unclear,established game with no times on HowLongToBeat,2018-09-06,0,506,False,"Simulation, Strategy"
1045980,Stellaris: Ancient Relics Story Pack,unclear,established game with no times on HowLongToBeat,2019-06-04,0,503,False,"Strategy, Simulation, Space, Sci-fi, 4X"
2160330,Hunt: Showdown – Frau Perchta,unclear,established game with no times on HowLongToBeat,2022-12-13,0,502,False,"Action, Gore, Violent"
2277860,Stellaris: First Contact Story Pack,unclear,established game with no times on HowLongToBeat,2023-03-14,0,501,False,"Strategy, Simulation, Space, Sci-fi"
